t_h,a,Y,rho,SAM_uM,Put_uM,dYdt_per_h
0.0,3.5,1.9618934292588461,0.8830597894509334,44.49117993350115,126.28868651861896,-3.7007434154171886e-16
8.0,3.49976,1.9618877097041327,0.8830588862921086,44.49119998578264,126.28863898685036,-1.3616800307036936e-06
16.0,3.49952,1.961871705221313,0.8830563590230147,44.49126323420307,126.28846261969909,-2.6363621754257573e-06
24.0,3.49928,1.9618460912551638,0.8830523141781744,44.49136679728927,126.28816484105504,-3.829733272243798e-06
32.0,3.49904,1.961811410101579,0.8830468372053933,44.49150754178652,126.28776243391901,-4.946018239705542e-06
40.0,3.4988,1.961767999643352,0.8830399812193082,44.49168422660586,126.2872591568595,-5.988145195583932e-06
48.0,3.49856,1.9617166058178683,0.8830318637414242,44.49189347897608,126.28666932944198,-6.962321345064002e-06
56.0,3.49832,1.961657376227337,0.8830225077613997,44.4921349535058,126.28599196004254,-7.869908138659806e-06
64.0,3.49808,1.9615912928187613,0.8830120680440161,44.49240483483909,126.28523847971441,-8.719339943107239e-06
72.0,3.49784,1.9615185633181824,0.8830005770501848,44.49270232661205,126.28441067276825,-9.512405945568928e-06
80.0,3.4976,1.9614395728160896,0.8829880952492001,44.493025946402746,126.28351220604624,-1.0252420811306272e-05
88.0,3.49736,1.9613548101085878,0.8829746995006305,44.49337378480719,126.2825487254402,-1.0943580503467195e-05
96.0,3.49712,1.9612646062676609,0.8829604417478455,44.49374430069282,126.2815254345885,-1.1588624751448754e-05
104.0,3.49688,1.9611694141142542,0.8829453931896072,44.49413574039811,126.28044722322417,-1.2191447778632977e-05
112.0,3.49664,1.9610695497461546,0.8829296034298878,44.494546713044215,126.27931864844439,-1.275469947701397e-05
120.0,3.4964,1.9609653001695362,0.8829131174869439,44.49497591421202,126.2781441454081,-1.3280768945800325e-05
128.0,3.49616,1.9608570545652109,0.8828959965568589,44.495421746185094,126.27692848258643,-1.3772966050506424e-05
136.0,3.49592,1.9607449739893956,0.8828782657748232,44.49588353166122,126.27567325104383,-1.4232655520218178e-05
144.0,3.49568,1.9606293432252144,0.8828599698618681,44.49636006479149,126.27438203403328,-1.466224483002216e-05
152.0,3.49544,1.9605103981636265,0.8828411458249487,44.49685038728193,126.27305728024483,-1.5063745436543084e-05
160.0,3.4952,1.960388364835594,0.882821829130645,44.497353614629304,126.27170099532731,-1.5439098781572236e-05
168.0,3.49496,1.9602634297976678,0.8828020490163969,44.4978690003763,126.27031483267729,-1.5789900829661487e-05
176.0,3.49472,1.960135793683291,0.8827818369667194,44.49839569992835,126.26890121959778,-1.6117850237418185e-05
184.0,3.49448,1.9600056189981825,0.8827612184473904,44.49893308549278,126.26746134868563,-1.642434668507516e-05
192.0,3.49424,1.9598730712542676,0.8827402194175371,44.49948046399518,126.26599708435474,-1.6710793239227417e-05
200.0,3.494,1.959738310386469,0.8827188649709821,44.50003713568014,126.26451056669634,-1.697853314373986e-05
208.0,3.49376,1.959601471240607,0.8826971762432617,44.50060254120012,126.26300320402686,-1.722871193751696e-05
216.0,3.49352,1.9594626994958286,0.8826751761035213,44.50117607934436,126.26147654017025,-1.7462568110640816e-05
224.0,3.49328,1.9593221161945125,0.8826528835320491,44.50175722564173,126.25993208269976,-1.7681120598384004e-05
232.0,3.49304,1.9591798340803963,0.8826303162080296,44.50234552524915,126.25837087209776,-1.7885332495723746e-05
240.0,3.4928,1.9590359725131354,0.8826074928749745,44.50294050876065,126.25679388711464,-1.8076228166836862e-05
248.0,3.49256,1.9588906527461893,0.8825844325930821,44.50354166473858,126.25520249596515,-1.8254833649064858e-05
256.0,3.49232,1.9587439283861516,0.8825611437008639,44.50414880238449,126.25359686600459,-1.8421618250312004e-05
264.0,3.49208,1.9585959209194332,0.8825376453217887,44.50476142109297,126.25197824090804,-1.8577614603958335e-05
272.0,3.49184,1.9584467070563656,0.8825139494855058,44.505379201194636,126.25034741781889,-1.8723473797999102e-05
280.0,3.4916,1.9582963563285232,0.8824900670921461,44.506001849051046,126.24870515578037,-1.8859784427711758e-05
288.0,3.49136,1.9581449633072392,0.8824660130308023,44.506628980530074,126.24705234424823,-1.898735265201987e-05
296.0,3.49112,1.957992569057494,0.8824417937002637,44.50726041164222,126.24538953857152,-1.9106522166967288e-05
304.0,3.49088,1.9578392598826857,0.8824174226974286,44.50789578795206,126.2437175866481,-1.921802693579296e-05
312.0,3.49064,1.9576850935041237,0.8823929090872138,44.508534871623205,126.24203705680682,-1.9322357866150924e-05
320.0,3.4904,1.9575301150507012,0.8823682599403081,44.50917747955639,126.24034835840564,-1.9419900153352005e-05
328.0,3.49016,1.9573743809942687,0.8823434841390702,44.50982337944409,126.23865204290824,-1.951113407803246e-05
336.0,3.48992,1.9572179437892794,0.8823185899353554,44.51047235872627,126.23694858552686,-1.959650707512707e-05
344.0,3.48968,1.9570608471385194,0.8822935841961138,44.511124241369316,126.23523836792967,-1.9676392466018895e-05
352.0,3.48944,1.956903133515151,0.8822684735994328,44.511778853564714,126.23352179102739,-1.9751151883687675e-05
360.0,3.4892,1.9567448425422638,0.8822432643762519,44.51243603096971,126.23179925233468,-1.982112177052896e-05
368.0,3.48896,1.9565860094287288,0.882217962060624,44.51309563141577,126.23007106041952,-1.9886602723657844e-05
376.0,3.48872,1.9564266708119,0.8821925724199603,44.513757499791396,126.22833761900256,-1.9947904452048846e-05
384.0,3.48848,1.9562668569342274,0.8821671002082786,44.514421510842816,126.22659922673594,-2.000528384071523e-05
392.0,3.48824,1.9561065982264225,0.8821415502145737,44.515087538839296,126.2248561827663,-2.0058999433978746e-05
400.0,3.488,1.9559459239285493,0.882115927042971,44.51575546406177,126.22310876312845,-2.010930008189107e-05
408.0,3.48776,1.9557848589733349,0.8820902346152789,44.51642518218971,126.22135722605053,-2.0156397095630637e-05
416.0,3.48752,1.955623427549155,0.8820644767386739,44.51709659780965,126.2196017589191,-2.0200497849512696e-05
424.0,3.48728,1.9554616568668988,0.8820386577068516,44.51776959794251,126.21784263478004,-2.0241833159838505e-05
432.0,3.48704,1.9552995662413697,0.8820127805573608,44.51844410406053,126.21608002801739,-2.028056767432636e-05
440.0,3.4868,1.9551371729973712,0.8819868480131766,44.51912004595937,126.21431409207773,-2.0316849190771873e-05
448.0,3.48656,1.9549745014674815,0.8819608639197276,44.5197973239494,126.2125450560648,-2.035088458878725e-05
456.0,3.48632,1.9548115624968045,0.8819348299713228,44.52047589123083,126.2107730460746,-2.0382765321899335e-05
464.0,3.48608,1.954648378063676,0.8819087496436612,44.52115565812419,126.20899826463867,-2.0412678373061945e-05
472.0,3.48584,1.9544849621454288,0.8818826251369725,44.5218365666309,126.20722085048841,-2.044074237151114e-05
480.0,3.4856,1.9543213273530962,0.8818564584353662,44.52251856426337,126.20544093042558,-2.0467064294815707e-05
488.0,3.48536,1.954157491163388,0.8818302523035045,44.52320157897705,126.20365867299923,-2.0491792506762944e-05
496.0,3.48512,1.9539934619063983,0.8818040080454445,44.52388557722793,126.20187414965767,-2.0514998208111103e-05
504.0,3.48488,1.953829252683306,0.8817777277303464,44.524570505161286,126.20008748494334,-2.0536792714650105e-05
512.0,3.48464,1.9536648745753236,0.8817514131062327,44.52525631739342,126.19829878219616,-2.0557270270147062e-05
520.0,3.4844,1.9535003381732676,0.881725065844514,44.52594297052351,126.19650814034338,-2.057652092616386e-05
528.0,3.48416,1.9533356526215204,0.8816986873867305,44.526630427365106,126.19471564169301,-2.0594622569854017e-05
536.0,3.48392,1.9531708270225836,0.8816722791693047,44.527318649998975,126.19292137820086,-2.061165233874846e-05
544.0,3.48368,1.9530058692967058,0.8816458424407504,44.5280076060482,126.19112542290371,-2.062767761975806e-05
552.0,3.48344,1.9528407871938258,0.8816193784236601,44.52869726351763,126.18932785087405,-2.064276420813169e-05
560.0,3.4832,1.95267558808728,0.8815928882815861,44.529387591860996,126.18752873478228,-2.0656974651629535e-05
568.0,3.48296,1.9525102783260073,0.8815663730150405,44.530078564769134,126.18572813715384,-2.0670362818041453e-05
576.0,3.48272,1.9523448647228785,0.8815398337000944,44.530770154543724,126.18392611932921,-2.0682986703660397e-05
584.0,3.48248,1.9521793528800906,0.8815132712196937,44.531462337994505,126.18212273628764,-2.0694893845146163e-05
592.0,3.48224,1.952013748072634,0.8814866864052356,44.532155093570225,126.18031803666551,-2.070612911814207e-05
600.0,3.482,1.9518480559213904,0.8814600801445962,44.53284839832202,126.17851207209573,-2.0716740324638883e-05
608.0,3.48176,1.9516822820661246,0.8814334533296782,44.53354222906926,126.17670489612013,-2.072677535007296e-05
616.0,3.48152,1.9515164290775686,0.8814068063602238,44.53423657525951,126.1748965331055,-2.0736256094722183e-05
624.0,3.48128,1.951350502628994,0.8813801401351068,44.534931413635626,126.17308703622393,-2.0745230732754916e-05
632.0,3.48104,1.9511845063259579,0.8813534552217648,44.5356267293119,126.17127644051217,-2.0753729872800984e-05
640.0,3.4808,1.9510184434398186,0.8813267521345263,44.53632250874363,126.16946477820949,-2.0761781273618645e-05
648.0,3.48056,1.9508523184064475,0.8813000315756309,44.53701873372477,126.16765209118387,-2.0769422592791737e-05
656.0,3.48032,1.9506861331469065,0.8812732938434417,44.537715396369975,126.1658383978458,-2.0776670191686224e-05
664.0,3.48008,1.95051989171327,0.8812465395796636,44.538412480002556,126.16402373696212,-2.0783558444780687e-05
672.0,3.47984,1.9503535966382275,0.8812197691820974,44.53910997427582,126.16220813213937,-2.0790108897605908e-05
680.0,3.4796,1.9501872501964197,0.8811929830074343,44.539807869925426,126.16039160433331,-2.0796340915837622e-05
688.0,3.47936,1.950020855565683,0.8811661815582688,44.540506153894924,126.15857418381913,-2.080228146750857e-05
696.0,3.47912,1.9498544140633722,0.8811393650379659,44.54120482085486,126.15675588259478,-2.0807941808960297e-05
704.0,3.47888,1.94968792856721,0.8811125339016286,44.54190385901109,126.15493672781385,-2.0813346370385233e-05
712.0,3.47864,1.9495214008755415,0.8810856884308476,44.54260326100348,126.15311673656745,-2.0818510445346093e-05
720.0,3.4784,1.9493548326072911,0.8810588288785959,44.54330302020427,126.15129592432514,-2.08234478038342e-05
728.0,3.47816,1.9491882260096436,0.8810319555994863,44.54400312742208,126.14947431222484,-2.0828177532742106e-05
736.0,3.47792,1.9490215820416465,0.8810050687406714,44.54470357874512,126.14765190956707,-2.0832707815264682e-05
744.0,3.47768,1.9488549027415634,0.8809781686236705,44.54540436583388,126.14582873561068,-2.0837055960913773e-05
752.0,3.47744,1.9486881893930448,0.88095125544853,44.5461054834674,126.14400480241449,-2.0841232901420208e-05
760.0,3.4772,1.948521443153326,0.880924329395109,44.54680692694985,126.1421801208028,-2.0845248499135665e-05
768.0,3.47696,1.9483546656217725,0.8808973907148965,44.54750868974896,126.14035470591622,-2.0849116343455184e-05
776.0,3.47672,1.9481878574795641,0.8808704395112961,44.548210769150536,126.13852856389738,-2.0852842276834914e-05
784.0,3.47648,1.948021020179358,0.8808434760125309,44.548913159231574,126.13670170845556,-2.0856438645420566e-05
792.0,3.4762399999999998,1.9478541546336112,0.8808165003597425,44.549615856306055,126.13487414811229,-2.0859913233223226e-05
800.0,3.476,1.947687261664195,0.8807895126795845,44.55031885706193,126.13304589053236,-2.0863273057225573e-05
808.0,3.47576,1.9475203424098984,0.8807625131501258,44.551022156878666,126.1312169463812,-2.086652780830842e-05
816.0,3.47552,1.9473533973534654,0.8807355018434769,44.55172575383974,126.12938732018922,-2.0869681634153963e-05
824.0,3.47528,1.9471864275284676,0.8807084789209936,44.55242964375917,126.12755702162353,-2.0872743333338268e-05
832.0,3.47504,1.9470194340001101,0.8806814445493383,44.55313382236764,126.1257260606012,-2.0875721988595898e-05
840.0,3.4748,1.946852416830754,0.8806543987329462,44.55383828943312,126.12389443767314,-2.0878618172869785e-05
848.0,3.47456,1.9466853759537495,0.8806273414553608,44.554543045214,126.12206215223021,-2.0881431352703927e-05
856.0,3.47432,1.946518314094592,0.8806002731525732,44.555248078790925,126.12022922958553,-2.0884184703803513e-05
864.0,3.47408,1.9463512300375243,0.880573193622215,44.55595339503468,126.11839565844771,-2.0886867936399502e-05
872.0,3.47384,1.9461841248529663,0.8805461030323726,44.55665898972033,126.11656144862795,-2.088949019692859e-05
880.0,3.4736,1.9460169992208944,0.880519001488001,44.557364860164064,126.11472660635874,-2.089205730555303e-05
888.0,3.47336,1.9458498527043633,0.8804918889129775,44.55807100809391,126.11289112762861,-2.0894565574802737e-05
896.0,3.47312,1.9456826870169688,0.8804647655800796,44.558777426805634,126.11105502803082,-2.0897029645817868e-05
904.0,3.47288,1.9455155013943295,0.8804376313601625,44.559484119289785,126.10921830060968,-2.0899443030337874e-05
912.0,3.47264,1.9453482966448958,0.8804104863793191,44.560191082406966,126.10738095268714,-2.0901812659482014e-05
920.0,3.4724,1.945181073282229,0.8803833307158911,44.560898314162884,126.10554298891437,-2.0904142945273502e-05
928.0,3.47216,1.945013830975729,0.8803561643111707,44.56160581584465,126.10370440629099,-2.0906431094616343e-05
936.0,3.47192,1.9448465710094314,0.8803289873687742,44.56231358252292,126.10186521633898,-2.0908688117943835e-05
944.0,3.47168,1.944679292810568,0.8803017997907235,44.56302161639651,126.10002541391876,-2.091090914235452e-05
952.0,3.47144,1.944511996965019,0.8802746016673271,44.5637299152506,126.09818500421862,-2.091309921910102e-05
960.0,3.4712,1.9443446838449594,0.8802473930542397,44.56443847767821,126.0963439905344,-2.091526156545546e-05
968.0,3.47096,1.9441773532097468,0.8802201739074836,44.56514730459296,126.09450237072755,-2.09173941445996e-05
976.0,3.47072,1.9440100059717074,0.8801929443706633,44.56585639261297,126.0926601527481,-2.091950483215335e-05
984.0,3.47048,1.9438426417238808,0.8801657043727923,44.56656574324678,126.09081733304978,-2.0921590150540454e-05
992.0,3.47024,1.943675260879142,0.8801384539762991,44.567275354999886,126.08897391516223,-2.0923653691283055e-05
1000.0,3.47,1.9435078636997662,0.8801111932191567,44.567985226922936,126.08712990132759,-2.0925697743975594e-05
1008.0,3.46976,1.943340450016047,0.8800839220690058,44.56869535963418,126.0852852900875,-2.0927720867752126e-05
1016.0,3.46952,1.9431730204687747,0.8800566406255366,44.569405750882545,126.08344008678975,-2.0929728649282664e-05
1024.0,3.46928,1.943005574772113,0.8800293488375034,44.57011640167217,126.08159428904888,-2.0931718629925895e-05
1032.0,3.46904,1.9428381132153836,0.88000204674739,44.57082731102408,126.0797478992075,-2.093369335955571e-05
1040.0,3.4688,1.9426706359823753,0.879974734380518,44.57153847831638,126.07790091875377,-2.0935654465771404e-05
1048.0,3.46856,1.942503142954095,0.8799474117128417,44.57224990395577,126.07605334671635,-2.0937600933505312e-05
1056.0,3.46832,1.9423356345783434,0.8799200788127897,44.57296158649703,126.07420518658634,-2.0939536724033186e-05
1064.0,3.46808,1.9421681106553703,0.8798927356431631,44.57367352658483,126.07235643680649,-2.0941460102276894e-05
1072.0,3.46784,1.9420005713866404,0.8798653822322374,44.574385723607314,126.07050709887376,-2.0943372877909223e-05
1080.0,3.4676,1.9418330169001314,0.8798380185963203,44.575098177175846,126.06865717373913,-2.094527620812488e-05
1088.0,3.46736,1.9416654471129031,0.8798106447172804,44.57581088754651,126.06680666077817,-2.094716938040432e-05
1096.0,3.46712,1.9414978623353687,0.8797832606412538,44.5765238538493,126.06495556215795,-2.094905519997889e-05
1104.0,3.46688,1.9413302624290627,0.8797558663410515,44.57723707647231,126.0631038769118,-2.0950932446408183e-05
1112.0,3.46664,1.9411626475328612,0.8797284618348078,44.57795055506582,126.06125160593332,-2.09528024025364e-05
1120.0,3.4664,1.9409950177349837,0.8797010471323943,44.5786642894077,126.05939874979015,-2.095466589073965e-05
1128.0,3.46616,1.9408273729781713,0.8796736222198946,44.57937827964652,126.05754530810543,-2.095652241382923e-05
1136.0,3.46592,1.940659713474933,0.8796461871275295,44.58009252532274,126.05569128210159,-2.0958373953787622e-05
1144.0,3.46568,1.9404920391304756,0.8796187418352499,44.58080702664135,126.05383667123334,-2.0960219656736125e-05
1152.0,3.46544,1.9403243500390643,0.8795912863539449,44.58152178344018,126.05198147596286,-2.096206043039925e-05
1160.0,3.4652,1.9401566462605802,0.8795638206888877,44.58223679561622,126.05012569658379,-2.0963896858815996e-05
1168.0,3.46496,1.9399889277560687,0.8795363448291661,44.5829520632411,126.04826933289621,-2.096572859813486e-05
1176.0,3.46472,1.9398211946682424,0.8795088587936317,44.58366758614894,126.046412385447,-2.096755704406656e-05
1184.0,3.46448,1.939653446933442,0.8794813625673287,44.584383364413746,126.04455485399222,-2.096938160380751e-05
1192.0,3.46424,1.9394856846141242,0.8794538561559682,44.58509939800734,126.04269673868593,-2.0971202917839198e-05
1200.0,3.464,1.9393179077499643,0.8794263395615332,44.585815686911815,126.04083803962601,-2.0973021400441353e-05
1208.0,3.46376,1.939150116315058,0.8793988127752526,44.58653223114388,126.03897875673894,-2.0974836817014594e-05
1216.0,3.46352,1.938982310402342,0.8793712758078523,44.58724903074783,126.03711889008855,-2.0976650145653074e-05
1224.0,3.46328,1.9388144899703603,0.8793437286480097,44.587966085703904,126.03525843964637,-2.0978460979543317e-05
1232.0,3.46304,1.9386466550588783,0.8793161712977307,44.58868339608023,126.03339740534535,-2.0980269768957863e-05
1240.0,3.4628,1.9384788056931566,0.8792886037566433,44.589400961920056,126.0315357871429,-2.0982076807248468e-05
1248.0,3.46256,1.9383109418566002,0.8792610260175008,44.590118783200566,126.02967358505626,-2.098388193765473e-05
1256.0,3.46232,1.9381430636066281,0.8792334380852158,44.590836860116326,126.02781079880386,-2.0985685840518238e-05
1264.0,3.46208,1.9379751709176276,0.8792058399510587,44.59155519258054,126.02594742851129,-2.0987488241675572e-05
1272.0,3.46184,1.93780726381317,0.8791782316143812,44.59227378072994,126.02408347395406,-2.0989289455631337e-05
1280.0,3.4616,1.937639342308229,0.8791506130731226,44.592992624651366,126.02221893498957,-2.0991089689525395e-05
1288.0,3.46136,1.9374714063928529,0.8791229843211217,44.59371172429389,126.02035381169952,-2.099288884215474e-05
1296.0,3.46112,1.9373034560991047,0.8790953453591284,44.59443107996042,126.01848810355413,-2.099468738185771e-05
1304.0,3.46088,1.9371354914126824,0.8790676961802625,44.59515069151584,126.01662181078972,-2.0996485128941627e-05
1312.0,3.46064,1.9369675123455892,0.8790400367819713,44.595870559146796,126.01475493306748,-2.099828230139569e-05
1320.0,3.4604,1.9367995189054508,0.8790123671609809,44.59659068297186,126.01288747017216,-2.1000079045044614e-05
1328.0,3.46016,1.9366315110870602,0.8789846873119017,44.59731106291961,126.01101942223241,-2.100187529821551e-05
1336.0,3.45992,1.9364634889043575,0.8789569972324974,44.59803169937112,126.00915078853939,-2.1003671378074424e-05
1344.0,3.45968,1.9362954523511242,0.8789292969172078,44.598752592156416,126.00728156940929,-2.100546717236239e-05
1352.0,3.45944,1.936127401431095,0.8789015863621115,44.5994737414974,126.00541176442249,-2.1007262829901717e-05
1360.0,3.4592,1.9359593361466418,0.8788738655630594,44.60019514753504,126.00354137331246,-2.1009058452635552e-05
1368.0,3.45896,1.9357912564959503,0.8788461345152113,44.60091681018353,126.00167039624088,-2.1010854007257205e-05
1376.0,3.45872,1.935623162480001,0.8788183932141846,44.60163872988008,125.99979883237089,-2.1012649703019044e-05
1384.0,3.4584799999999998,1.935455054098357,0.8787906416553611,44.60236090642967,125.99792668207579,-2.1014445475833446e-05
1392.0,3.45824,1.935286931348834,0.8787628798338315,44.60308334008036,125.99605394487638,-2.1016241425460115e-05
1400.0,3.458,1.9351187942300447,0.8787351077448158,44.60380603098972,125.99418062046828,-2.1018037622672685e-05
1408.0,3.45776,1.9349506427426013,0.8787073253838611,44.60452897906123,125.9923067090376,-2.1019834054342772e-05
1416.0,3.45752,1.9347824768782003,0.8786795327450392,44.60525218477322,125.99043220965385,-2.1021630852818214e-05
1424.0,3.45728,1.9346142966405455,0.8786517298244034,44.605975647912324,125.98855712273209,-2.1023427988329606e-05
1432.0,3.45704,1.9344461020232093,0.8786239166163294,44.606699368745495,125.98668144775026,-2.1025225525593703e-05
1440.0,3.4568,1.934277893022108,0.8785960931155776,44.60742334744233,125.98480518437671,-2.102702351310875e-05
1448.0,3.45656,1.9341096696395943,0.8785682593179703,44.608147583898536,125.98292833281513,-2.102882195219159e-05
1456.0,3.45632,1.9339414318607009,0.8785404152164605,44.60887207862229,125.98105089206749,-2.103062092017543e-05
1464.0,3.45608,1.9337731796921043,0.8785125608075807,44.60959683138691,125.97917286257895,-2.1032420411888477e-05
1472.0,3.45584,1.9336049131243291,0.8784846960851863,44.61032184247292,125.97729424379672,-2.103422046691635e-05
1480.0,3.4556,1.9334366321513559,0.8784568210437019,44.611047112058536,125.97541503536965,-2.1036021117779332e-05
1488.0,3.45536,1.933268336777157,0.8784289356792041,44.61177264002398,125.97353523753364,-2.1037822375869546e-05
1496.0,3.45512,1.9331000269852752,0.8784010399843815,44.61249842681083,125.9716548494162,-2.1039624276263875e-05
1504.0,3.45488,1.9329317027756598,0.8783731339546378,44.613224472420434,125.96977387101471,-2.1041426839350324e-05
1512.0,3.45464,1.9327633641434538,0.878345217584577,44.61395077698208,125.967892302074,-2.104323008942736e-05
1520.0,3.4544,1.9325950110837935,0.878317290868799,44.61467734062493,125.96601014233927,-2.1045034050663923e-05
1528.0,3.45416,1.9324266435916853,0.8782893538018787,44.61540416347964,125.9641273915518,-2.104683874657824e-05
1536.0,3.45392,1.9322582616590367,0.8782614063778735,44.6161312456965,125.96224404940106,-2.1048644177469446e-05
1544.0,3.45368,1.932089865280989,0.8782334485913738,44.61685858740506,125.9603601156313,-2.1050450367771705e-05
1552.0,3.45344,1.931921454450931,0.878205480436676,44.61758618874158,125.9584755899777,-2.1052257326999015e-05
1560.0,3.4532,1.9317530291620209,0.878177501908034,44.618314049842546,125.95659047217745,-2.105406506248501e-05
1568.0,3.45296,1.9315845894082713,0.8781495129998405,44.6190421708439,125.95470476195938,-2.1055873589933178e-05
1576.0,3.45272,1.9314161351828947,0.8781215137063519,44.61977055188646,125.95281845903811,-2.1057682919020967e-05
1584.0,3.45248,1.931247666479594,0.8780935040219022,44.62049919310627,125.95093156314611,-2.1059493062386414e-05
1592.0,3.45224,1.9310791832917538,0.8780654839407689,44.62122809464219,125.94904407400347,-2.1061304030678407e-05
1600.0,3.452,1.9309106856127085,0.8780374534572182,44.62195725663355,125.94715599132822,-2.1063115834209684e-05
1608.0,3.45176,1.9307421734359564,0.8780094125655387,44.62268667921814,125.94526731484635,-2.106492848437237e-05
1616.0,3.45152,1.9305736467543884,0.8779813612599158,44.62341636253627,125.94337804428366,-2.106674198742997e-05
1624.0,3.45128,1.9304051055614557,0.8779532995346235,44.62414630672625,125.94148817936306,-2.106855635452481e-05
1632.0,3.45104,1.9302365498501386,0.8779252273838541,44.624876511929024,125.93959771980496,-2.1070371593153972e-05
1640.0,3.4508,1.9300679796133284,0.8778971448017819,44.62560697828611,125.93770666532878,-2.107218771013608e-05
1648.0,3.45056,1.9298993948442253,0.877869051782628,44.62633770593693,125.93581501565706,-2.1074004714611973e-05
1656.0,3.45032,1.9297307955353602,0.877840948320499,44.627068695024604,125.93392277050016,-2.107582261043967e-05
1664.0,3.45008,1.9295621816798314,0.8778128344095922,44.62779994568927,125.93202992957976,-2.1077641406056873e-05
1672.0,3.44984,1.9293935532703494,0.8777847100440362,44.62853145807333,125.93013649261117,-2.1079461106900583e-05
1680.0,3.4495999999999998,1.9292249102995596,0.8777565752179458,44.6292632323196,125.92824245930879,-2.1081281717954476e-05
1688.0,3.44936,1.9290562527603328,0.8777284299254687,44.62999526856945,125.9263478293903,-2.1083103245889134e-05
1696.0,3.44912,1.9288875806450847,0.8777002741606739,44.63072756696685,125.92445260256976,-2.1084925693874866e-05
1704.0,3.44888,1.9287188939466111,0.8776721079176892,44.63146012765365,125.92255677856366,-2.108674906805799e-05
1712.0,3.44864,1.928550192657438,0.8776439311905943,44.63219295077351,125.92066035708578,-2.108857337262651e-05
1720.0,3.4484,1.928381476770046,0.8776157439734568,44.632926036470415,125.91876333784931,-2.109039861148471e-05
1728.0,3.44816,1.9282127462770748,0.8775875462603676,44.633659384887174,125.91686572056939,-2.1092224789631686e-05
1736.0,3.44792,1.9280440011708204,0.8775593380453566,44.634392996169055,125.9149675049553,-2.109405190966412e-05
1744.0,3.44768,1.92787524144387,0.8775311193224979,44.63512687045925,125.91306869072159,-2.109587997625728e-05
1752.0,3.44744,1.9277064670886026,0.8775028900858276,44.6358610079022,125.91116927757972,-2.1097708992538305e-05
1760.0,3.4472,1.9275376780973614,0.8774746503293714,44.636595408642485,125.90926926524078,-2.1099538961338255e-05
1768.0,3.44696,1.9273688744626136,0.8774464000471724,44.63733007282414,125.90736865341727,-2.1101369886530578e-05
1776.0,3.44672,1.9272000561765597,0.8774181392332251,44.6380650005936,125.90546744181724,-2.110320177030488e-05
1784.0,3.44648,1.927031223231626,0.8773898678815578,44.638800192095054,125.90356563015278,-2.110503461624163e-05
1792.0,3.44624,1.9268623756200767,0.8773615859861683,44.639535647474126,125.90166321813324,-2.1106868426848083e-05
1800.0,3.446,1.9266935133341474,0.8773332935410448,44.640271366876654,125.8997602054675,-2.1108703204501965e-05
1808.0,3.44576,1.9265246363661714,0.8773049905401891,44.6410073504477,125.89785659186602,-2.1110538952244056e-05
1816.0,3.44552,1.9263557447082706,0.8772766769775627,44.64174359833419,125.8959523770358,-2.111237567175202e-05
1824.0,3.44528,1.9261868383527465,0.8772483528471543,44.642480110681426,125.89404756068674,-2.1114213365881608e-05
1832.0,3.44504,1.9260179172917713,0.8772200181429264,44.64321688763573,125.89214214252684,-2.1116052036631212e-05
1840.0,3.4448,1.9258489815174953,0.8771916728588339,44.643953929343574,125.89023612226369,-2.1117891685832706e-05
1848.0,3.44456,1.9256800310221454,0.877163316988841,44.644691235950916,125.888329499606,-2.1119732315928576e-05
1856.0,3.44432,1.9255110657977805,0.8771349505268798,44.64542880760545,125.88642227425912,-2.1121573928380617e-05
1864.0,3.44408,1.9253420858366026,0.8771065734669022,44.646166644453274,125.88451444593142,-2.1123416525458622e-05
1872.0,3.44384,1.9251730911307088,0.8770781858028388,44.646904746641624,125.88260601432913,-2.1125260108855677e-05
1880.0,3.4436,1.9250040816721785,0.8770497875286132,44.647643114317894,125.8806969791581,-2.112710468018469e-05
1888.0,3.44336,1.924835057453154,0.8770213786381559,44.64838174762883,125.87878734012548,-2.1128950241422473e-05
1896.0,3.44312,1.9246660184656383,0.8769929591253697,44.64912064672252,125.87687709693596,-2.1130796793750184e-05
1904.0,3.44288,1.9244969647017531,0.8769645289841733,44.64985981174593,125.87496624929625,-2.1132644339067535e-05
1912.0,3.44264,1.924327896153532,0.8769360882084675,44.65059924284713,125.87305479691103,-2.1134492878860993e-05
1920.0,3.4424,1.9241588128129934,0.8769076367921457,44.65133894017446,125.87114273948454,-2.113634241460469e-05
1928.0,3.44216,1.9239897146722094,0.8768791747291067,44.65207890387541,125.86923007672253,-2.1138192947994794e-05
1936.0,3.44192,1.9238206017231319,0.8768507020132253,44.65281913409868,125.86731680832817,-2.1140044480005837e-05
1944.0,3.44168,1.9236514739578154,0.8768222186383895,44.653559630992035,125.86540293400672,-2.1141897012303154e-05
1952.0,3.44144,1.9234823313682388,0.8767937245984703,44.65430039470405,125.86348845346194,-2.1143750546126494e-05
1960.0,3.4412,1.923313173946368,0.8767652198873328,44.65504142538341,125.8615733663974,-2.1145605082666262e-05
1968.0,3.44096,1.9231440016842145,0.8767367044988459,44.65578272317835,125.85965767251739,-2.114746062338117e-05
1976.0,3.44072,1.922974814573685,0.8767081784268567,44.65652428823892,125.85774137152293,-2.1149317169461617e-05
1984.0,3.44048,1.9228056126067754,0.8766796416652236,44.65726612071349,125.85582446311815,-2.115117472231698e-05
1992.0,3.44024,1.9226363957754153,0.8766510942077896,44.658008220751405,125.85390694700519,-2.1153033283097563e-05
2000.0,3.44,1.922467164071521,0.8766225360483914,44.658750588502166,125.85198882288584,-2.1154892852929016e-05
2008.0,3.43976,1.9222979174870511,0.876593967180869,44.65949322411477,125.85007009046308,-2.1156753433137438e-05
2016.0,3.43952,1.9221286560138695,0.8765653875990421,44.66023612773918,125.84815074943812,-2.1158615024564744e-05
2024.0,3.43928,1.9219593796439207,0.8765367972967409,44.66097929952457,125.84623079951352,-2.116047762848461e-05
2032.0,3.43904,1.9217900883690893,0.87650819626778,44.66172273962088,125.84431024039051,-2.1162341245991837e-05
2040.0,3.4388,1.9216207821812494,0.8764795845059699,44.6624664481782,125.84238907177009,-2.1164205878085626e-05
2048.0,3.43856,1.921451461072311,0.8764509620051215,44.663210425346094,125.8404672933541,-2.1166071525956385e-05
2056.0,3.43832,1.921282125034099,0.8764223287590285,44.66395467127556,125.83854490484163,-2.1167938190541635e-05
2064.0,3.43808,1.921112774058512,0.8763936847614926,44.66469918611633,125.83662190593428,-2.116980587302253e-05
2072.0,3.43784,1.9209434081373928,0.8763650300063022,44.665443970018984,125.83469829633206,-2.117167457438593e-05
2080.0,3.4376,1.9207740272625735,0.8763363644872392,44.66618902313421,125.83277407573472,-2.1173544295569365e-05
2088.0,3.43736,1.9206046314259215,0.8763076881980884,44.66693434561226,125.83084924384282,-2.1175415037720063e-05
2096.0,3.43712,1.9204352206192221,0.8762790011326158,44.66767993760481,125.82892380035457,-2.1177286801741618e-05
2104.0,3.43688,1.9202657948343311,0.876250303284596,44.66842579926224,125.82699774497028,-2.1179159588759672e-05
2112.0,3.43664,1.9200963540630511,0.8762215946477898,44.66917193073584,125.82507107738863,-2.1181033399733343e-05
2120.0,3.4364,1.9199268982971742,0.8761928752159528,44.669918332177055,125.82314379730795,-2.118290823561248e-05
2128.0,3.43616,1.919757427528526,0.8761641449828421,44.67066500373681,125.8212159044276,-2.1184784097479554e-05
2136.0,3.43592,1.9195879417488526,0.8761354039421967,44.67141194556767,125.81928739844402,-2.1186660986333765e-05
2144.0,3.43568,1.9194184409499688,0.8761066520877641,44.67215915782072,125.81735827905625,-2.1188538903232912e-05
2152.0,3.43544,1.919248925123637,0.876077889413278,44.67290664064775,125.81542854596204,-2.119041784907442e-05
2160.0,3.4352,1.9190793942616111,0.8760491159124668,44.67365439420061,125.81349819885895,-2.1192297824672455e-05
2168.0,3.43496,1.9189098483556757,0.8760203315790606,44.67440241863092,125.8115672374451,-2.119417883107248e-05
2176.0,3.43472,1.9187402873975428,0.8759915364067717,44.675150714091316,125.80963566141702,-2.1196060869079398e-05
2184.0,3.43448,1.9185707113789867,0.8759627303893208,44.67589928073349,125.8077034704726,-2.1197943939683166e-05
2192.0,3.43424,1.9184011202917335,0.8759339135204148,44.67664811871001,125.80577066430826,-2.1199828043815137e-05
2200.0,3.434,1.9182315141275008,0.8759050857937556,44.677397228173646,125.80383724261998,-2.1201713182415914e-05
2208.0,3.43376,1.9180618928780353,0.8758762472030457,44.67814660927654,125.80190320510492,-2.120359935647853e-05
2216.0,3.43352,1.9178922565350112,0.8758473977419715,44.67889626217238,125.79996855145733,-2.120548656691584e-05
2224.0,3.43328,1.9177226050901657,0.8758185374042261,44.67964618701353,125.79803328137398,-2.120737481474862e-05
2232.0,3.43304,1.9175529385351866,0.8757896661834894,44.680396383953166,125.79609739455013,-2.1209264100855812e-05
2240.0,3.4328,1.9173832568617537,0.8757607840734363,44.681146853144604,125.79416089068083,-2.1211154426141004e-05
2248.0,3.43256,1.9172135600615763,0.8757318910677426,44.68189759474072,125.79222376946186,-2.1213045791587978e-05
2256.0,3.43232,1.9170438481262908,0.8757029871600674,44.682648608895676,125.7902860305868,-2.121493819805716e-05
2264.0,3.43208,1.9168741210475972,0.8756740723440767,44.683399895762484,125.78834767375123,-2.1216831646541585e-05
2272.0,3.43184,1.916704378817147,0.8756451466134237,44.68415145549483,125.78640869864948,-2.1218726137876996e-05
2280.0,3.4316,1.9165346214265833,0.8756162099617564,44.68490328824649,125.78446910497567,-2.1220621672862145e-05
2288.0,3.43136,1.9163648488675786,0.8755872623827236,44.68565539417092,125.78252889242455,-2.122251825248389e-05
2296.0,3.43112,1.9161950611317355,0.8755583038699575,44.68640777342294,125.78058806068866,-2.1224415877584156e-05
2304.0,3.43088,1.9160252582107165,0.8755293344170972,44.6871604261561,125.77864660946256,-2.1226314549146722e-05
2312.0,3.43064,1.9158554400961372,0.8755003540177695,44.687913352525,125.77670453843888,-2.1228214268099856e-05
2320.0,3.4304,1.915685606779604,0.8754713626655944,44.68866655268448,125.7747618473099,-2.1230115035408836e-05
2328.0,3.43016,1.9155157582527533,0.8754423603541942,44.68942002678864,125.77281853576928,-2.123201685206361e-05
2336.0,3.42992,1.915345894507149,0.8754133470771741,44.69017377499271,125.7708746035084,-2.123391971878583e-05
2344.0,3.42968,1.9151760155344182,0.8753843228281454,44.69092779745105,125.76893005022046,-2.1235823636633284e-05
2352.0,3.42944,1.9150061213261385,0.8753552876007076,44.69168209431892,125.766984875597,-2.1237728606521904e-05
2360.0,3.4292,1.9148362118738789,0.8753262413884538,44.69243666575178,125.76503907932928,-2.1239634629404642e-05
2368.0,3.42896,1.9146662871692388,0.8752971841849788,44.693191511904395,125.76309266110964,-2.124154170624985e-05
2376.0,3.42872,1.9144963472037457,0.8752681159838607,44.693946632932494,125.76114562062858,-2.1243449837754502e-05
2384.0,3.42848,1.9143263919689892,0.8752390367786834,44.694702028991095,125.75919795757808,-2.124535902494556e-05
2392.0,3.42824,1.914156421456511,0.8752099465630194,44.695457700235984,125.75724967164878,-2.1247269268692692e-05
2400.0,3.428,1.9139864356578444,0.8751808453304345,44.69621364682313,125.75530076253102,-2.1249180569914923e-05
2408.0,3.42776,1.9138164345645523,0.875151733074496,44.696969868907914,125.7533512299161,-2.1251092929571353e-05
2416.0,3.42752,1.9136464181681268,0.8751226097887551,44.697726366646826,125.75140107349318,-2.1253006348395972e-05
2424.0,3.42728,1.9134763864601207,0.8750934754667681,44.69848314019545,125.74945029295324,-2.1254920827387977e-05
2432.0,3.42704,1.913306339432041,0.8750643301020805,44.69924018971012,125.74749888798584,-2.125683636741396e-05
2440.0,3.4268,1.9131362770753852,0.8750351736882309,44.69999751534734,125.74554685828033,-2.1258752969325087e-05
2448.0,3.42656,1.91296619938168,0.8750060062187592,44.70075511726314,125.74359420352684,-2.126067063410823e-05
2456.0,3.42632,1.9127961063423802,0.8749768276871889,44.70151299561542,125.7416409234122,-2.1262589362781086e-05
2464.0,3.42608,1.9126259979490028,0.8749476380870491,44.70227115056034,125.73968701762634,-2.126450915633978e-05
2472.0,3.42584,1.9124558741930167,0.8749184374118574,44.7030295822549,125.73773248585748,-2.1266430015626225e-05
2480.0,3.4256,1.912285735065882,0.8748892256551248,44.70378829085618,125.73577732779361,-2.126835194145767e-05
2488.0,3.42536,1.9121155805590886,0.8748600028103637,44.704547276520984,125.73382154312351,-2.1270274934882662e-05
2496.0,3.42512,1.9119454106640537,0.8748307688710694,44.705306539407424,125.7318651315339,-2.1272198996727695e-05
2504.0,3.42488,1.9117752253722577,0.8748015238307439,44.70606607967237,125.72990809271327,-2.1274124128001226e-05
2512.0,3.42464,1.9116050246751328,0.8747722676828769,44.70682589747352,125.72795042634873,-2.127605032957601e-05
2520.0,3.4244,1.9114348085641022,0.8747430004209517,44.70758599296874,125.72599213212703,-2.1277977602340232e-05
2528.0,3.42416,1.9112645770306187,0.8747137220384528,44.708346366315396,125.72403320973591,-2.1279905947262244e-05
2536.0,3.42392,1.911094330066064,0.8746844325288482,44.709107017672046,125.72207365886092,-2.128183536514388e-05
2544.0,3.42368,1.910924067661882,0.8746551318856121,44.70986794719622,125.7201134791895,-2.1283765856975087e-05
2552.0,3.42344,1.9107537898094675,0.874625820102206,44.71062915504636,125.71815267040748,-2.128569742367797e-05
2560.0,3.4232,1.9105834965002078,0.8745964971720861,44.71139064138107,125.71619123220037,-2.128763006615612e-05
2568.0,3.42296,1.910413187725521,0.8745671630887091,44.712152406358335,125.7142291642548,-2.128956378541491e-05
2576.0,3.42272,1.9102428634767723,0.8745378178455185,44.71291445013717,125.71226646625547,-2.129149858236719e-05
2584.0,3.42248,1.9100725237453338,0.8745084614359548,44.71367677287628,125.71030313788762,-2.1293434457870302e-05
2592.0,3.42224,1.909902168522571,0.8744790938534529,44.71443937473454,125.70833917883634,-2.129537141283401e-05
2600.0,3.422,1.909731797799846,0.8744497150914426,44.715202255871006,125.70637458878637,-2.1297309448205083e-05
2608.0,3.42176,1.9095614115685122,0.8744203251433484,44.715965416444895,125.70440936742203,-2.1299248564942636e-05
2616.0,3.42152,1.9093910098199018,0.8743909240025862,44.71672885661552,125.70244351442749,-2.1301188763851577e-05
2624.0,3.42128,1.9092205925453725,0.8743615116625723,44.71749257654202,125.70047702948725,-2.1303130045943445e-05
2632.0,3.42104,1.9090501597362484,0.8743320881167127,44.71825657638417,125.69850991228475,-2.1305072412158843e-05
2640.0,3.4208,1.908879711383847,0.874302653358408,44.719020856301896,125.69654216250318,-2.1307015863481553e-05
2648.0,3.42056,1.9087092474795095,0.8742732073810585,44.71978541645456,125.69457377982665,-2.1308960400904613e-05
2656.0,3.42032,1.9085387680145056,0.8742437501780479,44.7205502570026,125.69260476393727,-2.131090602516508e-05
2664.0,3.42008,1.9083682729801692,0.8742142817427664,44.72131537810556,125.69063511451883,-2.1312852737314587e-05
2672.0,3.4198399999999998,1.9081977623677835,0.8741848020685913,44.72208077992395,125.68866483125343,-2.1314800538287566e-05
2680.0,3.4196,1.9080272361686221,0.8741553111488936,44.72284646261848,125.68669391382285,-2.1316749429049302e-05
2688.0,3.41936,1.907856694373991,0.8741258089770457,44.72361242634915,125.68472236191006,-2.1318699410617494e-05
2696.0,3.41912,1.90768613697512,0.8740962955464024,44.7243786712773,125.68275017519551,-2.132065048379397e-05
2704.0,3.41888,1.9075155639633048,0.8740667708503257,44.72514519756317,125.68077735336176,-2.1322602649633444e-05
2712.0,3.41864,1.9073449753297906,0.874037234882164,44.725912005367874,125.67880389608983,-2.13245559090611e-05
2720.0,3.4184,1.9071743710658144,0.8740076876352603,44.72667909485266,125.67682980306046,-2.1326510262983626e-05
2728.0,3.41816,1.9070037511626456,0.8739781291029586,44.72744646617822,125.67485507395538,-2.1328465712443388e-05
2736.0,3.41792,1.9068331156110363,0.8739485592785088,44.72821411951196,125.67287970844198,-2.1330422256046447e-05
2744.0,3.41768,1.9066624644016885,0.873918978155148,44.72898205501379,125.67090370620224,-2.133237988890165e-05
2752.0,3.41744,1.9064917975268012,0.8738893857263677,44.729750272837485,125.66892706694145,-2.1334338618592438e-05
2760.0,3.4172,1.9063211149739214,0.8738597819848488,44.73051877320096,125.66694979021942,-2.1336298432200136e-05
2768.0,3.41696,1.9061504167306287,0.8738301669232725,44.73128755629129,125.66497187565896,-2.133825930475397e-05
2776.0,3.4167199999999998,1.9059797028040981,0.8738005405377158,44.73205662199846,125.66299332348186,-2.1340221286867782e-05
2784.0,3.41648,1.9058089731677952,0.8737709028184022,44.7328259708548,125.66101413265119,-2.1342184351988732e-05
2792.0,3.41624,1.9056382278259756,0.8737412537608942,44.73359560277493,125.65903430333324,-2.1344148531622488e-05
2800.0,3.416,1.905467466771582,0.8737115933587873,44.73436551788852,125.65705383526412,-2.1346113831159795e-05
2808.0,3.41576,1.90529668998055,0.8736819216027177,44.73513571665109,125.65507272753051,-2.1348080217827487e-05
2816.0,3.41552,1.905125897465916,0.8736522384897628,44.73590619881585,125.65309098062717,-2.1350047745659505e-05
2824.0,3.41528,1.9049550891963587,0.8736225440092874,44.7366769649563,125.65110859342356,-2.135201635713704e-05
2832.0,3.41504,1.9047842651769014,0.8735928381569686,44.73744801498047,125.64912556610098,-2.1353986088848112e-05
2840.0,3.4148,1.9046134254007399,0.8735631209264241,44.738219349012844,125.64714189841378,-2.1355956946735494e-05
2848.0,3.41456,1.9044425698429597,0.8735333923081158,44.73899096750936,125.64515758946266,-2.135792888985355e-05
2856.0,3.41432,1.904271698517058,0.8735036522991844,44.73976287022301,125.64317263973479,-2.1359901976822052e-05
2864.0,3.41408,1.9041008113985474,0.8734739008901568,44.74053505760333,125.64118704833967,-2.136187616841312e-05
2872.0,3.41384,1.9039299084794552,0.8734441380744282,44.74130752979669,125.63920081498739,-2.1363851467827894e-05
2880.0,3.4136,1.9037589897541054,0.8734143638457904,44.742080286915325,125.63721393945696,-2.136582788742995e-05
2888.0,3.41336,1.9035880552155446,0.873384578197808,44.74285332911325,125.63522642144773,-2.13678054436845e-05
2896.0,3.41312,1.9034171048549398,0.8733547811237143,44.74362665655378,125.63323826063639,-2.1369784138111944e-05
2904.0,3.41288,1.9032461386615025,0.8733249726163969,44.7444002694146,125.6312494566617,-2.1371763958592343e-05
2912.0,3.41264,1.9030751566261705,0.8732951526690396,44.745174167861705,125.62926000919288,-2.1373744905508103e-05
2920.0,3.4124,1.9029041587398396,0.8732653212748144,44.74594835205913,125.62726991790902,-2.137572697804507e-05
2928.0,3.41216,1.9027331449926284,0.873235478426753,44.74672282217115,125.62527918249951,-2.1377710167780955e-05
2936.0,3.41192,1.9025621153753447,0.873205624118003,44.747497578364296,125.62328780263283,-2.1379694474095896e-05
2944.0,3.41168,1.902391069879193,0.8731757583417763,44.74827262080387,125.62129577797872,-2.1381679899820957e-05
2952.0,3.41144,1.9022200084949608,0.8731458810912076,44.7490479496555,125.61930310821059,-2.138366644380274e-05
2960.0,3.4112,1.9020489312135687,0.8731159923594505,44.74982356508469,125.6173097930005,-2.138565410618619e-05
2968.0,3.4109599999999998,1.9018778380264056,0.8730860921397355,44.75059946725646,125.61531583201598,-2.1387642891591068e-05
2976.0,3.41072,1.901706728924308,0.8730561804251923,44.7513756563364,125.61332122493,-2.1389632799406755e-05
2984.0,3.41048,1.9015356038984075,0.8730262572089975,44.7521521324891,125.61132597142235,-2.1391623831573054e-05
2992.0,3.41024,1.901364462939756,0.8729963224843093,44.75292889587972,125.609330071167,-2.139361598948391e-05
3000.0,3.41,1.9011933060393629,0.8729663762442738,44.753705946673804,125.60733352383735,-2.1395609274298894e-05
3008.0,3.40976,1.9010221331881698,0.8729364184820207,44.75448328503762,125.60533632910767,-2.1397603686807492e-05
3016.0,3.40952,1.9008509443772288,0.8729064491906946,44.75526091113635,125.60333848665226,-2.139959922848384e-05
3024.0,3.40928,1.9006797395974304,0.8728764683634069,44.75603882513753,125.60133999613738,-2.1401595900176023e-05
3032.0,3.40904,1.9005085188397508,0.8728464759932799,44.75681702720733,125.59934085723471,-2.1403593703046688e-05
3040.0,3.4088,1.900337282095149,0.8728164720734279,44.75759551751218,125.59734106961551,-2.140559263821223e-05
3048.0,3.40856,1.900166029354514,0.8727864565969484,44.75837429621951,125.595340632948,-2.140759270651765e-05
3056.0,3.40832,1.8999947606088134,0.8727564295569482,44.759153363495635,125.59333954690338,-2.1409593909196526e-05
3064.0,3.40808,1.8998234758489376,0.8727263909465159,44.759932719507994,125.5913378111528,-2.141159624712779e-05
3072.0,3.40784,1.8996521750658122,0.8726963407587416,44.76071236442349,125.58933542536677,-2.1413599721409327e-05
3080.0,3.4076,1.89948085825035,0.8726662789867086,44.761492298409316,125.58733238921546,-2.1415604333111268e-05
3088.0,3.40736,1.8993095253934233,0.8726362056234883,44.76227252163341,125.58532870236844,-2.14176100832359e-05
3096.0,3.40712,1.8991381764859534,0.8726061206621564,44.763053034262775,125.58332436449624,-2.141961697293045e-05
3104.0,3.40688,1.8989668115187917,0.8725760240957715,44.763833836465324,125.58131937526706,-2.142162500301217e-05
3112.0,3.40664,1.898795430482826,0.8725459159173939,44.764614928408555,125.57931373435049,-2.1423634174538853e-05
3120.0,3.4064,1.89862403336893,0.8725157961200768,44.765396310260336,125.57730744141541,-2.14256444885868e-05
3128.0,3.40616,1.8984526201679304,0.8724856646968607,44.766177982189525,125.5753004961286,-2.1427655946201466e-05
3136.0,3.40592,1.89828119087071,0.872455521640791,44.7669599443637,125.57329289815945,-2.142966854847149e-05
3144.0,3.40568,1.8981097454680755,0.8724253669448951,44.767742196952085,125.57128464717431,-2.1431682296439252e-05
3152.0,3.40544,1.897938283950873,0.872395200602203,44.76852474012308,125.569275742841,-2.143369719119338e-05
3160.0,3.4052,1.897766806309934,0.8723650226057371,44.76930757404522,125.56726618482722,-2.1435713233804012e-05
3168.0,3.40496,1.8975953125360425,0.8723348329485069,44.77009069888773,125.56525597279962,-2.143773042512848e-05
3176.0,3.40472,1.8974238026200394,0.8723046316235272,44.77087411481908,125.56324510642595,-2.1439748766329442e-05
3184.0,3.40448,1.8972522765526914,0.8722744186237951,44.77165782200885,125.56123358537214,-2.1441768258304325e-05
3192.0,3.40424,1.8970807343248026,0.8722441939423095,44.772441820626035,125.55922140930512,-2.1443788902101673e-05
3200.0,3.404,1.896909175927164,0.8722139575720624,44.77322611083992,125.55720857789122,-2.1445810698770026e-05
3208.0,3.40376,1.8967376013505195,0.872183709506033,44.774010692820674,125.55519509079507,-2.1447833649296255e-05
3216.0,3.40352,1.896566010585669,0.872153449737205,44.77479556673737,125.5531809476834,-2.1449857754778244e-05
3224.0,3.40328,1.8963944036233373,0.8721231782585448,44.77558073276072,125.55116614821988,-2.1451883016276874e-05
3232.0,3.40304,1.8962227804542877,0.8720928950630207,44.77636619106058,125.54915069206977,-2.1453909434883862e-05
3240.0,3.4028,1.896051141069269,0.8720626001435935,44.777151941806956,125.54713457889807,-2.1455937011653923e-05
3248.0,3.40256,1.895879485458983,0.8720322934932112,44.777937985170595,125.54511780836852,-2.1457965747496823e-05
3256.0,3.40232,1.8957078136141883,0.8720019751048271,44.778724321321434,125.54310038014623,-2.145999564355362e-05
3264.0,3.4020799999999998,1.895536125525568,0.8719716449713765,44.7795109504305,125.54108229389456,-2.146202670072175e-05
3272.0,3.40184,1.8953644211838443,0.8719413030857963,44.780297872668285,125.53906354927778,-2.1464058920071343e-05
3280.0,3.4016,1.8951927005797249,0.8719109494410169,44.78108508820556,125.53704414595953,-2.146609230265711e-05
3288.0,3.40136,1.8950209637038706,0.8718805840299552,44.78187259721403,125.5350240836017,-2.146812684949367e-05
3296.0,3.40112,1.8948492105469987,0.8718502068455333,44.78266039986426,125.53300336186841,-2.1470162561685077e-05
3304.0,3.40088,1.894677441099751,0.8718198178806553,44.78344849632822,125.53098198042105,-2.1472199440212033e-05
3312.0,3.40064,1.8945056553528077,0.8717894171282274,44.784236886777194,125.52895993892236,-2.1474237486150836e-05
3320.0,3.4004,1.8943338532968357,0.8717590045811485,44.78502557138258,125.52693723703486,-2.1476276700546945e-05
3328.0,3.40016,1.894162034922455,0.8717285802323047,44.78581455031644,125.52491387442006,-2.1478317084239196e-05
3336.0,3.39992,1.893990200220341,0.8716981440745867,44.78660382375009,125.52288985074061,-2.1480358638371734e-05
3344.0,3.39968,1.893818349181095,0.8716676961008675,44.78739339185642,125.52086516565647,-2.1482401363983853e-05
3352.0,3.39944,1.893646481795356,0.8716372363040221,44.788183254807414,125.51883981882919,-2.1484445262164185e-05
3360.0,3.3992,1.8934745980537493,0.8716067646769182,44.788973412775306,125.51681380991977,-2.1486490333982866e-05
3368.0,3.39896,1.8933026979468524,0.8715762812124102,44.789763865933246,125.51478713858748,-2.1488536580423673e-05
3376.0,3.39872,1.8931307814652996,0.8715457859033576,44.79055461445331,125.51275980449364,-2.1490584002636925e-05
3384.0,3.39848,1.8929588485996491,0.8715152787426019,44.791345658508995,125.51073180729716,-2.1492632601609483e-05
3392.0,3.39824,1.892786899340498,0.8714847597229863,44.79213699827303,125.50870314665809,-2.1494682378429984e-05
3400.0,3.398,1.892614933678429,0.8714542288373471,44.79292863391845,125.50667382223611,-2.1496733334180895e-05
3408.0,3.39776,1.8924429516039774,0.871423686078507,44.793720565619104,125.5046438336894,-2.1498785469827492e-05
3416.0,3.39752,1.8922709531077349,0.8713931314392938,44.79451279354783,125.50261318067791,-2.1500838786535513e-05
3424.0,3.39728,1.8920989381802187,0.8713625649125174,44.79530531787858,125.50058186285962,-2.1502893285177712e-05
3432.0,3.39704,1.891926906811984,0.8713319864909898,44.79609813878477,125.49854987989345,-2.150494896682731e-05
3440.0,3.3968,1.8917548589935718,0.8713013961675152,44.79689125644019,125.49651723143766,-2.1507005832572936e-05
3448.0,3.39656,1.891582794715475,0.8712707939348848,44.7976846710197,125.49448391714871,-2.150906388349706e-05
3456.0,3.39632,1.8914107139682446,0.8712401797858949,44.79847838269683,125.49244993668538,-2.1511123120746916e-05
3464.0,3.39608,1.891238616742354,0.8712095537133232,44.79927239164641,125.49041528970388,-2.15131835452446e-05
3472.0,3.39584,1.8910665030283167,0.87117891570995,44.80006669804271,125.48837997586162,-2.1515245158097256e-05
3480.0,3.3956,1.8908943728166316,0.8711482657685478,44.80086130206022,125.48634399481566,-2.1517307960393515e-05
3488.0,3.39536,1.8907222260977488,0.8711176038818753,44.80165620387431,125.48430734622153,-2.151937195311408e-05
3496.0,3.39512,1.8905500628621768,0.8710869300426974,44.802451403659305,125.48227002973654,-2.152143713743393e-05
3504.0,3.39488,1.8903778831003464,0.8710562442437597,44.80324690159096,125.48023204501543,-2.1523503514324514e-05
3512.0,3.39464,1.890205686802729,0.8710255464778104,44.80404269784429,125.47819339171427,-2.152557108491456e-05
3520.0,3.3944,1.8900334739597806,0.8709948367375896,44.80483879259446,125.47615406948886,-2.152763985025569e-05
3528.0,3.39416,1.88986124456191,0.8709641150158248,44.80563518601731,125.47411407799373,-2.1529709811233008e-05
3536.0,3.39392,1.8896889985995828,0.8709333813052481,44.806431878287924,125.47207341688484,-2.1531780969006073e-05
3544.0,3.39368,1.8895167360631888,0.8709026355985735,44.80722886958293,125.4700320858156,-2.1533853324635767e-05
3552.0,3.39344,1.8893444569431563,0.8708718778885167,44.80802616007806,125.46799008444084,-2.1535926879226145e-05
3560.0,3.3932,1.8891721612298995,0.8708411081677861,44.808823749949305,125.46594741241486,-2.1538001633862756e-05
3568.0,3.39296,1.8889998489137838,0.8708103264290765,44.80962163937357,125.4639040693902,-2.154007758955714e-05
3576.0,3.39272,1.8888275199852327,0.870779532665088,44.810419828526676,125.4618600550215,-2.154215474747195e-05
3584.0,3.39248,1.8886551744345914,0.8707487268685017,44.81121831758611,125.45981536896052,-2.1544233108683475e-05
3592.0,3.39224,1.8884828122522452,0.870717909032001,44.81201710672846,125.45777001086053,-2.154631267434204e-05
3600.0,3.392,1.8883104334285647,0.8706870791482618,44.81281619613051,125.45572398037442,-2.154839344554861e-05
3608.0,3.39176,1.8881380379538708,0.8706562372099461,44.81361558596984,125.4536772771536,-2.1550475423259214e-05
3616.0,3.39152,1.887965625818544,0.8706253832097215,44.814415276423134,125.45162990085117,-2.1552558608679674e-05
3624.0,3.39128,1.8877931970128852,0.8705945171402363,44.815215267668506,125.44958185111774,-2.155464300283078e-05
3632.0,3.39104,1.8876207515272363,0.8705636389941415,44.81601555988333,125.44753312760523,-2.155672860686902e-05
3640.0,3.3908,1.8874482893519244,0.87053274876408,44.81681615324511,125.44548372996522,-2.1558815421873767e-05
3648.0,3.39056,1.8872758104772278,0.8705018464426814,44.817617047931996,125.44343365784808,-2.156090344873629e-05
3656.0,3.39032,1.8871033148934828,0.8704709320225803,44.81841824412143,125.44138291090557,-2.1562992688656246e-05
3664.0,3.39008,1.8869308025909497,0.870440005496393,44.81921974199202,125.43933148878756,-2.156508314257424e-05
3672.0,3.38984,1.8867582735599273,0.8704090668567375,44.82002154172175,125.43727939114486,-2.1567174811588157e-05
3680.0,3.3896,1.8865857277907003,0.8703781160962243,44.82082364348889,125.43522661762775,-2.156926769679589e-05
3688.0,3.38936,1.8864131652735052,0.8703471532074503,44.82162604747266,125.43317316788479,-2.157136179922439e-05
3696.0,3.38912,1.886240585998636,0.8703161781830174,44.822428753851135,125.43111904156666,-2.1573457120020888e-05
3704.0,3.38888,1.8860679899563084,0.8702851910155089,44.823231762804134,125.42906423832076,-2.157555366031411e-05
3712.0,3.38864,1.8858953771367786,0.87025419169751,44.82403507451057,125.42700875779626,-2.1577651421266715e-05
3720.0,3.3884,1.8857227475302871,0.870223180221598,44.82483868914951,125.42495259964195,-2.1579750403998164e-05
3728.0,3.38816,1.8855501011270248,0.8701921565803362,44.82564260690089,125.42289576350514,-2.1581850609473745e-05
3736.0,3.38792,1.8853774379172428,0.8701611207662941,44.82644682794369,125.42083824903479,-2.1583952038933203e-05
3744.0,3.38768,1.885204757891111,0.8701300727720211,44.82725135245837,125.41878005587738,-2.1586054693406576e-05
3752.0,3.38744,1.8850320610388416,0.8700990125900693,44.8280561806246,125.41672118368069,-2.1588158574068855e-05
3760.0,3.3872,1.8848593473506308,0.8700679402129827,44.828861312622294,125.41466163209206,-2.1590263682051845e-05
3768.0,3.38696,1.8846866168166245,0.8700368556332914,44.829666748632235,125.41260140075718,-2.159237001836092e-05
3776.0,3.38672,1.8845138694270294,0.8700057588435312,44.83047248883419,125.41054048932368,-2.1594477584232744e-05
3784.0,3.38648,1.884341105171972,0.8699746498362184,44.831278533409154,125.40847889743696,-2.159658638060792e-05
3792.0,3.38624,1.8841683240416198,0.8699435286038717,44.832084882537515,125.40641662474349,-2.1598696408630597e-05
3800.0,3.386,1.8839955260261252,0.8699123951390018,44.83289153639998,125.40435367088922,-2.1600807669448e-05
3808.0,3.38576,1.88382271111559,0.8698812494341052,44.833698495178204,125.40229003551853,-2.1602920164111767e-05
3816.0,3.38552,1.8836498793001772,0.8698500914816844,44.83450575905268,125.40022571827774,-2.16050338938308e-05
3824.0,3.38528,1.883477030569968,0.8698189212742219,44.835313328205466,125.39816071881027,-2.16071488596629e-05
3832.0,3.38504,1.883304164915086,0.869787738804203,44.83612120281781,125.39609503676108,-2.160926506278613e-05
3840.0,3.3848,1.883131282325638,0.8697565440641047,44.83692938307122,125.39402867177466,-2.161138250435081e-05
3848.0,3.38456,1.8829583827916814,0.8697253370463897,44.83773786914816,125.39196162349377,-2.1613501185405478e-05
3856.0,3.3843199999999998,1.8827854663033334,0.8696941177435266,44.83854666122996,125.38989389156319,-2.1615621107189893e-05
3864.0,3.38408,1.8826125328506313,0.8696628861479644,44.83935575949918,125.38782547562565,-2.1617742270650818e-05
3872.0,3.38384,1.882439582423653,0.8696316422521544,44.840165164137765,125.38575637532482,-2.1619864676913902e-05
3880.0,3.3836,1.8822666150124618,0.8696003860485396,44.84097487532803,125.38368659030382,-2.1621988327172633e-05
3888.0,3.38336,1.88209363060707,0.8695691175295494,44.84178489325323,125.38161612020413,-2.162411322245397e-05
3896.0,3.38312,1.8819206291975505,0.8695378366876183,44.84259521809541,125.37954496466926,-2.162623936398532e-05
3904.0,3.38288,1.8817476107738955,0.8695065435151612,44.84340585003826,125.37747312333978,-2.1628366752849156e-05
3912.0,3.38264,1.8815745753261381,0.8694752380045956,44.844216789264635,125.37540059585778,-2.1630495390223548e-05
3920.0,3.3824,1.8814015228442964,0.8694439201483306,44.845028035957654,125.37332738186488,-2.1632625277295814e-05
3928.0,3.38216,1.881228453318336,0.8694125899387608,44.845839590301416,125.37125348100095,-2.16347564151145e-05
3936.0,3.38192,1.8810553667382859,0.869381247368287,44.84665145247886,125.3691788929079,-2.1636888804950196e-05
3944.0,3.38168,1.8808822630940911,0.86934989242929,44.84746362267423,125.36710361722541,-2.163902244777743e-05
3952.0,3.38144,1.8807091423757398,0.8693185251141524,44.84827610107115,125.36502765359423,-2.1641157344765016e-05
3960.0,3.3811999999999998,1.880536004573205,0.8692871454152495,44.84908888785349,125.36295100165468,-2.1643293497081777e-05
3968.0,3.38096,1.880362849676408,0.869255753324942,44.84990198320592,125.36087366104567,-2.1645430905717663e-05
3976.0,3.38072,1.8801896776753315,0.869224348835596,44.85071538731214,125.35879563140783,-2.1647569571900086e-05
3984.0,3.38048,1.8800164885598762,0.8691929319395578,44.85152910035761,125.3567169123786,-2.1649709496791693e-05
3992.0,3.38024,1.8798432823199849,0.8691615026291764,44.852343122526804,125.35463750359723,-2.1651850681592144e-05
4000.0,3.38,1.8796700589455846,0.8691300608967919,44.85315745400444,125.35255740470245,-2.1653993127476426e-05
4008.0,3.37976,1.8794968184265495,0.8690986067347304,44.85397209497616,125.35047661533129,-2.165613683548383e-05
4016.0,3.37952,1.8793235607528176,0.8690671401353239,44.85478704562656,125.34839513512279,-2.165828180690653e-05
4024.0,3.37928,1.8791502859142422,0.8690356610908836,44.85560230614168,125.34631296371346,-2.1660428042783824e-05
4032.0,3.37904,1.8789769939007197,0.8690041695937237,44.85641787670681,125.34423010074107,-2.166257554433387e-05
4040.0,3.3788,1.8788036847021314,0.86897266563615,44.857233757507494,125.34214654584295,-2.1664724312728564e-05
4048.0,3.37856,1.8786303583083055,0.8689411492104535,44.858049948730155,125.34006229865483,-2.1666874349013376e-05
4056.0,3.37832,1.878457014709133,0.8689096203089315,44.85886645056017,125.33797735881434,-2.1669025654446556e-05
4064.0,3.37808,1.8782836538944228,0.8688780789238606,44.85968326318423,125.33589172595674,-2.1671178230039637e-05
4072.0,3.37784,1.8781102758540251,0.8688465250475201,44.86050038678837,125.3338053997185,-2.1673332076970693e-05
4080.0,3.3776,1.8779368805777754,0.8688149586721812,44.86131782155892,125.33171837973555,-2.1675487196414706e-05
4088.0,3.37736,1.8777634680554571,0.8687833797901,44.86213556768315,125.32963066564224,-2.1677643589444893e-05
4096.0,3.37712,1.8775900382769155,0.868751788393539,44.86295362534719,125.32754225707485,-2.1679801257307174e-05
4104.0,3.37688,1.8774165912319118,0.8687201844747398,44.86377199473899,125.32545315366637,-2.1681960201170363e-05
4112.0,3.37664,1.8772431269102514,0.8686885680259465,44.864590676045516,125.3233633550516,-2.168412042228038e-05
4120.0,3.3764,1.877069645301722,0.8686569390393952,44.86540966945404,125.32127286086477,-2.168628192184922e-05
4128.0,3.37616,1.8768961463960576,0.8686252975073064,44.86622897515291,125.31918167073809,-2.1688444701030275e-05
4136.0,3.37592,1.8767226301830577,0.8685936434219075,44.86704859332921,125.31708978430615,-2.169060876112498e-05
4144.0,3.37568,1.8765490966524363,0.8685619767754046,44.867868524171,125.31499720120186,-2.1692774103027672e-05
4152.0,3.3754399999999998,1.8763755457939506,0.8685302975600065,44.86868876786596,125.31290392105873,-2.169494072792877e-05
4160.0,3.3752,1.8762019775973429,0.8684986057679142,44.8695093246021,125.31080994350974,-2.1697108637015585e-05
4168.0,3.37496,1.8760283920523024,0.868466901391313,44.870330194568346,125.30871526818633,-2.1699277831367504e-05
4176.0,3.37472,1.8758547891485813,0.868435184422395,44.871151377952465,125.30661989472192,-2.170144831223353e-05
4184.0,3.37448,1.8756811688758468,0.8684034548533308,44.871972874944206,125.30452382274622,-2.170362008084724e-05
4192.0,3.37424,1.8755075312238103,0.8683717126762942,44.872794685732224,125.30242705189103,-2.1705793138476144e-05
4200.0,3.374,1.875333876182166,0.86833995788345,44.87361681050534,125.30032958178784,-2.170796748629522e-05
4208.0,3.37376,1.8751602037405555,0.8683081904669482,44.874439249453125,125.29823141206664,-2.1710143125306763e-05
4216.0,3.37352,1.8749865138886839,0.8682764104189451,44.875262002764345,125.29613254235903,-2.1712320056824527e-05
4224.0,3.37328,1.874812806616171,0.8682446177315758,44.87608507062937,125.29403297229402,-2.1714498282005e-05
4232.0,3.37304,1.8746390819126795,0.8682128123969778,44.87690845323767,125.291932701502,-2.1716677802097184e-05
4240.0,3.3728,1.8744653397678568,0.8681809944072806,44.87773215077896,125.28983172961281,-2.1718858618309984e-05
4248.0,3.37256,1.874291580171296,0.868149163754598,44.87855616344396,125.28773005625443,-2.1721040731750544e-05
4256.0,3.37232,1.8741178031126549,0.8681173204310505,44.879380491422246,125.28562768105706,-2.1723224143748042e-05
4264.0,3.37208,1.8739440085815053,0.8680854644287374,44.88020513490465,125.28352460364859,-2.1725408855301682e-05
4272.0,3.37184,1.8737701965674634,0.8680535957397602,44.88103009408141,125.28142082365797,-2.1727594867629626e-05
4280.0,3.3716,1.8735963670601283,0.8680217143562124,44.88185536914313,125.27931634071359,-2.1729782181974706e-05
4288.0,3.37136,1.873422520049046,0.867989820270172,44.8826809602815,125.27721115444203,-2.1731970799502658e-05
4296.0,3.37112,1.8732486555238266,0.8679579134737234,44.88350686768685,125.27510526447207,-2.1734160721505653e-05
4304.0,3.37088,1.8730747734739936,0.8679259939589294,44.884333091551255,125.27299867042932,-2.1736351949143264e-05
4312.0,3.37064,1.8729008738891146,0.8678940617178559,44.88515963206593,125.27089137194103,-2.173854448368299e-05
4320.0,3.3704,1.8727269567587415,0.8678621167425596,44.885986489422294,125.26878336863405,-2.174073832637075e-05
4328.0,3.37016,1.87255302207237,0.8678301590250823,44.8868136638127,125.26667466013359,-2.174293347827051e-05
4336.0,3.36992,1.8723790698195628,0.867798188557472,44.88764115542845,125.26456524606674,-2.174512994073921e-05
4344.0,3.36968,1.8722050999897952,0.8677662053317553,44.88846896446203,125.26245512605855,-2.1747327714763706e-05
4352.0,3.36944,1.8720311125725875,0.8677342093399617,44.88929709110536,125.26034429973505,-2.174952680158067e-05
4360.0,3.3692,1.871857107557443,0.8677022005741117,44.89012553555073,125.25823276672159,-2.175172720241752e-05
4368.0,3.36896,1.871683084933811,0.8676701790262107,44.89095429799151,125.25612052664171,-2.17539289184554e-05
4376.0,3.36872,1.8715090446912062,0.8676381446882703,44.89178337861973,125.25400757912124,-2.1756131950986494e-05
4384.0,3.36848,1.8713349868190543,0.8676060975522804,44.89261277762935,125.25189392378238,-2.1758336301250544e-05
4392.0,3.36824,1.871160911306827,0.8675740376102338,44.89344249521335,125.24977956024928,-2.1760541970548984e-05
4400.0,3.368,1.8709868181439793,0.8675419648541144,44.89427253156483,125.24766448814579,-2.1762748960124645e-05
4408.0,3.36776,1.8708127073199097,0.8675098792758906,44.895102886877766,125.2455487070942,-2.176495727101065e-05
4416.0,3.36752,1.8706385788240842,0.8674777808675372,44.89593356134519,125.24343221671847,-2.1767166904588613e-05
4424.0,3.36728,1.8704644326458792,0.8674456696210071,44.896764555161845,125.24131501663986,-2.1769377862039683e-05
4432.0,3.36704,1.870290268774717,0.8674135455282562,44.89759586852152,125.23919710648107,-2.177159014466838e-05
4440.0,3.3668,1.8701160872000029,0.8673814085812317,44.89842750161819,125.23707848586442,-2.177380375368977e-05
4448.0,3.3665599999999998,1.8699418879110872,0.8673492587718645,44.89925945464659,125.23495915441067,-2.177601869014007e-05
4456.0,3.36632,1.8697676708973863,0.867317096092093,44.900091727800614,125.23283911174236,-2.1778234955366964e-05
4464.0,3.36608,1.869593436148229,0.8672849205338329,44.90092432127568,125.23071835747949,-2.178045255052077e-05
4472.0,3.36584,1.8694191836529883,0.8672527320890032,44.90175723526637,125.22859689124334,-2.1782671476865907e-05
4480.0,3.3656,1.8692449134010214,0.867220530749514,44.90259046996763,125.22647471265456,-2.1784891735669874e-05
4488.0,3.36536,1.8690706253816285,0.8671883165072591,44.90342402557556,125.2243518213316,-2.1787113328169345e-05
4496.0,3.36512,1.868896319584178,0.8671560893541397,44.90425790228487,125.22222821689557,-2.1789336255699663e-05
4504.0,3.36488,1.8687219959979464,0.867123849282034,44.905092100291895,125.22010389896455,-2.17915605194204e-05
4512.0,3.36464,1.8685476546122586,0.8670915962828237,44.9059266197922,125.21797886715812,-2.179378612062065e-05
4520.0,3.3644,1.8683732954164214,0.8670593303483815,44.90676146098147,125.21585312109558,-2.1796013060561743e-05
4528.0,3.36416,1.868198918399686,0.8670270514705639,44.9075966240561,125.21372666039505,-2.1798241340212047e-05
4536.0,3.36392,1.868024523551371,0.8669947596412345,44.908432109211695,125.211599484676,-2.180047096096242e-05
4544.0,3.36368,1.867850110860705,0.8669624548522344,44.90926791664568,125.20947159355482,-2.1802701924034107e-05
4552.0,3.3634399999999998,1.867675680316963,0.8669301370954078,44.91010404655441,125.2073429866497,-2.180493423072237e-05
4560.0,3.3632,1.867501231909402,0.8668978063625896,44.910940499134625,125.20521366357808,-2.1807167882334807e-05
4568.0,3.36296,1.867326765627222,0.8668654626455987,44.91177727458431,125.2030836239549,-2.1809402880135835e-05
4576.0,3.36272,1.8671522814596924,0.8668331059362611,44.91261437309997,125.20095286739812,-2.1811639225510155e-05
4584.0,3.36248,1.86697777939599,0.8668007362263798,44.91345179487945,125.1988213935232,-2.1813876919493965e-05
4592.0,3.36224,1.8668032594253394,0.866768353507761,44.914289540120016,125.19668920194665,-2.1816115963401038e-05
4600.0,3.362,1.8666287215369477,0.8667359577722021,44.91512760901924,125.1945562922845,-2.181835635851738e-05
4608.0,3.36176,1.8664541657199654,0.866703549011484,44.915966001775615,125.19242266415132,-2.1820598105974796e-05
4616.0,3.36152,1.8662795919636106,0.8666711272173948,44.9168047185865,125.19028831716346,-2.1822841207133318e-05
4624.0,3.36128,1.8661050002570105,0.8666386923816995,44.91764375965112,125.18815325093388,-2.1825085663245024e-05
4632.0,3.36104,1.8659303905893396,0.8666062444961665,44.918483125167704,125.18601746507744,-2.1827331475648355e-05
4640.0,3.3608,1.8657557629497543,0.8665737835525549,44.91932281533472,125.18388095920847,-2.1829578645647816e-05
4648.0,3.36056,1.8655811173273527,0.8665413095426073,44.92016283035173,125.18174373293928,-2.1831827174399897e-05
4656.0,3.3603199999999998,1.865406453711303,0.8665088224580737,44.921003170417045,125.17960578588455,-2.1834077063341715e-05
4664.0,3.36008,1.8652317720906815,0.8664763222906807,44.92184383573051,125.17746711765632,-2.1836328313589666e-05
4672.0,3.35984,1.8650570724546103,0.8664438090321585,44.92268482649123,125.17532772786794,-2.183858092646984e-05
4680.0,3.3596,1.8648823547921953,0.8664112826742276,44.92352614289855,125.17318761613218,-2.1840834903296012e-05
4688.0,3.35936,1.8647076190924847,0.8663787432085925,44.924367785152846,125.17104678206017,-2.184309024520924e-05
4696.0,3.35912,1.8645328653445954,0.8663461906269648,44.92520975345329,125.16890522526505,-2.1845346953603466e-05
4704.0,3.35888,1.8643580935375528,0.8663136249210328,44.926052048000635,125.16676294535712,-2.184760502963518e-05
4712.0,3.35864,1.8641833036604292,0.866281046082488,44.92689466899484,125.16461994194819,-2.184986447462431e-05
4720.0,3.3584,1.8640084957022796,0.8662484541030128,44.92773761663616,125.16247621464946,-2.18521252898692e-05
4728.0,3.35816,1.8638336696521014,0.8662158489742732,44.92858089112587,125.16033176307042,-2.1854387476541756e-05
4736.0,3.35792,1.863658825498961,0.8661832306879418,44.929424492664026,125.15818658682262,-2.185665103604517e-05
4744.0,3.3576799999999998,1.8634839632318319,0.8661505992356685,44.93026842145261,125.15604068551431,-2.1858915969650036e-05
4752.0,3.35744,1.8633090828397352,0.866117954609106,44.93111267769256,125.1538940587555,-2.186118227870404e-05
4760.0,3.3572,1.8631341843116742,0.8660852967998979,44.93195726158514,125.15174670615565,-2.18634499645672e-05
4768.0,3.35696,1.862959267636593,0.8660526257996708,44.93280217333266,125.14959862732219,-2.1865719028436097e-05
4776.0,3.35672,1.8627843328035063,0.8660199416000588,44.9336474131362,125.14744982186497,-2.1867989471757105e-05
4784.0,3.35648,1.862609379801335,0.8659872441926724,44.93449298119826,125.14530028939123,-2.1870261295646608e-05
4792.0,3.35624,1.8624344086190483,0.8659545335691252,44.93533887772066,125.14315002950947,-2.1872534501452298e-05
4800.0,3.356,1.8622594192455977,0.865921809721022,44.93618510290554,125.14099904182763,-2.1874809090515696e-05
4808.0,3.35576,1.8620844116698754,0.8658890726399502,44.93703165695605,125.13884732595191,-2.18770850640087e-05
4816.0,3.35552,1.8619093858808449,0.8658563223175046,44.9378785400741,125.13669488149064,-2.1879362423362265e-05
4824.0,3.35528,1.8617343418673749,0.8658235587452568,44.938725752463384,125.13454170804889,-2.188164116979147e-05
4832.0,3.35504,1.8615592796183826,0.8657907819147813,44.93957329432664,125.13238780523344,-2.188392130467176e-05
4840.0,3.3548,1.8613841991227678,0.8657579918176432,44.94042116586699,125.13023317265049,-2.1886202829344652e-05
4848.0,3.35456,1.8612091003693692,0.8657251884453907,44.941269367288676,125.12807780990424,-2.1888485745068396e-05
4856.0,3.35432,1.8610339833470984,0.8656923717895793,44.942117898794585,125.12592171660127,-2.189077005329862e-05
4864.0,3.35408,1.8608588480447716,0.8656595418417408,44.94296676058904,125.12376489234563,-2.1893055755133216e-05
4872.0,3.35384,1.8606836944512537,0.8656266985934103,44.943815952875696,125.12160733674256,-2.1895342851956874e-05
4880.0,3.3536,1.8605085225553912,0.8655938420361134,44.94466547585857,125.11944904939665,-2.1897631345098773e-05
4888.0,3.35336,1.8603333323459714,0.8655609721613589,44.9455153297428,125.11729002991059,-2.189992123581101e-05
4896.0,3.35312,1.8601581238118534,0.8655280889606624,44.946365514732136,125.11513027788946,-2.190221252552761e-05
4904.0,3.35288,1.8599828969418009,0.8654951924255163,44.94721603103199,125.11296979293529,-2.190450521543282e-05
4912.0,3.35264,1.859807651724626,0.865462282547416,44.94806687884694,125.11080857465166,-2.190679930688666e-05
4920.0,3.3524,1.8596323881491232,0.8654293593178473,44.94891805838196,125.10864662264146,-2.1909094801267656e-05
4928.0,3.35216,1.8594571062040264,0.8653964227282788,44.94976956984326,125.10648393650553,-2.1911391699874156e-05
4936.0,3.35192,1.8592818058781417,0.8653634727701867,44.95062141343554,125.10432051584719,-2.1913690004149444e-05
4944.0,3.35168,1.8591064871601797,0.8653305094350231,44.95147358936507,125.102156360267,-2.1915989715246924e-05
4952.0,3.35144,1.8589311500388992,0.8652975327142434,44.952326097837414,125.09999146936687,-2.1918290834557456e-05
4960.0,3.3512,1.8587557945030415,0.8652645425992934,44.95317893905846,125.09782584274807,-2.1920593363444147e-05
4968.0,3.35096,1.8585804205412875,0.8652315390816016,44.95403211323525,125.09565948000993,-2.1922897303186836e-05
4976.0,3.35072,1.85840502814239,0.8651985221526041,44.954885620573435,125.09349238075416,-2.1925202655225735e-05
4984.0,3.35048,1.8582296172950044,0.8651654918037124,44.95573946128074,125.0913245445787,-2.1927509420905438e-05
4992.0,3.35024,1.8580541879878363,0.8651324480263416,44.956593635563806,125.0891559710835,-2.192981760168158e-05
5000.0,3.35,1.8578787402095722,0.8650993908118971,44.95744814362952,125.08698665986807,-2.1932127198926515e-05
5008.0,3.34976,1.8577032739488373,0.8650663201517665,44.958302985685776,125.08481661053003,-2.1934438213870742e-05
5016.0,3.34952,1.8575277891943305,0.8650332360373455,44.95915816193932,125.0826458226691,-2.193675064800998e-05
5024.0,3.34928,1.8573522859346527,0.865000138460005,44.96001367259833,125.08047429588267,-2.1939064502506873e-05
5032.0,3.34904,1.8571767641584556,0.8649670274111196,44.96086951787026,125.07830202976925,-2.1941379778749202e-05
5040.0,3.3487999999999998,1.8570012238543723,0.8649339028820541,44.961725697962784,125.07612902392697,-2.1943696478075408e-05
5048.0,3.34856,1.8568256650109762,0.8649007648641558,44.96258221308439,125.07395527795265,-2.1946014601580287e-05
5056.0,3.34832,1.8566500876169127,0.86486761334878,44.9634390634426,125.07178079144468,-2.1948334150719468e-05
5064.0,3.34808,1.8564744916607308,0.8648344483272572,44.964296249247056,125.06960556399777,-2.1950655126877648e-05
5072.0,3.34784,1.8562988771310287,0.8648012697909213,44.96515377070619,125.0674295952088,-2.1952977531461107e-05
5080.0,3.3476,1.8561232440163864,0.8647680777310965,44.96601162802877,125.0652528846739,-2.195530136587921e-05
5088.0,3.34736,1.8559475923053215,0.8647348721390892,44.966869821424844,125.06307543198683,-2.1957626631454977e-05
5096.0,3.34712,1.855771921986426,0.8647016530062135,44.96772835110299,125.06089723674418,-2.1959953329696456e-05
5104.0,3.34688,1.8555962330481923,0.8646684203237587,44.968587217273374,125.05871829853974,-2.196228146179097e-05
5112.0,3.34664,1.8554205254791643,0.8646351740830176,44.9694464201454,125.05653861696852,-2.1964611029178733e-05
5120.0,3.3464,1.855244799267867,0.8646019142752733,44.9703059599289,125.05435819162496,-2.196694203328452e-05
5128.0,3.34616,1.8550690544027613,0.8645686408917906,44.97116583683489,125.05217702210129,-2.196927447543752e-05
5136.0,3.34592,1.854893290872385,0.8645353539238426,44.97202605107291,125.04999510799243,-2.1971608357148867e-05
5144.0,3.3456799999999998,1.854717508665175,0.8645020533626772,44.97288660285416,125.0478124488901,-2.197394367963364e-05
5152.0,3.34544,1.8545417077696198,0.8644687391995457,44.97374749238905,125.04562904438761,-2.19762804443413e-05
5160.0,3.3452,1.8543658881741887,0.8644354114256897,44.9746087198883,125.04344489407774,-2.1978618652668873e-05
5168.0,3.34496,1.854190049867289,0.8644020700323328,44.97547028556367,125.04125999755148,-2.1980958305874616e-05
5176.0,3.34472,1.8540141928374023,0.8643687150107066,44.97633218962565,125.03907435440193,-2.198329940545733e-05
5184.0,3.34448,1.8538383170729122,0.8643353463520175,44.97719443228629,125.03688796421963,-2.1985641952613582e-05
5192.0,3.34424,1.8536624225622524,0.8643019640474755,44.978057013756874,125.03470082659638,-2.198798594874966e-05
5200.0,3.344,1.8534865092938373,0.8642685680882808,44.97891993424919,125.03251294112309,-2.199033139532119e-05
5208.0,3.34376,1.8533105772560188,0.8642351584656149,44.97978319397649,125.03032430738803,-2.1992678293789963e-05
5216.0,3.34352,1.853134626437224,0.8642017351706682,44.98064679315017,125.02813492498281,-2.1995026645630108e-05
5224.0,3.34328,1.8529586568257785,0.8641682981946047,44.98151073198348,125.02594479349557,-2.199737645212147e-05
5232.0,3.34304,1.8527826684100601,0.8641348475285926,44.98237501068881,125.02375391251603,-2.1999727714722755e-05
5240.0,3.3428,1.852606661178428,0.8641013831637899,44.98323962947886,125.02156228163356,-2.2002080434858752e-05
5248.0,3.3425599999999998,1.8524306351191768,0.8640679050913364,44.98410458856726,125.01936990043588,-2.2004434613759954e-05
5256.0,3.34232,1.8522545902206782,0.86403441330238,44.984969888166525,125.01717676851256,-2.2006790252959092e-05
5264.0,3.34208,1.8520785264712023,0.8640009077880431,44.98583552849087,125.01498288545027,-2.200914735372983e-05
5272.0,3.34184,1.8519024438590717,0.8639673885394517,44.9867015097536,125.01278825083723,-2.2011505917518548e-05
5280.0,3.3416,1.851726342372589,0.8639338555477216,44.987567832168445,125.01059286426094,-2.201386594578704e-05
5288.0,3.34136,1.8515502219999935,0.8639003088039505,44.9884344959504,125.00839672530654,-2.2016227439892238e-05
5296.0,3.34112,1.8513740827296006,0.863866748299244,44.9893015013129,125.00619983356204,-2.2018590401379212e-05
5304.0,3.34088,1.851197924549624,0.8638331740246822,44.99016884847116,125.00400218861225,-2.202095483149696e-05
5312.0,3.34064,1.8510217474483293,0.8637995859713484,44.99103653763952,125.00180379004348,-2.202332073173194e-05
5320.0,3.3404,1.8508455514139635,0.8637659841303165,44.99190456903269,124.99960463744158,-2.2025688103536705e-05
5328.0,3.34016,1.8506693364347084,0.8637323684926409,44.99277294286646,124.99740473039043,-2.202805694820959e-05
5336.0,3.33992,1.8504931024988238,0.8636987390493852,44.9936416593553,124.99520406847621,-2.203042726728641e-05
5344.0,3.33968,1.8503168495944655,0.8636650957915865,44.99451071871564,124.99300265128156,-2.2032799062142603e-05
5352.0,3.3394399999999997,1.8501405777098427,0.8636314387102856,44.995380121162874,124.99080047839098,-2.203517233425847e-05
5360.0,3.3392,1.8499642868331456,0.8635977677965133,44.99624986691266,124.98859754938857,-2.2037547085086552e-05
5368.0,3.33896,1.8497879769524987,0.8635640830412817,44.99711995618165,124.98639386385659,-2.2039923315863514e-05
5376.0,3.33872,1.8496116480561047,0.8635303844356111,44.99799038918535,124.98418942137938,-2.2042301028156002e-05
5384.0,3.33848,1.849435300132063,0.863496671970496,44.99886116614122,124.98198422153794,-2.2044680223351795e-05
5392.0,3.33824,1.8492589331685254,0.863462945636934,44.99973228726565,124.9797782639151,-2.204706090293736e-05
5400.0,3.338,1.8490825471536247,0.8634292054259133,45.00060375277534,124.97757154809302,-2.204944306837141e-05
5408.0,3.33776,1.8489061420754285,0.8633954513284023,45.00147556288811,124.97536407365192,-2.205182672097387e-05
5416.0,3.33752,1.8487297179220818,0.8633616833353788,45.00234771782047,124.97315584017433,-2.2054211862305222e-05
5424.0,3.33728,1.8485532746816264,0.8633279014377934,45.00322021779085,124.97094684723956,-2.2056598493740915e-05
5432.0,3.33704,1.8483768123421564,0.8632941056266009,45.004093063016654,124.96873709442856,-2.205898661676432e-05
5440.0,3.3367999999999998,1.8482003308917472,0.863260295892746,45.004966253715615,124.96652658132177,-2.2061376232874246e-05
5448.0,3.33656,1.8480238303184078,0.8632264722271538,45.0058397901066,124.96431530749756,-2.2063767343362867e-05
5456.0,3.33632,1.8478473106102262,0.8631926346207585,45.00671367240714,124.96210327253674,-2.206615994984001e-05
5464.0,3.33608,1.847670771755186,0.8631587830644674,45.00758790083661,124.95989047601684,-2.2068554053637933e-05
5472.0,3.33584,1.8474942137413233,0.8631249175491916,45.00846247561344,124.95767691751705,-2.2070949656252362e-05
5480.0,3.3356,1.847317636556656,0.8630910380658323,45.00933739695637,124.95546259661604,-2.2073346759172842e-05
5488.0,3.33536,1.8471410401891353,0.8630571446052712,45.010212665085206,124.95324751289057,-2.2075745363700802e-05
5496.0,3.33512,1.8469644246267911,0.8630232371583985,45.011088280218495,124.95103166591964,-2.2078145471418312e-05
5504.0,3.33488,1.8467877898575495,0.8629893157160781,45.01196424257656,124.94881505527916,-2.2080547083648385e-05
5512.0,3.33464,1.8466111358693895,0.8629553802691775,45.0128405523788,124.9465976805466,-2.208295020188057e-05
5520.0,3.3344,1.8464344626502704,0.8629214308085539,45.01371720984503,124.94437954129876,-2.208535482764451e-05
5528.0,3.33416,1.8462577701880853,0.8628874673250451,45.01459421519644,124.94216063711002,-2.208776096235882e-05
5536.0,3.33392,1.8460810584708063,0.8628534898094975,45.01547156865254,124.93994096755767,-2.2090168607611742e-05
5544.0,3.33368,1.8459043274862994,0.8628194982527307,45.01634927043481,124.9377205322155,-2.2092577764757123e-05
5552.0,3.33344,1.8457275772224853,0.8627854926455681,45.01722732076375,124.93549933065897,-2.209498843534003e-05
5560.0,3.3332,1.8455508076672642,0.8627514729788227,45.018105719860245,124.93327736246304,-2.2097400620877766e-05
5568.0,3.33296,1.8453740188084693,0.8627174392432877,45.018984467946346,124.93105462720055,-2.209981432274577e-05
5576.0,3.33272,1.8451972106340142,0.8626833914297656,45.019863565242694,124.9288311244468,-2.210222954256004e-05
5584.0,3.33248,1.845020383131704,0.8626493295290311,45.02074301197207,124.92660685377331,-2.2104646281770027e-05
5592.0,3.33224,1.8448435362893998,0.8626152535318631,45.02162280835613,124.92438181475363,-2.2107064541960887e-05
5600.0,3.332,1.8446666700949421,0.86258116342903,45.02250295461674,124.92215600696083,-2.210948432463759e-05
5608.0,3.33176,1.844489784536104,0.8625470592112806,45.0233834509768,124.9199294299662,-2.2111905631076888e-05
5616.0,3.33152,1.8443128796007389,0.8625129408693722,45.02426429765807,124.91770208334304,-2.2114328462950288e-05
5624.0,3.33128,1.8441359552765941,0.8624788083940356,45.02514549488396,124.91547396666199,-2.2116752821553048e-05
5632.0,3.33104,1.843959011551471,0.8624446617760045,45.026027042877,124.91324507949504,-2.2119178708411723e-05
5640.0,3.3308,1.8437820484131513,0.8624105010060032,45.02690894186016,124.91101542141342,-2.2121606125052873e-05
5648.0,3.33056,1.843605065849349,0.8623763260747354,45.027791192057684,124.90878499198608,-2.2124035072904366e-05
5656.0,3.33032,1.8434280638478586,0.8623421369729138,45.02867379369224,124.90655379078478,-2.2126465553569858e-05
5664.0,3.33008,1.843251042396367,0.8623079336912242,45.02955674698872,124.90432181737737,-2.2128897568523482e-05
5672.0,3.32984,1.843074001482616,0.8622737162203554,45.03044005217082,124.90208907133369,-2.2131331119344216e-05
5680.0,3.3296,1.842896941094327,0.8622394845509863,45.031323709462484,124.89985555222329,-2.213376620753703e-05
5688.0,3.32936,1.8427198612191538,0.8622052386737757,45.03220771908856,124.89762125961403,-2.213620283434476e-05
5696.0,3.32912,1.8425427618448318,0.8621709785793916,45.03309208127289,124.89538619307562,-2.2138641001445076e-05
5704.0,3.32888,1.8423656429589872,0.8621367042584738,45.03397679624134,124.8931503521744,-2.2141080710272013e-05
5712.0,3.32864,1.8421885045493023,0.8621024157016665,45.03486186421863,124.8909137364786,-2.2143521962404557e-05
5720.0,3.3284,1.842011346603439,0.8620681128996033,45.03574728542985,124.88867634555561,-2.214596475939702e-05
5728.0,3.32816,1.8418341691089888,0.862033795842897,45.03663306010147,124.8864381789703,-2.2148409102701943e-05
5736.0,3.3279199999999998,1.8416569720536278,0.8619994645221705,45.03751918845833,124.88419923629063,-2.2150854993975412e-05
5744.0,3.32768,1.84147975542492,0.8619651189280179,45.038405670727286,124.88195951708107,-2.215330243462679e-05
5752.0,3.32744,1.8413025192104868,0.8619307590510376,45.03929250713417,124.8797190209078,-2.2155751426253564e-05
5760.0,3.3272,1.841125263397929,0.8618963848818173,45.04017969790514,124.87747774733643,-2.2158201970403882e-05
5768.0,3.32696,1.8409479879747777,0.8618619964109248,45.04106724326742,124.87523569593074,-2.2160654068428512e-05
5776.0,3.32672,1.840770692928647,0.8618275936289362,45.04195514344699,124.8729928662567,-2.2163107722014378e-05
5784.0,3.32648,1.8405933782470412,0.8617931765264006,45.04284339867166,124.87074925787704,-2.2165562932515332e-05
5792.0,3.32624,1.8404160439175208,0.8617587450938705,45.04373200916828,124.86850487035625,-2.216801970154429e-05
5800.0,3.326,1.840238689927626,0.8617242993218877,45.04462097516409,124.86625970325802,-2.217047803065247e-05
5808.0,3.32576,1.8400613162648267,0.8616898392009736,45.04551029688762,124.86401375614376,-2.217293792128008e-05
5816.0,3.32552,1.839883922916677,0.8616553647216592,45.04639997456586,124.8617670285777,-2.217539937510788e-05
5824.0,3.32528,1.839706509870618,0.8616208758744464,45.04729000842807,124.85951952011995,-2.2177862393643918e-05
5832.0,3.32504,1.8395290771141493,0.861586372649842,45.04818039870232,124.85727123033277,-2.2180326978531945e-05
5840.0,3.3247999999999998,1.8393516246347483,0.8615518550383411,45.04907114561693,124.85502215877804,-2.2182793131344772e-05
5848.0,3.32456,1.8391741524198228,0.861517323030419,45.04996224940122,124.85277230501575,-2.218526085339308e-05
5856.0,3.32432,1.8389966604568648,0.8614827766165599,45.05085371028339,124.85052166860795,-2.218773014642239e-05
5864.0,3.32408,1.8388191487332544,0.8614482157872196,45.05174552849343,124.84827024911368,-2.2190201011811226e-05
5872.0,3.32384,1.8386416172364286,0.8614136405328583,45.05263770426036,124.84601804609355,-2.2192673451150908e-05
5880.0,3.3236,1.8384640659538038,0.8613790508439247,45.05353023781367,124.84376505910735,-2.219514746605743e-05
5888.0,3.32336,1.8382864948727258,0.8613444467108473,45.05442312938421,124.84151128771242,-2.2197623058020336e-05
5896.0,3.32312,1.8381089039806247,0.8613098281240639,45.055316379201166,124.83925673146913,-2.220010022875739e-05
5904.0,3.32288,1.8379312932648175,0.8612751950739832,45.0562099874957,124.83700138993426,-2.2202578979668708e-05
5912.0,3.32264,1.8377536627126798,0.8612405475510188,45.057103954498,124.8347452626663,-2.2205059312394953e-05
5920.0,3.3224,1.8375760123115652,0.8612058855455724,45.0579982804386,124.83248834922328,-2.220754122853361e-05
5928.0,3.32216,1.8373983420487565,0.8611712090480256,45.05889296554925,124.83023064916115,-2.2210024729506382e-05
5936.0,3.32192,1.8372206519116219,0.8611365180487691,45.05978801006024,124.82797216203825,-2.221250981702178e-05
5944.0,3.3216799999999997,1.8370429418874155,0.8611018125381648,45.060683414203965,124.8257128874092,-2.2214996492563187e-05
5952.0,3.32144,1.8368652119634499,0.8610670925065788,45.06157917821174,124.82345282483064,-2.2217484757765095e-05
5960.0,3.3212,1.8366874621270162,0.8610323579443658,45.062475302315256,124.82119197385846,-2.2219974614262e-05
5968.0,3.32096,1.8365096923653326,0.8609976088418598,45.063371786747624,124.81893033404613,-2.222246606356812e-05
5976.0,3.32072,1.836331902665705,0.8609628451894045,45.06426863174027,124.81666790495001,-2.222495910742281e-05
5984.0,3.32048,1.8361540930153228,0.8609280669773137,45.06516583752668,124.81440468612286,-2.222745374726936e-05
5992.0,3.32024,1.8359762634014352,0.8608932741959062,45.066063404339296,124.8121406771192,-2.2229949984779267e-05
6000.0,3.32,1.8357984138112695,0.8608584668354893,45.06696133241084,124.80987587749325,-2.2232447821553105e-05
6008.0,3.31976,1.8356205442319822,0.8608236448863493,45.06785962197493,124.80761028679757,-2.22349472588738e-05
6016.0,3.31952,1.835442654650815,0.8607888083387825,45.06875827326415,124.80534390458652,-2.223744829851462e-05
6024.0,3.31928,1.8352647450548951,0.860753957183055,45.06965728651332,124.80307673041071,-2.223995094202988e-05
6032.0,3.31904,1.8350868154314086,0.8607190914094381,45.070556661955955,124.80080876382287,-2.22424551910695e-05
6040.0,3.3188,1.8349088657675199,0.8606842110081914,45.07145639982596,124.79854000437506,-2.224496104727722e-05
6048.0,3.31856,1.8347308960503206,0.860649315969553,45.07235650035859,124.79627045161679,-2.224746851213334e-05
6056.0,3.31832,1.8345529062669894,0.8606144062837712,45.07325696378751,124.79400010510057,-2.22499775874173e-05
6064.0,3.31808,1.8343748964045883,0.8605794819410643,45.07415779034848,124.7917289643752,-2.2252488274593978e-05
6072.0,3.31784,1.8341968664502395,0.8605445429316552,45.075058980276204,124.78945702899135,-2.2255000575356467e-05
6080.0,3.3176,1.8340188163910427,0.8605095892457552,45.07596053380577,124.78718429849899,-2.225751449135776e-05
6088.0,3.31736,1.8338407462140243,0.8604746208735541,45.0768624511736,124.78491077244587,-2.226003002411825e-05
6096.0,3.31712,1.8336626559062985,0.860439637805252,45.077764732614504,124.78263645038241,-2.226254717539887e-05
6104.0,3.31688,1.8334845454548638,0.8604046400310188,45.0786673783651,124.78036133185589,-2.226506594659357e-05
6112.0,3.31664,1.833306414846777,0.8603696275410289,45.07957038866112,124.77808541641511,-2.2267586339339934e-05
6120.0,3.3164,1.8331282640690743,0.8603346003254453,45.08047376373878,124.77580870360815,-2.2270108355321787e-05
6128.0,3.31616,1.832950093108718,0.8602995583744094,45.08137750383567,124.77353119298071,-2.2272631996068783e-05
6136.0,3.3159199999999998,1.832771901952758,0.8602645016780727,45.08228160918767,124.77125288408142,-2.2275157263348017e-05
6144.0,3.31568,1.8325936905881268,0.8602294302265563,45.08318608003303,124.7689737764546,-2.2277684158701473e-05
6152.0,3.31544,1.8324154590018176,0.8601943440099858,45.084090916608794,124.76669386964684,-2.2280212683899335e-05
6160.0,3.3152,1.8322372071808004,0.8601592430184757,45.08499611915225,124.76441316320428,-2.2282742840566848e-05
6168.0,3.31496,1.8320589351119718,0.860124127242118,45.08590168790179,124.76213165667109,-2.228527463010721e-05
6176.0,3.31472,1.8318806427823175,0.8600889966710153,45.086807623094565,124.75984934959361,-2.228780805434612e-05
6184.0,3.31448,1.831702330178704,0.86005385129524,45.08771392496985,124.75756624151465,-2.2290343114800886e-05
6192.0,3.31424,1.8315239972880593,0.8600186911048685,45.088620593765754,124.7552823319789,-2.229287981319852e-05
6200.0,3.314,1.8313456440972877,0.8599835160899658,45.08952762972085,124.75299762053027,-2.229541815123211e-05
6208.0,3.31376,1.8311672705932198,0.8599483262405749,45.090435033075146,124.75071210670998,-2.2297958130480646e-05
6216.0,3.31352,1.830988876762775,0.8599131215467491,45.09134280406691,124.7484257900625,-2.2300499752763654e-05
6224.0,3.31328,1.8308104625927544,0.8598779019985112,45.092250942936325,124.74613867012891,-2.230304301950592e-05
6232.0,3.31304,1.830632028070019,0.8598426675858881,45.09315944992265,124.74385074645188,-2.230558793242829e-05
6240.0,3.3128,1.830453573181408,0.8598074182988955,45.094068325265596,124.74156201857338,-2.2308134493233113e-05
6248.0,3.31256,1.830275097913686,0.8597721541275268,45.094977569206186,124.73927248603304,-2.2310682703462357e-05
6256.0,3.31232,1.8300966022537066,0.859736875061786,45.09588718198383,124.73698214837334,-2.231323256492014e-05
6264.0,3.31208,1.8299180861882036,0.8597015810916454,45.09679716384022,124.73469100513258,-2.2315784079191608e-05
6272.0,3.31184,1.829739549703972,0.8596662722070828,45.09770751501586,124.73239905585125,-2.2318337248000697e-05
6280.0,3.3116,1.8295609927877847,0.8596309483980639,45.09861823575159,124.73010630006932,-2.2320892073074416e-05
6288.0,3.31136,1.829382415426339,0.8595956096545319,45.09952932628942,124.72781273732471,-2.232344855586531e-05
6296.0,3.31112,1.829203817606422,0.8595602559664408,45.100440786869996,124.72551836715766,-2.232600669822375e-05
6304.0,3.31088,1.8290251993147013,0.8595248873237135,45.101352617736055,124.72322318910489,-2.232856650167937e-05
6312.0,3.31064,1.8288465605379058,0.8594895037162772,45.1022648191292,124.72092720270493,-2.2331127967974613e-05
6320.0,3.3104,1.8286679012627414,0.8594541051340476,45.10317739129149,124.71863040749565,-2.2333691098833405e-05
6328.0,3.3101599999999998,1.828489221475838,0.8594186915669179,45.10409033446634,124.71633280301236,-2.233625589581006e-05
6336.0,3.30992,1.8283105211639166,0.8593832630047916,45.10500364889552,124.71403438879341,-2.233882236074569e-05
6344.0,3.30968,1.8281318003135776,0.8593478194375413,45.10591733482288,124.71173516437351,-2.2341390495160694e-05
6352.0,3.30944,1.8279530589114823,0.8593123608550438,45.10683139249122,124.70943512928916,-2.2343960300806752e-05
6360.0,3.3092,1.8277742969442696,0.8592768872471644,45.10774582214384,124.70713428307604,-2.2346531779423213e-05
6368.0,3.30896,1.8275955143985019,0.8592413986037455,45.10866062402546,124.70483262526723,-2.234910493264766e-05
6376.0,3.30872,1.8274167112608326,0.8592058949146401,45.10957579837903,124.70253015539897,-2.2351679762302704e-05
6384.0,3.30848,1.8272378875177933,0.8591703761696695,45.110491345449724,124.70022687300366,-2.235425626996733e-05
6392.0,3.30824,1.8270590431559774,0.8591348423586602,45.11140726548158,124.69792277761556,-2.235683445741173e-05
6400.0,3.308,1.8268801781619564,0.8590992934714263,45.11232355871901,124.69561786876841,-2.235941432637217e-05
6408.0,3.30776,1.8267012925222241,0.8590637294977594,45.11324022540761,124.69331214599387,-2.2361995878335107e-05
6416.0,3.30752,1.8265223862233666,0.8590281504274615,45.11415726579156,124.69100560882602,-2.2364579115187928e-05
6424.0,3.30728,1.8263434592518464,0.8589925562503028,45.11507468011749,124.68869825679475,-2.2367164038589798e-05
6432.0,3.3070399999999998,1.8261645115941896,0.8589569469560586,45.11599246863068,124.68639008943222,-2.236975065034483e-05
6440.0,3.3068,1.8259855432368988,0.8589213225344918,45.11691063157677,124.68408110626997,-2.237233895220471e-05
6448.0,3.30656,1.8258065541663981,0.8588856829753424,45.117829169202736,124.68177130683708,-2.237492894572683e-05
6456.0,3.30632,1.8256275443692058,0.8588500282683612,45.118748081754,124.67946069066548,-2.237752063280782e-05
6464.0,3.30608,1.8254485138317156,0.858814358403267,45.119667369477945,124.67714925728382,-2.2380114014952657e-05
6472.0,3.30584,1.8252694625403854,0.8587786733697835,45.12058703262097,124.67483700622229,-2.238270909395311e-05
6480.0,3.3056,1.825090390481649,0.8587429731576224,45.12150707142986,124.67252393701048,-2.2385305871533115e-05
6488.0,3.30536,1.8249112976418638,0.858707257756472,45.12242748615268,124.67021004917574,-2.2387904349237726e-05
6496.0,3.30512,1.824732184007479,0.8586715271560319,45.123348277035966,124.66789534224804,-2.2390504528935822e-05
6504.0,3.30488,1.8245530495648201,0.8586357813459689,45.12426944432874,124.66557981575313,-2.2393106412314328e-05
6512.0,3.30464,1.8243738943002765,0.8586000203159552,45.12519098827867,124.66326346921902,-2.2395710001180432e-05
6520.0,3.3044,1.824194718200213,0.8585642440556502,45.1261129091339,124.66094630217285,-2.2398315297353674e-05
6528.0,3.30416,1.8240155212509148,0.8585284525546903,45.12703520714417,124.65862831413891,-2.2400922302508636e-05
6536.0,3.30392,1.8238363034387635,0.858492645802723,45.1279578825573,124.65630950464492,-2.240353101857279e-05
6544.0,3.30368,1.8236570647500119,0.8584568237893625,45.12888093562329,124.65398987321487,-2.2406141447125123e-05
6552.0,3.30344,1.823477805170979,0.8584209865042285,45.129804366591095,124.65166941937451,-2.2408753590003665e-05
6560.0,3.3032,1.82329852468796,0.8583851339369284,45.13072817570998,124.64934814264907,-2.2411367448972443e-05
6568.0,3.30296,1.8231192232871707,0.8583492660770459,45.13165236323036,124.64702604256188,-2.2413983025533337e-05
6576.0,3.30272,1.8229399009549219,0.8583133829141761,45.13257692940129,124.64470311863847,-2.2416600321616904e-05
6584.0,3.30248,1.8227605576773975,0.858277484437881,45.13350187447424,124.64237937040029,-2.241921933889773e-05
6592.0,3.30224,1.822581193440847,0.8582415706377279,45.13442719869936,124.64005479737105,-2.2421840079210763e-05
6600.0,3.302,1.822401808231495,0.8582056415032714,45.1353529023272,124.63772939907373,-2.2424462544369374e-05
6608.0,3.30176,1.822222402035487,0.8581696970240424,45.13627898560975,124.63540317502866,-2.2427086736001886e-05
6616.0,3.30152,1.8220429748390636,0.8581337371895835,45.13720544879731,124.6330761247593,-2.2429712656041938e-05
6624.0,3.3012799999999998,1.8218635266283385,0.8580977619894037,45.13813229214227,124.6307482477855,-2.2432340306068516e-05
6632.0,3.30104,1.8216840573894901,0.8580617714130173,45.13905951589599,124.62841954362887,-2.2434969687910405e-05
6640.0,3.3007999999999997,1.8215045671086734,0.8580257654499261,45.13998712031024,124.62609001181023,-2.2437600803384045e-05
6648.0,3.30056,1.821325055771963,0.8579897440896082,45.140915105638214,124.62375965184812,-2.244023365410852e-05
6656.0,3.30032,1.8211455233655294,0.8579537073215527,45.141843472131406,124.62142846326387,-2.244286824202672e-05
6664.0,3.30008,1.8209659698754141,0.8579176551352155,45.14277222004382,124.61909644557441,-2.2445504568847146e-05
6672.0,3.29984,1.820786395287726,0.8578815875200577,45.14370134962812,124.61676359829904,-2.2448142636441767e-05
6680.0,3.2996,1.8206067995885473,0.8578455044655277,45.14463086113739,124.61442992095631,-2.2450782446648614e-05
6688.0,3.29936,1.8204271827638807,0.8578094059610496,45.14556075482615,124.61209541306222,-2.2453424001123772e-05
6696.0,3.29912,1.8202475447998254,0.8577732919960595,45.14649103094723,124.60976007413579,-2.2456067301844056e-05
6704.0,3.29888,1.820067885682351,0.8577371625599591,45.14742168975571,124.60742390369218,-2.245871235045321e-05
6712.0,3.29864,1.8198882053974925,0.8577010176421559,45.14835273150552,124.60508690124851,-2.2461359148820107e-05
6720.0,3.2984,1.8197085039312624,0.8576648572320446,45.149284156450996,124.60274906632118,-2.246400769880746e-05
6728.0,3.29816,1.81952878126959,0.8576286813189953,45.15021596484786,124.60041039842416,-2.2466658002037424e-05
6736.0,3.29792,1.8193490373985026,0.8575924898923901,45.15114815695018,124.59807089707431,-2.2469310060496068e-05
6744.0,3.29768,1.8191692723038984,0.857556282941577,45.152080733014145,124.5957305617848,-2.2471963875771623e-05
6752.0,3.29744,1.8189894859717417,0.8575200604559096,45.153013693294895,124.59338939207068,-2.2474619449754558e-05
6760.0,3.2972,1.8188096783879717,0.8574838224247283,45.153947038048074,124.59104738744604,-2.247727678429216e-05
6768.0,3.29696,1.818629849538446,0.8574475688373492,45.154880767530976,124.58870454742218,-2.2479935881163866e-05
6776.0,3.29672,1.8184499994091206,0.8574112996831003,45.15581488199887,124.58636087151388,-2.2482596742324902e-05
6784.0,3.29648,1.8182701279858193,0.8573750149512748,45.156749381709346,124.58401635923182,-2.2485259369431354e-05
6792.0,3.29624,1.8180902352544348,0.8573387146311722,45.15768426691886,124.58167101008873,-2.2487923764376767e-05
6800.0,3.296,1.8179103212008334,0.8573023987120783,45.15861953788426,124.5793248235966,-2.2490589929026934e-05
6808.0,3.29576,1.8177303858108,0.8572660671832546,45.15955519486377,124.57697779926511,-2.249325786500093e-05
6816.0,3.29552,1.8175504290702178,0.8572297200339746,45.16049123811397,124.57462993660675,-2.249592757430949e-05
6824.0,3.29528,1.8173704509648378,0.8571933572534768,45.16142766789401,124.57228123512961,-2.2498599058698135e-05
6832.0,3.29504,1.817190451480479,0.8571569788310057,45.162364484461676,124.56993169434413,-2.2501272320103584e-05
6840.0,3.2948,1.8170104306029353,0.8571205847557924,45.16330168807512,124.56758131376004,-2.250394736039163e-05
6848.0,3.29456,1.8168303883179169,0.8570841750170433,45.164239278993904,124.56523009288453,-2.2506624181224523e-05
6856.0,3.29432,1.8166503246112342,0.8570477496039768,45.16517725747596,124.56287803122777,-2.2509302784640755e-05
6864.0,3.29408,1.8164702394685646,0.8570113085057764,45.166115623781565,124.56052512829584,-2.2511983172330335e-05
6872.0,3.29384,1.8162901328756529,0.8569748517116312,45.16705437816978,124.55817138359696,-2.251466534623307e-05
6880.0,3.2936,1.8161100048182188,0.8569383792107172,45.16799352090022,124.55581679663833,-2.251734930828259e-05
6888.0,3.29336,1.8159298552818972,0.8569018909921848,45.16893305223423,124.55346136692414,-2.2520035060323112e-05
6896.0,3.29312,1.8157496842524248,0.8568653870451973,45.16987297243105,124.55110509396226,-2.25227226043962e-05
6904.0,3.29288,1.8155694917154042,0.8568288673588825,45.17081328175159,124.54874797725758,-2.252541194196674e-05
6912.0,3.29264,1.8153892776565062,0.8567923319223739,45.171753980456096,124.54639001631615,-2.252810307491594e-05
6920.0,3.2923999999999998,1.8152090420613767,0.856755780724792,45.17269506880547,124.54403121064307,-2.253079600520211e-05
6928.0,3.29216,1.8150287849155773,0.8567192137552315,45.173636547062344,124.54167155974055,-2.253349073467871e-05
6936.0,3.29192,1.8148485062047701,0.8566826310028002,45.17457841548711,124.53931106311447,-2.2536187265337964e-05
6944.0,3.29168,1.8146682059144819,0.8566460324565695,45.17552067434296,124.53694972026554,-2.253888559900558e-05
6952.0,3.29144,1.814487884030309,0.8566094181056171,45.17646332389169,124.53458753069714,-2.254158573767379e-05
6960.0,3.2912,1.8143075405378215,0.856572787939007,45.17740636439536,124.53222449391224,-2.2544287683245396e-05
6968.0,3.29096,1.8141271754225052,0.8565361419457781,45.178349796117274,124.5298606094117,-2.2546991437317878e-05
6976.0,3.29072,1.8139467886699476,0.8564994801149816,45.17929361931936,124.52749587669867,-2.2549697001991412e-05
6984.0,3.29048,1.8137663802656008,0.8564628024356329,45.18023783426564,124.52513029527287,-2.2552404378915912e-05
6992.0,3.29024,1.8135859501949865,0.8564261088967535,45.18118244121903,124.52276386463586,-2.2555113570037353e-05
7000.0,3.29,1.8134054984436003,0.8563893994873512,45.182127440443004,124.52039658428811,-2.255782457728629e-05
7008.0,3.28976,1.8132250249968527,0.8563526741964081,45.18307283220282,124.518028453727,-2.2560537402531598e-05
7016.0,3.28952,1.8130445298402564,0.8563159330129192,45.18401861676155,124.51565947245378,-2.256325204782102e-05
7024.0,3.2892799999999998,1.8128640129591878,0.8562791759258432,45.18496479438467,124.51328963996535,-2.2565968514850735e-05
7032.0,3.28904,1.8126834743390925,0.8562424029241447,45.185911365336516,124.51091895576074,-2.2568686805616053e-05
7040.0,3.2888,1.8125029139653908,0.8562056139967748,45.18685832988193,124.50854741933811,-2.2571406922078374e-05
7048.0,3.28856,1.8123223318234156,0.8561688091326584,45.18780568828738,124.5061750301929,-2.257412886605106e-05
7056.0,3.28832,1.8121417278986043,0.8561319883207335,45.18875344081737,124.50380178782382,-2.2576852639634283e-05
7064.0,3.28808,1.8119611021762554,0.8560951515499016,45.189701587738845,124.50142769172524,-2.257957824457973e-05
7072.0,3.28784,1.8117804546417382,0.8560582988090698,45.19065012931752,124.49905274139377,-2.2582305682891964e-05
7080.0,3.2876,1.811599785280396,0.8560214300871322,45.19159906581957,124.49667693632524,-2.2585034956553976e-05
7088.0,3.28736,1.8114190940774844,0.8559845453729561,45.19254839751268,124.4943002760129,-2.2587766067317443e-05
7096.0,3.28712,1.811238381018364,0.8559476446554221,45.19349812466274,124.49192275995304,-2.2590499017313385e-05
7104.0,3.28688,1.8110576460882564,0.855910727923374,45.19444824753796,124.48954438763793,-2.2593233808274975e-05
7112.0,3.28664,1.8108768892724538,0.8558737951656615,45.19539876640541,124.48716515856188,-2.2595970442212954e-05
7120.0,3.2864,1.810696110556223,0.8558368463711209,45.19634968153247,124.48478507221857,-2.2598708921073296e-05
7128.0,3.2861599999999997,1.810515309924744,0.8557998815285623,45.19730099318787,124.48240412809942,-2.2601449246521337e-05
7136.0,3.28592,1.8103344873633003,0.8557629006268084,45.19825270163881,124.48002232569853,-2.2604191420672664e-05
7144.0,3.28568,1.810153642857036,0.8557259036546451,45.19920480715539,124.47763966450496,-2.2606935445476343e-05
7152.0,3.28544,1.8099727763911668,0.8556888906008643,45.20015731000611,124.47525614401059,-2.260968132299553e-05
7160.0,3.2852,1.8097918879508819,0.8556518614542442,45.20111021045987,124.47287176370645,-2.26124290552348e-05
7168.0,3.28496,1.8096109775212803,0.8556148162035361,45.20206350878718,124.47048652308058,-2.261517864400443e-05
7176.0,3.28472,1.8094300450875693,0.8555777548375048,45.20301720525668,124.46810042162453,-2.2617930091475528e-05
7184.0,3.28448,1.8092490906348133,0.8555406773448773,45.203971300139166,124.46571345882622,-2.2620683399338093e-05
7192.0,3.28424,1.8090681141481497,0.8555035837143873,45.20492579370438,124.46332563417526,-2.2623438569605952e-05
7200.0,3.284,1.8088871156126893,0.8554664739347545,45.205880686222656,124.46093694716032,-2.262619560432376e-05
7208.0,3.28376,1.8087060950134533,0.8554293479946714,45.206835977965994,124.4585473972672,-2.2628954505354233e-05
7216.0,3.2835199999999998,1.8085250523355698,0.8553922058828443,45.207791669204305,124.45615698398524,-2.2631715274843794e-05
7224.0,3.28328,1.8083439875640253,0.8553550475879415,45.20874776021006,124.4537657067992,-2.2634477914608892e-05
7232.0,3.28304,1.8081629006838777,0.8553178730986375,45.20970425125448,124.45137356519615,-2.2637242426694195e-05
7240.0,3.2828,1.8079817916801602,0.8552806824035935,45.210661142609084,124.44898055866263,-2.264000881311043e-05
7248.0,3.28256,1.8078006605378154,0.8552434754914431,45.21161843454672,124.44658668668292,-2.2642777075516775e-05
7256.0,3.28232,1.8076195072418932,0.8552062523508335,45.21257612733872,124.4441919487439,-2.2645547216093576e-05
7264.0,3.28208,1.807438331777301,0.855169012970374,45.21353422125936,124.4417963443275,-2.2648319236814566e-05
7272.0,3.28184,1.8072571341290184,0.85513175733868,45.214492716581255,124.4393998729184,-2.2651093139773746e-05
7280.0,3.2816,1.8070759142819992,0.8550944854443532,45.215451613577336,124.43700253400067,-2.265386892697569e-05
7288.0,3.28136,1.8068946722211061,0.8550571972759679,45.21641091252194,124.4346043270558,-2.2656646600135073e-05
7296.0,3.28112,1.8067134079313107,0.8550198928221118,45.21737061368783,124.43220525156818,-2.265942616146309e-05
7304.0,3.28088,1.8065321213974395,0.8549825720713344,45.21833071735038,124.42980530701782,-2.2662207612834785e-05
7312.0,3.28064,1.8063508126043937,0.854945235012192,45.21929122378357,124.42740449288706,-2.2664990956341075e-05
7320.0,3.2804,1.8061694815370466,0.8549078816332263,45.22025213326188,124.4250028086573,-2.2667776194032793e-05
7328.0,3.28016,1.8059881281801797,0.8548705119229512,45.22121344606159,124.42260025380682,-2.2670563327858995e-05
7336.0,3.2799199999999997,1.8058067525186852,0.8548331258698949,45.222175162456836,124.42019682781768,-2.2673352360024708e-05
7344.0,3.27968,1.805625354537308,0.8547957234625467,45.22313728272421,124.4177925301675,-2.267614329231862e-05
7352.0,3.27944,1.8054439342208686,0.8547583046894024,45.2240998071391,124.41538736033613,-2.2678936126859412e-05
7360.0,3.2792,1.8052624915541597,0.8547208695389436,45.225062735977396,124.4129813178025,-2.2681730865707166e-05
7368.0,3.27896,1.805081026521882,0.8546834179996239,45.2260260695166,124.41057440204297,-2.2684527510733837e-05
7376.0,3.27872,1.8048995391088465,0.8546459500599113,45.22698980803226,124.40816661253703,-2.268732606415987e-05
7384.0,3.27848,1.8047180292997176,0.8546084657082342,45.22795395180246,124.40575794875986,-2.269012652781714e-05
7392.0,3.27824,1.8045364970792348,0.8545709649330282,45.228918501104026,124.40334841018887,-2.2692928903827398e-05
7400.0,3.278,1.8043549424321104,0.8545334477227143,45.22988345621419,124.40093799630071,-2.269573319425998e-05
7408.0,3.27776,1.8041733653429641,0.8544959140656856,45.23084881741175,124.39852670656937,-2.2698539400937506e-05
7416.0,3.27752,1.8039917657965268,0.8544583639503491,45.23181458497367,124.39611454047198,-2.2701347526111253e-05
7424.0,3.27728,1.8038101437773808,0.8544207973650727,45.2327807591797,124.39370149748082,-2.2704157571696364e-05
7432.0,3.27704,1.803628499270185,0.8543832142982309,45.23374734030809,124.39128757707076,-2.2706969539851604e-05
7440.0,3.2768,1.8034468322595691,0.8543456147381836,45.23471432863764,124.38887277871571,-2.270978343267406e-05
7448.0,3.27656,1.80326514273007,0.8543079986732623,45.23568172444892,124.3864571018865,-2.2712599252140543e-05
7456.0,3.27632,1.8030834306663366,0.8542703660918131,45.236649528020386,124.38404054605769,-2.2715417000511594e-05
7464.0,3.27608,1.8029016960528679,0.854232716982142,45.23761773963293,124.38162311069959,-2.271823667961291e-05
7472.0,3.27584,1.8027199388742403,0.8541950513325621,45.238586359566256,124.37920479528458,-2.272105829159093e-05
7480.0,3.2756,1.8025381591150016,0.8541573691313717,45.239555388100484,124.37678559928435,-2.2723881838545815e-05
7488.0,3.27536,1.8023563567596068,0.8541196703668412,45.24052482551714,124.37436552216818,-2.2726707322263178e-05
7496.0,3.27512,1.8021745317926228,0.8540819550272548,45.24149467209608,124.37194456340823,-2.2729534745006646e-05
7504.0,3.27488,1.8019926841984666,0.8540442231008568,45.24246492812003,124.3695227224716,-2.2732364108768444e-05
7512.0,3.2746399999999998,1.8018108139616325,0.854006474575899,45.24343559387013,124.36709999882814,-2.2735195415710426e-05
7520.0,3.2744,1.801628921066586,0.8539687094406174,45.24440666962799,124.364676391947,-2.2738028667957437e-05
7528.0,3.27416,1.8014470054976985,0.8539309276832204,45.24537815567684,124.36225190129444,-2.274086386739686e-05
7536.0,3.27392,1.8012650672394548,0.8538931292919303,45.24635005229801,124.35982652634004,-2.2743701016323145e-05
7544.0,3.27368,1.8010831062761874,0.8538553142549289,45.24732235977573,124.35740026654832,-2.2746540116743955e-05
7552.0,3.27344,1.8009011225923068,0.8538174825604055,45.24829507839267,124.35497312138648,-2.2749381170858144e-05
7560.0,3.2732,1.8007191161721952,0.8537796341965339,45.24926820843194,124.35254509032099,-2.2752224180805974e-05
7568.0,3.27296,1.8005370870001385,0.8537417691514594,45.25024175017823,124.35011617281562,-2.275506914848408e-05
7576.0,3.27272,1.8003550350605377,0.8537038874133419,45.25121570391439,124.3476863683373,-2.275791607620851e-05
7584.0,3.27248,1.8001729603376413,0.8536659889703005,45.25219006992591,124.34525567634847,-2.2760764965915985e-05
7592.0,3.27224,1.7999908628157755,0.8536280738104614,45.253164848496894,124.34282409631392,-2.276361581981153e-05
7600.0,3.272,1.7998087424792382,0.8535901419219358,45.25414003991195,124.34039162769751,-2.276646864005083e-05
7608.0,3.27176,1.799626599312231,0.8535521932928058,45.25511564445736,124.33795826996015,-2.2769323428576776e-05
7616.0,3.2715199999999998,1.7994444332990707,0.8535142279111684,45.256091662417404,124.3355240225663,-2.2772180187714665e-05
7624.0,3.27128,1.7992622444239212,0.8534762457650795,45.25706809407894,124.33308888497602,-2.2775038919370383e-05
7632.0,3.27104,1.7990800326710248,0.8534382468426023,45.258044939727526,124.33065285665157,-2.277789962573662e-05
7640.0,3.2708,1.798897798024595,0.8534002311317846,45.25902219964917,124.32821593705441,-2.2780762308975227e-05
7648.0,3.27056,1.7987155404687496,0.8533621986206454,45.259999874131495,124.32577812564337,-2.2783626970989e-05
7656.0,3.27032,1.7985332599877213,0.8533241492972183,45.260977963460206,124.32333942188043,-2.278649361410016e-05
7664.0,3.27008,1.7983509565655889,0.8532860831494958,45.26195646792394,124.32089982522253,-2.2789362240328694e-05
7672.0,3.26984,1.7981686301865105,0.8532480001654773,45.26293538780976,124.31845933512929,-2.279223285191355e-05
7680.0,3.2696,1.7979862808346145,0.8532099003331473,45.26391472340524,124.31601795105955,-2.2795105451035085e-05
7688.0,3.26936,1.7978039084939323,0.8531717836404603,45.26489447499965,124.31357567246904,-2.279798003966703e-05
7696.0,3.26912,1.7976215131486117,0.8531336500753863,45.265874642880235,124.31113249881713,-2.2800856620165523e-05
7704.0,3.26888,1.797439094782645,0.8530954996258535,45.26685522733709,124.30868842955825,-2.2803735194544385e-05
7712.0,3.26864,1.797256653380104,0.8530573322797971,45.26783622865884,124.30624346414936,-2.28066157650549e-05
7720.0,3.2683999999999997,1.7970741889250308,0.8530191480251372,45.26881764713464,124.30379760204649,-2.2809498333936024e-05
7728.0,3.26816,1.7968917014013688,0.8529809468497638,45.26979948305554,124.30135084270239,-2.2812382903253996e-05
7736.0,3.26792,1.7967091907931798,0.8529427287415822,45.27078173671034,124.29890318557374,-2.2815269475386552e-05
7744.0,3.26768,1.7965266570843688,0.852904493688456,45.2717644083904,124.2964546301127,-2.2818158052264243e-05
7752.0,3.26744,1.7963441002589198,0.8528662416782555,45.272747498385826,124.29400517577365,-2.2821048636132187e-05
7760.0,3.2672,1.796161520300789,0.8528279726988363,45.27373100698718,124.29155482201024,-2.2823941229204665e-05
7768.0,3.26696,1.7959789171938345,0.8527896867380236,45.27471493448646,124.2891035682736,-2.2826835833353628e-05
7776.0,3.26672,1.7957962909220309,0.8527513837836582,45.27569928117396,124.28665141401785,-2.2829732450956814e-05
7784.0,3.26648,1.7956136414691972,0.8527130638235384,45.27668404734288,124.28419835869217,-2.2832631084105134e-05
7792.0,3.26624,1.7954309688192325,0.8526747268454703,45.27766923328485,124.2817444017484,-2.2835531735046796e-05
7800.0,3.266,1.7952482729560055,0.8526363728372439,45.278654839291995,124.2792895426374,-2.2838434406042334e-05
7808.0,3.2657599999999998,1.795065553863286,0.8525980017866192,45.27964086565831,124.27683378080665,-2.2841339099130246e-05
7816.0,3.26552,1.7948828115249629,0.8525596136813717,45.2806273126756,124.27437711570768,-2.284424581672834e-05
7824.0,3.2652799999999997,1.7947000459247657,0.8525212085092341,45.28161418063852,124.27191954678707,-2.2847154560875122e-05
7832.0,3.26504,1.7945172570465056,0.8524827862579466,45.28260146984027,124.26946107349387,-2.2850065333849628e-05
7840.0,3.2648,1.7943344448739629,0.8524443469152337,45.28358918057469,124.26700169527605,-2.2852978137980237e-05
7848.0,3.26456,1.794151609390817,0.852405890468789,45.284577313137575,124.2645414115782,-2.2855892975413388e-05
7856.0,3.26432,1.7939687505808684,0.8523674169063221,45.28556586782234,124.262080221849,-2.2858809848582313e-05
7864.0,3.26408,1.7937858684277572,0.8523289262154995,45.286554844924815,124.25961812553287,-2.2861728759392903e-05
7872.0,3.26384,1.7936029629152055,0.8522904183839953,45.28754424473971,124.25715512207621,-2.286464971012419e-05
7880.0,3.2636,1.7934200340269055,0.8522518933994677,45.28853406756228,124.2546912109246,-2.2867572703073726e-05
7888.0,3.26336,1.793237081746449,0.8522133512495443,45.28952431368941,124.25222639152086,-2.287049774021832e-05
7896.0,3.26312,1.7930541060575478,0.8521747919218687,45.29051498341599,124.24976066331116,-2.287342482400355e-05
7904.0,3.26288,1.7928711069437533,0.8521362154040406,45.29150607703993,124.24729402573642,-2.2876353956520336e-05
7912.0,3.2626399999999998,1.7926880843886999,0.852097621683668,45.29249759485753,124.24482647824034,-2.2879285140121732e-05
7920.0,3.2624,1.7925050383759902,0.8520590107483423,45.2934895371657,124.2423580202656,-2.2882218377108367e-05
7928.0,3.26216,1.792321968889125,0.8520203825856242,45.29448190426331,124.2398886512513,-2.2885153669645177e-05
7936.0,3.26192,1.7921388759117278,0.8519817371830904,45.295474696446874,124.23741837064085,-2.288809102020549e-05
7944.0,3.26168,1.7919557594272586,0.8519430745282736,45.29646791401557,124.23494717787295,-2.2891030430769207e-05
7952.0,3.26144,1.7917726194192607,0.851904394608714,45.297461557267304,124.23247507238858,-2.2893971903704803e-05
7960.0,3.2612,1.791589455871248,0.8518656974119367,45.298455626500385,124.23000205362798,-2.2896915441275897e-05
7968.0,3.26096,1.7914062687666323,0.851826982925435,45.299450122014605,124.22752812102905,-2.28998610454223e-05
7976.0,3.26072,1.791223058088947,0.8517882511367184,45.30044504410801,124.22505327403249,-2.2902808718611167e-05
7984.0,3.26048,1.7910398238215623,0.8517495020332521,45.30144039308192,124.22257751207329,-2.290575846306295e-05
7992.0,3.26024,1.790856565947933,0.8517107356025093,45.30243616923581,124.2201008345897,-2.290871028115846e-05
8000.0,3.26,1.7906732844514814,0.8516719518319472,45.303432372869715,124.21762324101898,-2.2911664175232246e-05
8008.0,3.25976,1.790489979315527,0.8516331507089909,45.30442900428564,124.21514473079488,-2.2914620147439997e-05
8016.0,3.25952,1.790306650523513,0.8515943322210824,45.30542606378326,124.21266530335525,-2.2917578200301295e-05
8024.0,3.25928,1.790123298058717,0.8515554963556184,45.306423551665176,124.21018495813303,-2.2920538335913232e-05
8032.0,3.25904,1.789939921904501,0.8515166431000041,45.30742146823253,124.20770369456355,-2.292350055667204e-05
8040.0,3.2588,1.7897565220441967,0.8514777724416281,45.30841981378686,124.20522151208151,-2.292646486491227e-05
8048.0,3.25856,1.7895730984610319,0.8514388843678476,45.30941858863124,124.20273841011905,-2.29294312625984e-05
8056.0,3.25832,1.789389651138358,0.851399978866036,45.310417793066954,124.20025438811126,-2.2932399752259273e-05
8064.0,3.25808,1.7892061800593626,0.851361055923522,45.3114174273982,124.1977694454883,-2.293537033601356e-05
8072.0,3.25784,1.7890226852073166,0.8513221155276421,45.31241749192759,124.19528358168299,-2.2938343016257498e-05
8080.0,3.2576,1.78883916656546,0.8512831576657168,45.31341798695834,124.19279679612713,-2.294131779532872e-05
8088.0,3.25736,1.7886556241169287,0.8512441823250343,45.314418912795624,124.19030908824901,-2.2944294675416835e-05
8096.0,3.25712,1.7884720578449833,0.8512051894928993,45.315420269742255,124.18782045748115,-2.294727365903526e-05
8104.0,3.2568799999999998,1.7882884677327173,0.8511661791565713,45.316422058104216,124.18533090325072,-2.2950254748370523e-05
8112.0,3.25664,1.7881048537633095,0.851127151303318,45.31742427818587,124.18284042498757,-2.2953237945874364e-05
8120.0,3.2564,1.7879212159199074,0.8510881059203904,45.31842693029209,124.1803490221206,-2.2956223253936844e-05
8128.0,3.25616,1.7877375541855516,0.851049042995007,45.319430014729576,124.17785669407539,-2.295921067467356e-05
8136.0,3.25592,1.7875538685434107,0.8510099625144035,45.32043353180288,124.17536344028147,-2.296220021069045e-05
8144.0,3.25568,1.7873701589764825,0.8509708644657692,45.32143748181958,124.17286926016325,-2.2965191864143193e-05
8152.0,3.25544,1.7871864254678531,0.8509317488363024,45.32244186508567,124.17037415314773,-2.2968185637483536e-05
8160.0,3.2552,1.787002668000576,0.8508926156131841,45.323446681907626,124.16787811866108,-2.2971181533120043e-05
8168.0,3.25496,1.7868188865575978,0.850853464783563,45.32445193259358,124.16538115612654,-2.297417955310663e-05
8176.0,3.25472,1.7866350811219935,0.850814296334605,45.32545761744971,124.16288326497084,-2.2977179700033818e-05
8184.0,3.25448,1.7864512516766688,0.8507751102534296,45.32646373678514,124.16038444461564,-2.298018197607579e-05
8192.0,3.25424,1.7862673982046147,0.8507359065271647,45.327470290907456,124.15788469448528,-2.2983186383668868e-05
8200.0,3.254,1.7860835206887917,0.8506966851429215,45.32847728012478,124.15538401400308,-2.2986192925230878e-05
8208.0,3.2537599999999998,1.7858996191120529,0.8506574460877784,45.32948470474715,124.15288240258907,-2.2989201602948334e-05
8216.0,3.25352,1.7857156934573792,0.8506181893488308,45.33049256508233,124.15037985966725,-2.2992212419402512e-05
8224.0,3.25328,1.7855317437075806,0.8505789149131276,45.33150086144125,124.14787638465614,-2.2995225376816936e-05
8232.0,3.25304,1.7853477698455547,0.8505396227677262,45.33250959413318,124.1453719769771,-2.2998240477683447e-05
8240.0,3.2528,1.7851637718541666,0.8505003128996672,45.33351876346787,124.14286663605068,-2.30012577244106e-05
8248.0,3.25256,1.7849797497161746,0.8504609852959577,45.334528369756775,124.1403603612945,-2.3004277119104748e-05
8256.0,3.25232,1.7847957034144648,0.8504216399436226,45.33553841330936,124.13785315212955,-2.300729866436874e-05
8264.0,3.25208,1.7846116329317518,0.8503822768296395,45.336548894438245,124.1353450079716,-2.3010322362484706e-05
8272.0,3.25184,1.7844275382508383,0.8503428959409948,45.33755981345435,124.13283592823913,-2.301334821592597e-05
8280.0,3.2516,1.784243419354494,0.8503034972646577,45.338571170669226,124.13032591234963,-2.301637622716895e-05
8288.0,3.25136,1.7840592762253797,0.8502640807875637,45.339582966396506,124.12781495971689,-2.3019406398526608e-05
8296.0,3.25112,1.7838751088462865,0.8502246464966662,45.34059520094733,124.12530306975904,-2.3022438732617223e-05
8304.0,3.25088,1.7836909171998314,0.850185194378871,45.341607874635805,124.12279024188912,-2.3025473231624234e-05
8312.0,3.2506399999999998,1.7835067012687205,0.8501457244210925,45.3426209877746,124.12027647552262,-2.3028509898091896e-05
8320.0,3.2504,1.7833224610356269,0.8501062366102281,45.3436345406769,124.1177617700742,-2.3031548734471958e-05
8328.0,3.25016,1.7831381964831141,0.8500667309331412,45.34464853365775,124.11524612495538,-2.3034589742978698e-05
8336.0,3.24992,1.782953907593877,0.8500272073767132,45.34566296702996,124.11272953958141,-2.3037632926273563e-05
8344.0,3.24968,1.782769594350436,0.8499876659277777,45.34667784110934,124.11021201336249,-2.3040678286530742e-05
8352.0,3.24944,1.782585256735401,0.8499481065731772,45.347693156210156,124.1076935457114,-2.3043725826282164e-05
8360.0,3.2492,1.7824008947313486,0.8499085292997366,45.34870891264732,124.10517413603984,-2.3046775548028907e-05
8368.0,3.24896,1.7822165083207446,0.8498689340942469,45.349725110737786,124.10265378375585,-2.3049827454062353e-05
8376.0,3.24872,1.7820320974861878,0.8498293209435169,45.35074175079603,124.10013248827191,-2.3052881547043953e-05
8384.0,3.24848,1.7818476622101003,0.8497896898343075,45.35175883313966,124.09761024899511,-2.305593782922191e-05
8392.0,3.24824,1.7816632024749943,0.8497500407533882,45.35277635808471,124.09508706533519,-2.305899630314048e-05
8400.0,3.248,1.781478718263349,0.8497103736875113,45.35379432594776,124.09256293670097,-2.3062056971313088e-05
8408.0,3.24776,1.7812942095575321,0.8496706886233945,45.35481273704729,124.09003786249795,-2.3065119835984855e-05
8416.0,3.2475199999999997,1.7811096763400447,0.8496309855477737,45.35583159169953,124.0875118421356,-2.3068184899835728e-05
8424.0,3.24728,1.7809251185932096,0.8495912644473361,45.356850890224074,124.08498487501753,-2.3071252165228023e-05
8432.0,3.24704,1.7807405362994404,0.8495515253087782,45.357870632938734,124.08245696055046,-2.3074321634746085e-05
8440.0,3.2468,1.7805559294411184,0.8495117681187784,45.35889082016179,124.07992809814024,-2.3077393310912592e-05
8448.0,3.24656,1.7803712980005113,0.8494719928639808,45.35991145221327,124.07739828718967,-2.308046719589865e-05
8456.0,3.24632,1.780186641960022,0.8494321995310479,45.36093252941117,124.07486752710508,-2.3083543292442802e-05
8464.0,3.24608,1.7800019613018738,0.8493923881065927,45.36195405207682,124.07233581728735,-2.3086621602898107e-05
8472.0,3.24584,1.779817256008382,0.8493525585772378,45.36297602052973,124.0698031571403,-2.308970212987976e-05
8480.0,3.2456,1.7796325260618275,0.8493127109295877,45.36399843508993,124.06726954606673,-2.3092784875910428e-05
8488.0,3.24536,1.779447771444379,0.8492728451502123,45.36502129607932,124.06473498346618,-2.3095869843235233e-05
8496.0,3.24512,1.77926299213834,0.8492329612256997,45.36604460381763,124.0621994687421,-2.3098957034601976e-05
8504.0,3.2448799999999998,1.7790781881258342,0.8491930591425888,45.36706835862768,124.05966300129266,-2.310204645229895e-05
8512.0,3.24464,1.778893359389077,0.8491531388874276,45.36809256083069,124.05712558051877,-2.3105138098929014e-05
8520.0,3.2443999999999997,1.77870850591025,0.8491132004467463,45.36911721074851,124.05458720582014,-2.31082319770796e-05
8528.0,3.24416,1.778523627671421,0.8490732438070395,45.370142308705134,124.05204787659281,-2.3111328089125356e-05
8536.0,3.24392,1.7783387246547937,0.849033268954821,45.37116785502196,124.0495075922373,-2.3114426437801743e-05
8544.0,3.24368,1.7781537968423895,0.8489932758765543,45.37219385002381,124.0469663521483,-2.311752702550191e-05
8552.0,3.24344,1.7779688442163233,0.8489532645587122,45.37322029403376,124.04442415572346,-2.3120629854859558e-05
8560.0,3.2432,1.7777838667586752,0.8489132349877496,45.374247187375396,124.0418810023595,-2.3123734928483703e-05
8568.0,3.24296,1.7775988644514107,0.8488731871500858,45.37527453037417,124.03933689145,-2.312684224862564e-05
8576.0,3.24272,1.777413837276633,0.8488331210321589,45.376302323353364,124.03679182239227,-2.312995181810101e-05
8584.0,3.24248,1.7772287852162616,0.8487930366203569,45.37733056663936,124.03424579457834,-2.313306363921969e-05
8592.0,3.24224,1.77704370825231,0.8487529339010771,45.378359260556934,124.03169880740302,-2.313617771463081e-05
8600.0,3.242,1.7768586063667577,0.8487128128606988,45.3793884054314,124.0291508602601,-2.3139294046912544e-05
8608.0,3.24176,1.776673479541469,0.8486726734855653,45.380418001589995,124.02660195254013,-2.3142412638374773e-05
8616.0,3.24152,1.7764883277584458,0.8486325157620394,45.38144804935768,124.02405208363754,-2.3145533491814645e-05
8624.0,3.2412799999999997,1.7763031509995069,0.8485923396764327,45.382478549062554,124.02150125294136,-2.314865660953279e-05
8632.0,3.24104,1.7761179492465646,0.8485521452150668,45.3835095010311,124.0189494598434,-2.3151781994181404e-05
8640.0,3.2408,1.775932722481496,0.8485119323642447,45.38454090559065,124.01639670373406,-2.3154909648446614e-05
8648.0,3.24056,1.7757474706860612,0.8484717011102328,45.38557276307109,124.01384298399935,-2.3158039574949774e-05
8656.0,3.24032,1.7755621938421604,0.8484314514393174,45.386605073799146,124.01128830003073,-2.3161171776503453e-05
8664.0,3.24008,1.775376891931506,0.8483911833377329,45.387637838104745,124.00873265121383,-2.3164306255411365e-05
8672.0,3.23984,1.7751915649359067,0.8483508967917239,45.38867105631633,124.00617603693706,-2.3167443014387385e-05
8680.0,3.2396,1.7750062128371358,0.8483105917875161,45.38970472876292,124.00361845658796,-2.3170582056102216e-05
8688.0,3.23936,1.774820835616849,0.8482702683112989,45.39073885577531,124.00105990955106,-2.317372338283799e-05
8696.0,3.2391199999999998,1.7746354332568428,0.8482299263492813,45.39177343768215,123.99850039521442,-2.317686699746894e-05
8704.0,3.23888,1.7744500057387258,0.8481895658876204,45.39280847481551,123.99593991296032,-2.3180012902437567e-05
8712.0,3.23864,1.774264553044203,0.8481491869124834,45.39384396750563,123.99337846217415,-2.3183161100476246e-05
8720.0,3.2384,1.7740790751549438,0.8481087894100185,45.39487991608326,123.9908160422404,-2.318631159423718e-05
8728.0,3.23816,1.7738935720524998,0.8480683733663374,45.39591632088102,123.98825265254018,-2.3189464386024082e-05
8736.0,3.23792,1.7737080437185642,0.8480279387675718,45.39695318222935,123.98568829245856,-2.3192619478732784e-05
8744.0,3.23768,1.7735224901346414,0.8479874855998006,45.39799050046198,123.98312296137512,-2.319577687475026e-05
8752.0,3.23744,1.7733369112823325,0.8479470138491135,45.39902827591088,123.98055665867228,-2.319893657681507e-05
8760.0,3.2372,1.773151307143203,0.8479065235015807,45.40006650890871,123.97798938373126,-2.3202098587613326e-05
8768.0,3.23696,1.7729656776986984,0.8478660145432353,45.401105199790386,123.97542113592945,-2.3205262909655373e-05
8776.0,3.23672,1.772780022930408,0.8478254869601308,45.40214434888811,123.97285191464888,-2.320842954581237e-05
8784.0,3.23648,1.772594342819729,0.8477849407382676,45.403183956537674,123.97028171926526,-2.321159849857615e-05
8792.0,3.23624,1.7724086373481567,0.8477443758636561,45.40422402307305,123.96771054915754,-2.3214769770743856e-05
8800.0,3.2359999999999998,1.77222290649715,0.8477037923222882,45.40526454882876,123.96513840370376,-2.32179433650232e-05
8808.0,3.23576,1.7720371502480472,0.8476631901001176,45.406305534141374,123.96256528227852,-2.3221119283847428e-05
8816.0,3.23552,1.7718513685823316,0.8476225691831187,45.407346979345064,123.9599911842604,-2.3224297530161702e-05
8824.0,3.23528,1.771665561481293,0.8475819295572126,45.40838888477724,123.95741610902256,-2.3227478106377683e-05
8832.0,3.23504,1.7714797289263207,0.8475412712083307,45.40943125077362,123.9548400559409,-2.3230661015258588e-05
8840.0,3.2348,1.7712938708987673,0.8475005941223852,45.41047407767055,123.95226302439042,-2.3233846259546054e-05
8848.0,3.23456,1.771107987379865,0.8474598982852508,45.4115173658063,123.94968501374271,-2.3237033841611636e-05
8856.0,3.23432,1.7709220783509905,0.8474191836828223,45.41256111551681,123.94710602337338,-2.3240223764397434e-05
8864.0,3.23408,1.7707361437933276,0.8473784503009412,45.41360532714157,123.94452605265205,-2.3243416030413774e-05
8872.0,3.23384,1.7705501836881588,0.8473376981254592,45.41465000101815,123.94194510095151,-2.3246610642448557e-05
8880.0,3.2336,1.7703641980167302,0.8472969271422087,45.415695137484825,123.93936316764345,-2.3249807603280424e-05
8888.0,3.23336,1.7701781867601654,0.8472561373369839,45.416740736882,123.93678025209574,-2.325300691539504e-05
8896.0,3.23312,1.769992149899735,0.8472153286956001,45.417786799547514,123.93419635368079,-2.3256208581756084e-05
8904.0,3.2328799999999998,1.7698060874165136,0.8471745012038178,45.41883332582251,123.93161147176522,-2.325941260481838e-05
8912.0,3.23264,1.7696199992916761,0.8471336548474084,45.41988031604647,123.92902560571858,-2.326261898738216e-05
8920.0,3.2324,1.769433885506361,0.8470927896121241,45.4209277705596,123.92643875490924,-2.326582773227232e-05
8928.0,3.23216,1.7692477460415819,0.8470519054836777,45.42197568970441,123.92385091870172,-2.326903884205472e-05
8936.0,3.23192,1.769061580878502,0.8470110024478039,45.423024073820606,123.92126209646521,-2.3272252319726948e-05
8944.0,3.23168,1.7688753899980856,0.8469700804901822,45.424072923251295,123.91867228756279,-2.3275468167740757e-05
8952.0,3.23144,1.7686891733813987,0.8469291395965027,45.42512223833789,123.91608149136064,-2.3278686388961134e-05
8960.0,3.2312,1.7685029310094706,0.8468881797524361,45.4261720194225,123.9134897072239,-2.328190698621298e-05
8968.0,3.23096,1.7683166628632052,0.8468472009436142,45.42722226684937,123.91089693451416,-2.328512996201589e-05
8976.0,3.23072,1.7681303689236558,0.8468062031556898,45.42827298096014,123.9083031725972,-2.3288355319385962e-05
8984.0,3.23048,1.7679440491716762,0.8467651863742605,45.42932416210018,123.90570842083243,-2.3291583060932226e-05
8992.0,3.23024,1.7677577035882226,0.8467241505849349,45.43037581061292,123.90311267858262,-2.3294813189553595e-05
9000.0,3.23,1.7675713321542137,0.8466830957733016,45.43142792684229,123.90051594520973,-2.329804570805955e-05
9008.0,3.2297599999999997,1.7673849348504425,0.8466420219249101,45.43248051113413,123.89791822007237,-2.330128061885866e-05
9016.0,3.22952,1.7671985116578526,0.8466009290253316,45.433533563832086,123.89531950253297,-2.330451792502254e-05
9024.0,3.22928,1.7670120625571872,0.8465598170600809,45.43458708528332,123.89271979194801,-2.330775762914171e-05
9032.0,3.22904,1.766825587529292,0.8465186860146845,45.43564107583311,123.89011908767716,-2.3310999734090416e-05
9040.0,3.2288,1.7666390865549757,0.8464775358746487,45.43669553582726,123.88751738907918,-2.3314244242681223e-05
9048.0,3.22856,1.7664525596149212,0.8464363666254405,45.43775046561353,123.8849146955095,-2.331749115735662e-05
9056.0,3.22832,1.766266006689962,0.8463951782525484,45.43880586553742,123.88231100632741,-2.3320740481188224e-05
9064.0,3.22808,1.76607942776073,0.8463539707414046,45.439861735948334,123.87970632088545,-2.332399221686833e-05
9072.0,3.22784,1.7658928228079596,0.8463127440774524,45.44091807719354,123.87710063853984,-2.3327246367332855e-05
9080.0,3.2276,1.7657061918123476,0.846271498246115,45.441974889621,123.87449395864563,-2.333050293548997e-05
9088.0,3.22736,1.765519534754462,0.8462302332327754,45.443032173581116,123.87188628055355,-2.333376192401963e-05
9096.0,3.22712,1.765332851615025,0.8461889490228387,45.4440899294214,123.86927760361944,-2.3337023336033542e-05
9104.0,3.22688,1.7651461423745545,0.8461476456016533,45.44514815749243,123.8666679271939,-2.3340287173958777e-05
9112.0,3.2266399999999997,1.7649594070136723,0.8461063229545789,45.44620685814334,123.86405725062998,-2.334355344070042e-05
9120.0,3.2264,1.7647726455129629,0.8460649810669546,45.447266031724,123.8614455732795,-2.334682213916972e-05
9128.0,3.22616,1.7645858578528815,0.8460236199240797,45.44832567858654,123.8588328944905,-2.335009327197879e-05
9136.0,3.22592,1.764399044014038,0.8459822395112753,45.44938579908031,123.85621921361569,-2.3353366842223914e-05
9144.0,3.22568,1.7642122039768364,0.8459408398138054,45.450446393558586,123.85360453000095,-2.3356642852597382e-05
9152.0,3.22544,1.764025337721786,0.8458994208169455,45.45150746237258,123.85098884299575,-2.335992130607213e-05
9160.0,3.2252,1.7638384452293578,0.8458579825059502,45.452569005874096,123.84837215194862,-2.336320220557174e-05
9168.0,3.22496,1.7636515264798927,0.845816524866034,45.453631024416936,123.84575445620445,-2.336648555361272e-05
9176.0,3.22472,1.7634645814538874,0.8457750478824335,45.45469351835256,123.84313575511229,-2.3369771353343787e-05
9184.0,3.22448,1.763277610131632,0.8457335515403278,45.455756488035895,123.84051604801559,-2.337305960737088e-05
9192.0,3.22424,1.7630906124935226,0.8456920358249075,45.45681993382003,123.8378953342607,-2.3376350318642257e-05
9200.0,3.2239999999999998,1.7629035885199156,0.8456505007213423,45.4578838560588,123.83527361319257,-2.337964349012468e-05
9208.0,3.22376,1.7627165381910377,0.8456089462147611,45.45894825510849,123.832650884152,-2.3382939124522777e-05
9216.0,3.2235199999999997,1.7625294614872715,0.8455673722903155,45.46001313132241,123.8300271464849,-2.338623722497293e-05
9224.0,3.22328,1.7623423583887905,0.8455257789330985,45.46107848505794,123.82740239953019,-2.3389537794229105e-05
9232.0,3.22304,1.7621552288758748,0.845484166128215,45.46214431667035,123.82477664263041,-2.3392840835341335e-05
9240.0,3.2228,1.7619680729287657,0.8454425338607486,45.463210626515504,123.82214987512707,-2.3396146351288714e-05
9248.0,3.22256,1.7617808905275716,0.845400882115742,45.464277414951425,123.819522096358,-2.3399454344667934e-05
9256.0,3.22232,1.7615936816525597,0.8453592108782606,45.46534468233362,123.81689330566532,-2.3402764818710978e-05
9264.0,3.22208,1.7614064462837868,0.8453175201333109,45.46641242902107,123.81426350238547,-2.340607777602995e-05
9272.0,3.22184,1.7612191844014173,0.8452758098659113,45.46748065537093,123.81163268585782,-2.340939321965638e-05
9280.0,3.2216,1.7610318959855755,0.8452340800610593,45.46854936174117,123.80900085542028,-2.3412711152584783e-05
9288.0,3.22136,1.7608445810162534,0.8451923307037104,45.469618548492264,123.80636801040643,-2.3416031577618474e-05
9296.0,3.22112,1.7606572394736018,0.8451505617788433,45.47068821598162,123.80373415015521,-2.3419354497940094e-05
9304.0,3.22088,1.7604698713375604,0.8451087732713778,45.47175836457015,123.8010992739996,-2.342267991616483e-05
9312.0,3.22064,1.7602824765881764,0.8450669651662451,45.47282899461708,123.79846338127544,-2.3426007835333465e-05
9320.0,3.2203999999999997,1.7600950552054584,0.8450251374483556,45.473900106482276,123.79582647131747,-2.3429338258440513e-05
9328.0,3.22016,1.7599076071692814,0.8449832901025778,45.47497170052781,123.79318854345675,-2.343267118812584e-05
9336.0,3.21992,1.7597201324596796,0.844941423113803,45.476043777113105,123.79054959702876,-2.343600662761526e-05
9344.0,3.21968,1.759532631056475,0.8448995364668633,45.47711633660168,123.78790963136196,-2.3439344579727504e-05
9352.0,3.21944,1.7593451029395972,0.8448576301466025,45.478189379354866,123.78526864578856,-2.344268504755578e-05
9360.0,3.2192,1.7591575480889368,0.8448157041378428,45.47926290573469,123.78262663963959,-2.3446028034156284e-05
9368.0,3.21896,1.758969966484248,0.8447737584253642,45.480336916105706,123.77998361224172,-2.3449373542313826e-05
9376.0,3.21872,1.7587823581054476,0.8447317929939702,45.48141141082948,123.77733956292676,-2.3452721575322065e-05
9384.0,3.21848,1.7585947229322365,0.8446898078284039,45.48248639027129,123.77469449102026,-2.3456072135876378e-05
9392.0,3.2182399999999998,1.7584070609444253,0.8446478029134205,45.48356185479458,123.77204839585087,-2.345942522711006e-05
9400.0,3.218,1.758219372121785,0.8446057782337536,45.48463780476347,123.76940127674602,-2.34627808521009e-05
9408.0,3.21776,1.758031656443949,0.8445637337740941,45.48571424054449,123.76675313302913,-2.3466139013618283e-05
9416.0,3.21752,1.7578439138907151,0.8445216695191567,45.4867911625013,123.76410396402845,-2.3469499714958956e-05
9424.0,3.21728,1.7576561444416638,0.8444795854535954,45.48786857100116,123.76145376906604,-2.3472862958815207e-05
9432.0,3.21704,1.7574683480764863,0.844437481562076,45.48894646640952,123.75880254746706,-2.347622874831417e-05
9440.0,3.2168,1.7572805247748333,0.8443953578292431,45.49002484909261,123.75615029855547,-2.347959708655213e-05
9448.0,3.21656,1.7570926745162185,0.8443532142396981,45.49110371941907,123.75349702165109,-2.348296797633857e-05
9456.0,3.21632,1.7569047972803198,0.8443110507780662,45.4921830777546,123.7508427160787,-2.3486341420967146e-05
9464.0,3.21608,1.7567168930465962,0.8442688674289114,45.49326292446867,123.74818738115661,-2.3489717423191836e-05
9472.0,3.21584,1.7565289617946191,0.8442266641768099,45.494343259928826,123.74553101620643,-2.349309598616135e-05
9480.0,3.2156,1.7563410035039186,0.8441844410063164,45.495424084503384,123.74287362054852,-2.3496477112999736e-05
9488.0,3.21536,1.7561530181538867,0.8441421979019418,45.496505398563095,123.74021519349917,-2.349986080651339e-05
9496.0,3.2151199999999998,1.7559650057240808,0.8440999348482213,45.49758720247577,123.73755573437955,-2.3503247070054565e-05
9504.0,3.21488,1.755776966193837,0.8440576518296281,45.498669496613275,123.73489524250387,-2.3506635906466673e-05
9512.0,3.21464,1.755588899542605,0.8440153488306479,45.49975228134537,123.73223371719,-2.35100273189601e-05
9520.0,3.2144,1.7554008057497925,0.8439730258357444,45.50083555704253,123.72957115775458,-2.3513421310686652e-05
9528.0,3.21416,1.7552126847946676,0.8439306828293373,45.5019193240776,123.72690756351012,-2.3516817884458893e-05
9536.0,3.21392,1.7550245366566655,0.8438883197958708,45.50300358282059,123.72424293377405,-2.3520217043666085e-05
9544.0,3.21368,1.7548363613149986,0.8438459367197265,45.50408833364543,123.72157726785726,-2.3523618791142385e-05
9552.0,3.21344,1.7546481587489933,0.8438035335852988,45.50517357692401,123.71891056507393,-2.3527023130113605e-05
9560.0,3.2132,1.7544599289379343,0.8437611103769599,45.50625931302889,123.71624282473718,-2.3530430063734624e-05
9568.0,3.21296,1.7542716718609666,0.8437186670790375,45.507345542334875,123.71357404615631,-2.3533839594771758e-05
9576.0,3.21272,1.754083387497402,0.8436762036758846,45.50843226521411,123.71090422864512,-2.353725172662043e-05
9584.0,3.21248,1.75389507582633,0.8436337201517905,45.5095194820426,123.70823337151086,-2.354066646213947e-05
9592.0,3.21224,1.7537067368269537,0.8435912164910577,45.510607193194296,123.70556147406423,-2.3544083804526934e-05
9600.0,3.2119999999999997,1.7535183704784343,0.8435486926779665,45.511695399044,123.70288853561458,-2.3547503757011718e-05
9608.0,3.21176,1.7533299767597914,0.8435061486967519,45.51278409996912,123.70021455546672,-2.355092632251125e-05
9616.0,3.21152,1.7531415556502141,0.8434635845316745,45.513873296343895,123.6975395329309,-2.355435150445796e-05
9624.0,3.21128,1.7529531071286655,0.8434210001669307,45.51496298854651,123.69486346731068,-2.3557779305704514e-05
9632.0,3.21104,1.7527646311742247,0.8433783955867303,45.51605317695318,123.69218635791292,-2.356120972951989e-05
9640.0,3.2108,1.7525761277659273,0.8433357707752605,45.51714386194086,123.68950820404322,-2.3564642779129914e-05
9648.0,3.21056,1.7523875968826665,0.8432931257166627,45.51823504388903,123.68682900500288,-2.3568078457448917e-05
9656.0,3.21032,1.752199038503507,0.8432504603951045,45.51932672317414,123.68414876009835,-2.3571516767930926e-05
9664.0,3.21008,1.752010452607283,0.8432077747946883,45.5204189001769,123.6814674686289,-2.357495771354887e-05
9672.0,3.20984,1.751821839172948,0.8431650688995304,45.5215115752758,123.6787851298975,-2.3578401297636502e-05
9680.0,3.2096,1.7516331981794115,0.8431223426937238,45.52260474885,123.67610174320603,-2.358184752343198e-05
9688.0,3.2093599999999998,1.751444529605438,0.8430795961613158,45.52369842128102,123.67341730785228,-2.3585296393806453e-05
9696.0,3.20912,1.7512558334299657,0.8430368292863799,45.524792592947605,123.67073182313878,-2.3588747912260215e-05
9704.0,3.2088799999999997,1.7510671096317034,0.8429940420529245,45.525887264232225,123.66804528836191,-2.359220208164592e-05
9712.0,3.20864,1.7508783581894767,0.8429512344449711,45.52698243551543,123.66535770282114,-2.3595658905257227e-05
9720.0,3.2084,1.7506895790820685,0.8429084064465187,45.528078107178615,123.66266906581457,-2.3599118386375466e-05
9728.0,3.20816,1.7505007722881167,0.8428655580415197,45.529174279605805,123.6599793766358,-2.360258052799824e-05
9736.0,3.20792,1.7503119377864327,0.8428226892139533,45.53027095317781,123.6572886345839,-2.3606045333601162e-05
9744.0,3.20768,1.7501230755555954,0.8427797999477321,45.53136812827989,123.65459683895037,-2.360951280625893e-05
9752.0,3.20744,1.749934185574303,0.8427368902267828,45.53246580529497,123.65190398903059,-2.3612982949323804e-05
9760.0,3.2072,1.7497452678212093,0.8426939600350086,45.53356398460668,123.64921008411883,-2.36164557661172e-05
9768.0,3.20696,1.7495563222748223,0.8426510093562666,45.53466266660104,123.64651512350521,-2.3619931259538036e-05
9776.0,3.20672,1.7493673489138244,0.8426080381744396,45.535761851661256,123.64381910648468,-2.3623409433163694e-05
9784.0,3.20648,1.7491783477166662,0.8425650464733452,45.536861540174236,123.64112203234612,-2.3626890289862252e-05
9792.0,3.20624,1.7489893186619168,0.8425220342368137,45.53796173252499,123.63842390038147,-2.3630373832961293e-05
9800.0,3.206,1.7488002617281015,0.8424790014486527,45.53906242909944,123.63572470988112,-2.3633860065825412e-05
9808.0,3.2057599999999997,1.7486111768935984,0.8424359480926226,45.54016363028621,123.63302446013084,-2.3637348991510808e-05
9816.0,3.20552,1.748422064136962,0.8423928741525106,45.54126533647059,123.63032315042211,-2.3640840613560938e-05
9824.0,3.20528,1.7482329234365113,0.8423497796120369,45.54236754804215,123.62762078003897,-2.364433493499191e-05
9832.0,3.20504,1.7480437547706855,0.8423066644549356,45.5434702653883,123.62491734826921,-2.364783195923e-05
9840.0,3.2048,1.7478545581178802,0.8422635286649173,45.54457348889717,123.62221285439948,-2.3651331689630542e-05
9848.0,3.20456,1.7476653334563415,0.842220372225645,45.54567721895938,123.61950729771229,-2.3654834129169552e-05
9856.0,3.20432,1.7474760807644938,0.842177195120809,45.5467814559626,123.616800677495,-2.365833928144909e-05
9864.0,3.20408,1.747286800020524,0.8421339973340318,45.547886200298684,123.61409299302794,-2.366184714950993e-05
9872.0,3.20384,1.7470974912027406,0.84209077884895,45.548991452357306,123.61138424359514,-2.3665357736803018e-05
9880.0,3.2036,1.7469081542894074,0.8420475396491766,45.550097212528925,123.60867442847925,-2.366887104671453e-05
9888.0,3.20336,1.7467187892586378,0.8420042797182763,45.55120348120668,123.60596354695838,-2.367238708231609e-05
9896.0,3.20312,1.7465293960887252,0.8419609990398419,45.552310258780494,123.60325159831608,-2.3675905847237504e-05
9904.0,3.20288,1.7463399747577226,0.841917697597397,45.55341754564455,123.6005385818286,-2.367942734454731e-05
9912.0,3.20264,1.746150525243806,0.84187437537448,45.554525342190836,123.59782449677594,-2.3682951577699532e-05
9920.0,3.2024,1.7459610475251066,0.8418310323546052,45.55563364881216,123.59510934243681,-2.3686478550135862e-05
9928.0,3.20216,1.7457715415796033,0.8417876685212388,45.55674246590398,123.59239311808557,-2.3690008264927915e-05
9936.0,3.20192,1.745582007385457,0.8417442838578741,45.55785179385855,123.58967582300174,-2.369354072576102e-05
9944.0,3.20168,1.7453924449205862,0.8417008783479359,45.55896163307239,123.58695745645771,-2.3697075935703706e-05
9952.0,3.20144,1.7452028541630336,0.8416574519748635,45.56007198393983,123.58423801772955,-2.3700613898259342e-05
9960.0,3.2012,1.745013235090796,0.8416140047220717,45.561182846855964,123.58151750609203,-2.3704154616860373e-05
9968.0,3.20096,1.7448235876817182,0.8415705365729267,45.562294222218526,123.57879592081537,-2.370769809461542e-05
9976.0,3.20072,1.7446339119138266,0.8415270475108227,45.56340611042211,123.57607326117522,-2.3711244335188218e-05
9984.0,3.2004799999999998,1.7444442077649052,0.8414835375190844,45.56451851186545,123.57334952644032,-2.3714793341656553e-05
9992.0,3.20024,1.7442544752128628,0.8414400065810512,45.56563142694517,123.57062471588287,-2.3718345117536134e-05
10000.0,3.2,1.7440647142355619,0.8413964546800379,45.566744856058705,123.56789882877369,-2.372189966628407e-05
10008.0,3.19976,1.7438749248107108,0.8413528817993102,45.567858799606256,123.56517186437894,-2.372545699105524e-05
10016.0,3.1995199999999997,1.743685106916203,0.8413092879221622,45.5689732579847,123.56244382197039,-2.3729017095559647e-05
10024.0,3.19928,1.7434952605296854,0.8412656730318177,45.57008823159536,123.5597147008122,-2.3732579982946004e-05
10032.0,3.19904,1.7433053856289311,0.841222037111515,45.57120372083729,123.55698450017242,-2.373614565678861e-05
10040.0,3.1988,1.7431154821916666,0.8411783801444682,45.5723197261103,123.55425321931786,-2.373971412058467e-05
10048.0,3.19856,1.7429255501954632,0.8411347021138417,45.57343624781685,123.55152085751087,-2.374328537745206e-05
10056.0,3.19832,1.7427355896180785,0.8410910030028282,45.57455328635627,123.54878741401905,-2.3746859431168623e-05
10064.0,3.19808,1.7425456004370217,0.8410472827945499,45.57567084213223,123.54605288810262,-2.375043628489541e-05
10072.0,3.19784,1.7423555826299288,0.8410035414721433,45.57678891554618,123.54331727902569,-2.3754015942228308e-05
10080.0,3.1976,1.7421655361743902,0.8409597790187211,45.57790750700025,123.54058058605102,-2.375759840667377e-05
10088.0,3.1973599999999998,1.7419754610478386,0.840915995417345,45.57902661689913,123.53784280843709,-2.376118368131884e-05
10096.0,3.19712,1.7417853572278952,0.8408721906511063,45.58014624564452,123.53510394544752,-2.3764771769956778e-05
10104.0,3.19688,1.7415952246919306,0.8408283647030241,45.58126639364268,123.53236399633826,-2.3768362675853484e-05
10112.0,3.19664,1.7414050634174438,0.8407845175561333,45.58238706129745,123.52962296036935,-2.3771956402623357e-05
10120.0,3.1964,1.7412148733818862,0.8407406491934433,45.58350824901343,123.5268808367994,-2.377555295382219e-05
10128.0,3.19616,1.7410246545625512,0.8406967595979128,45.58462995719793,123.52413762488226,-2.377915233264188e-05
10136.0,3.19592,1.7408344069369217,0.8406528487525303,45.58575218625509,123.52139332387742,-2.3782754542909606e-05
10144.0,3.19568,1.7406441304822284,0.8406089166402115,45.58687493659339,123.51864793303716,-2.378635958782343e-05
10152.0,3.19544,1.7404538251758312,0.840564963243888,45.58799820861908,123.51590145161737,-2.378996747104092e-05
10160.0,3.1952,1.7402634909950423,0.8405209885464654,45.589122002739174,123.51315387887259,-2.3793578196145633e-05
10168.0,3.19496,1.7400731279170145,0.8404769925307988,45.59024631936338,123.51040521405277,-2.379719176632637e-05
10176.0,3.19472,1.739882735919092,0.840432975179773,45.59137115889822,123.50765545641335,-2.3800808185425737e-05
10184.0,3.19448,1.7396923149783639,0.8403889364761992,45.59249652175482,123.504904605202,-2.3804427456755902e-05
10192.0,3.1942399999999997,1.73950186507205,0.8403448764029047,45.59362240834187,123.50215265967046,-2.3808049583989854e-05
10200.0,3.194,1.739311386177322,0.8403007949426912,45.59474881906891,123.49939961906904,-2.381167457075432e-05
10208.0,3.19376,1.7391208782711902,0.8402566920783084,45.59587575434827,123.49664548264323,-2.3815302420324455e-05
10216.0,3.19352,1.7389303413308586,0.8402125677925367,45.59700321458894,123.49389024964428,-2.3818933136601464e-05
10224.0,3.19328,1.7387397753332727,0.840168422068082,45.59813120020445,123.49113391931571,-2.38225667228605e-05
10232.0,3.19304,1.7385491802555106,0.8401242548876662,45.599259711606,123.488376490905,-2.3826203182826983e-05
10240.0,3.1928,1.7383585560746018,0.8400800662339857,45.600388749205585,123.48561796365827,-2.3829842520155396e-05
10248.0,3.19256,1.7381679027674128,0.8400358560896843,45.60151831341799,123.48285833681696,-2.383348473812398e-05
10256.0,3.19232,1.7379772203110055,0.8399916244374369,45.60264840465469,123.48009760962806,-2.3837129840658606e-05
10264.0,3.19208,1.7377865086821822,0.8399473712598432,45.6037790233316,123.47733578133116,-2.384077783103443e-05
10272.0,3.19184,1.7375957678578786,0.8399030965395193,45.60491016986235,123.4745728511696,-2.3844428712992292e-05
10280.0,3.1915999999999998,1.7374049978149808,0.8398588002590555,45.60604184466137,123.47180881838541,-2.384808249018359e-05
10288.0,3.19136,1.737214198530213,0.8398144824009893,45.607174048145765,123.46904368221601,-2.3851739165864976e-05
10296.0,3.1911199999999997,1.7370233699804933,0.839770142947889,45.60830678072945,123.46627744190428,-2.385539874398083e-05
10304.0,3.19088,1.7368325121424812,0.8397257818822478,45.60944004283101,123.46351009668534,-2.3859061227880323e-05
10312.0,3.19064,1.7366416249929681,0.839681399186575,45.61057383486658,123.46074164579836,-2.386272662134438e-05
10320.0,3.1904,1.7364507085086966,0.8396369948433536,45.61170815725318,123.45797208848096,-2.3866394928107664e-05
10328.0,3.19016,1.7362597626662442,0.8395925688350138,45.61284301041088,123.45520142396555,-2.3870066151565617e-05
10336.0,3.18992,1.7360687874423864,0.8395481211440166,45.61397839475609,123.4524296514908,-2.387374029571812e-05
10344.0,3.18968,1.7358777828136347,0.839503651752747,45.6151143107096,123.44965677028793,-2.387741736381874e-05
10352.0,3.18944,1.7356867487566365,0.8394591606436067,45.61625075869005,123.44688277959177,-2.388109735966383e-05
10360.0,3.1892,1.7354956852479888,0.839414647798971,45.617387739116985,123.44410767863576,-2.388478028700347e-05
10368.0,3.18896,1.7353045922641226,0.8393701132011613,45.61852525241288,123.4413314666484,-2.3888466149248517e-05
10376.0,3.18872,1.7351134697816677,0.8393255568325305,45.619663298996656,123.4385541428641,-2.389215495038652e-05
10384.0,3.18848,1.7349223177769892,0.8392809786753551,45.620801879291996,123.43577570650919,-2.3895846693831418e-05
10392.0,3.18824,1.7347311362265874,0.8392363787119279,45.621940993720116,123.43299615681418,-2.389954138342581e-05
10400.0,3.1879999999999997,1.7345399251069125,0.8391917569245151,45.623080642703194,123.43021549300799,-2.390323902297838e-05
10408.0,3.18776,1.7343486843942462,0.8391471132953287,45.62422082666643,123.4274337143143,-2.390693961595241e-05
10416.0,3.18752,1.7341574140650722,0.8391024478066126,45.62536154603137,123.42465081996312,-2.3910643166412547e-05
10424.0,3.18728,1.733966114095606,0.839057760440533,45.62650280122402,123.42186680917689,-2.3914349677701798e-05
10432.0,3.18704,1.7337747844621996,0.8390130511792733,45.627644592668176,123.4190816811818,-2.3918059153675102e-05
10440.0,3.1868,1.7335834251411555,0.8389683200049898,45.62878692078848,123.4162954352026,-2.3921771598147307e-05
10448.0,3.18656,1.7333920361086073,0.8389235668997844,45.62992978601239,123.4135080704594,-2.3925487014501517e-05
10456.0,3.18632,1.7332006173408907,0.8388787918457911,45.631073188763985,123.4107195861779,-2.3929205406817793e-05
10464.0,3.18608,1.7330091688140714,0.8388339948250654,45.63221712947211,123.40792998157556,-2.3932926778550164e-05
10472.0,3.18584,1.7328176905043542,0.8387891758196804,45.63336160856315,123.40513925587418,-2.393665113359675e-05
10480.0,3.1856,1.7326261823878917,0.8387443348116815,45.63450662646439,123.402347408294,-2.3940378475824826e-05
10488.0,3.18536,1.7324346444406664,0.8386994717830594,45.63565218360629,123.39955443805013,-2.3944108808762435e-05
10496.0,3.18512,1.7322430766388652,0.838654586715837,45.63679828041551,123.3967603443638,-2.394784213654207e-05
10504.0,3.1848799999999997,1.7320514789584025,0.8386096795919584,45.637944917323416,123.39396512644839,-2.3951578462583838e-05
10512.0,3.18464,1.731859851375332,0.8385647503933847,45.63909209475903,123.39116878352125,-2.3955317790847535e-05
10520.0,3.1844,1.731668193865656,0.83851979910205,45.640239813152256,123.38837131479816,-2.3959060125191185e-05
10528.0,3.18416,1.7314765064052042,0.8384748256998322,45.64138807293601,123.38557271948987,-2.3962805469145916e-05
10536.0,3.18392,1.7312847889700136,0.8384298301686427,45.6425368745396,123.38277299681322,-2.3966553826856555e-05
10544.0,3.18368,1.7310930415358452,0.8383848124903126,45.64368621839719,123.37997214597688,-2.3970305201841897e-05
10552.0,3.18344,1.730901264078601,0.8383397726466906,45.64483610494045,123.37717016619374,-2.397405959807407e-05
10560.0,3.1832,1.7307094565741317,0.8382947106195981,45.64598653460187,123.37436705667524,-2.3977817019451193e-05
10568.0,3.18296,1.7305176189981144,0.8382496263908001,45.64713750781679,123.37156281662803,-2.3981577469430377e-05
10576.0,3.1827199999999998,1.7303257513264338,0.8382045199420949,45.64828902501718,123.36875744526448,-2.3985340952218134e-05
10584.0,3.18248,1.7301338535346977,0.8381593912552001,45.64944108664,123.3659509417886,-2.3989107471388766e-05
10592.0,3.18224,1.729941925598656,0.8381142403118513,45.65059369311959,123.36314330540876,-2.3992877030963742e-05
10600.0,3.182,1.7297499674940056,0.8380690670937561,45.6517468448911,123.36033453533189,-2.399664963488436e-05
10608.0,3.18176,1.7295579791962692,0.8380238715825652,45.65290054239267,123.35752463075985,-2.4000425286660157e-05
10616.0,3.18152,1.7293659606811789,0.8379786537599634,45.65405478605893,123.35471359090053,-2.400420399053465e-05
10624.0,3.18128,1.7291739119241867,0.8379334136075535,45.65520957632956,123.35190141495328,-2.4007985750125317e-05
10632.0,3.18104,1.7289818329008877,0.8378881511069565,45.6563649136416,123.34908810212191,-2.401177056949064e-05
10640.0,3.1808,1.728789723586825,0.8378428662397654,45.657520798432984,123.34627365160868,-2.4015558452636673e-05
10648.0,3.18056,1.7285975839573633,0.8377975589875157,45.65867723114475,123.34345806261062,-2.4019349403143888e-05
10656.0,3.18032,1.7284054139880805,0.8377522293317771,45.65983421221425,123.34064133433097,-2.402314342532673e-05
10664.0,3.18008,1.7282132136542716,0.8377068772540367,45.66099174208351,123.33782346596509,-2.4026940522679324e-05
10672.0,3.17984,1.7280209829313766,0.8376615027358003,45.662149821192195,123.33500445671234,-2.4030740699278647e-05
10680.0,3.1795999999999998,1.727828721794782,0.8376161057585454,45.663308449980896,123.33218430577054,-2.4034543959130764e-05
10688.0,3.17936,1.7276364302196974,0.8375706863036912,45.66446762889318,123.32936301233252,-2.40383503058038e-05
10696.0,3.17912,1.7274441081815441,0.8375252443526918,45.66562735836901,123.32654057559711,-2.4042159743593707e-05
10704.0,3.17888,1.7272517556554596,0.837479779886918,45.66678763885377,123.32371699475401,-2.404597227625982e-05
10712.0,3.17864,1.727059372616727,0.837434292887759,45.66794847078998,123.32089226899777,-2.4049787907950055e-05
10720.0,3.1784,1.7268669590405754,0.8373887833365753,45.66910985462092,123.3180663975216,-2.4053606642685892e-05
10728.0,3.17816,1.726674514902055,0.8373432512146695,45.670271790792775,123.3152393795139,-2.405742848401387e-05
10736.0,3.17792,1.7264820401764307,0.8372976965033784,45.671434279748375,123.31241121416865,-2.4061253436322457e-05
10744.0,3.17768,1.7262895348386806,0.8372521191839555,45.67259732193549,123.3095819006716,-2.406508150326614e-05
10752.0,3.17744,1.7260969988639296,0.8372065192376725,45.6737609177993,123.30675143821286,-2.4068912688980494e-05
10760.0,3.1772,1.7259044322272488,0.8371608966457726,45.67492506778587,123.30391982598091,-2.4072746997561012e-05
10768.0,3.17696,1.7257118349035276,0.8371152513894399,45.67608977234443,123.30108706315893,-2.4076584432659092e-05
10776.0,3.17672,1.7255192068678729,0.8370695834498936,45.67725503192046,123.29825314893648,-2.40804249986632e-05
10784.0,3.1764799999999997,1.7253265480951014,0.837023892808268,45.678420846964805,123.29541808249408,-2.4084268699360435e-05
10792.0,3.17624,1.725133858560178,0.836978179445717,45.679587217925494,123.29258186301695,-2.408811553895113e-05
10800.0,3.176,1.7249411382380138,0.8369324433433645,45.68075414525148,123.28974448968877,-2.4091965521583214e-05
10808.0,3.17576,1.7247483871033347,0.8368866844822751,45.68192162939487,123.28690596168788,-2.409581865097284e-05
10816.0,3.17552,1.7245556051310877,0.8368409028435493,45.683089670804044,123.28406627819895,-2.4099674931570157e-05
10824.0,3.17528,1.7243627922959284,0.836795098408202,45.68425826993185,123.28122543839913,-2.410353436692171e-05
10832.0,3.17504,1.7241699485726605,0.8367492711572673,45.685427427228944,123.27838344146927,-2.4107396961193918e-05
10840.0,3.1748,1.7239770739360336,0.8367034210717498,45.68659714314714,123.27554028658822,-2.4111262718599463e-05
10848.0,3.17456,1.7237841683606117,0.8366575481325937,45.68776741814179,123.27269597292884,-2.4115131643027204e-05
10856.0,3.17432,1.7235912318211806,0.8366116523207798,45.68893825266387,123.26985049967145,-2.411900373890879e-05
10864.0,3.17408,1.7233982642922303,0.8365657336172019,45.690109647169784,123.2670038659871,-2.412287901004981e-05
10872.0,3.17384,1.7232052657484025,0.8365197920027735,45.691281602113236,123.26415607105154,-2.4126757460743134e-05
10880.0,3.1736,1.7230122361642832,0.8364738274583784,45.692454117948714,123.26130711403908,-2.413063909517368e-05
10888.0,3.1733599999999997,1.722819175514272,0.8364278399648395,45.69362719513358,123.25845699411921,-2.4134523916968182e-05
10896.0,3.17312,1.722626083772992,0.8363818295030166,45.69480083412184,123.25560571046708,-2.413841193064771e-05
10904.0,3.17288,1.7224329609147704,0.8363357960536822,45.695975035372314,123.25275326224991,-2.4142303139919176e-05
10912.0,3.17264,1.722239806914085,0.8362897395976284,45.69714979934129,123.24989964863906,-2.4146197549029187e-05
10920.0,3.1724,1.7220466217453583,0.8362436601156173,45.698325126486274,123.24704486880381,-2.4150095162258262e-05
10928.0,3.17216,1.7218534053828243,0.8361975575883497,45.69950101726849,123.2441889219071,-2.4153995983606296e-05
10936.0,3.17192,1.7216601578009427,0.836151431996563,45.70067747214459,123.2413318071197,-2.4157900017591276e-05
10944.0,3.17168,1.7214668789738732,0.8361052833209072,45.70185449157634,123.23847352360359,-2.4161807267950957e-05
10952.0,3.17144,1.7212735688759282,0.8360591115420514,45.703032076023035,123.23561407052495,-2.4165717739002864e-05
10960.0,3.1712,1.721080227481364,0.8360129166406349,45.704210225945054,123.23275344704825,-2.416963143506454e-05
10968.0,3.17096,1.7208868547642464,0.8359666985972346,45.70538894180621,123.22989165233233,-2.4173548360071103e-05
10976.0,3.17072,1.7206934506988694,0.8359204573924652,45.70656822406614,123.22702868554282,-2.4177468518586807e-05
10984.0,3.17048,1.7205000152592222,0.8358741930068518,45.707748073190004,123.22416454583595,-2.418139191454369e-05
10992.0,3.1702399999999997,1.72030654841945,0.8358279054209399,45.70892848964015,123.22129923237281,-2.4185318552351804e-05
11000.0,3.17,1.7201130501536412,0.8357815946152445,45.71010947387974,123.21843274431315,-2.418924843631635e-05
11008.0,3.16976,1.7199195204356923,0.8357352605702181,45.711291026374916,123.2155650808117,-2.419318157017199e-05
11016.0,3.16952,1.719725959239729,0.8356889032663506,45.71247314758834,123.21269624102901,-2.4197117958578583e-05
11024.0,3.16928,1.7195323665395736,0.835642522684043,45.71365583798765,123.20982622411749,-2.420105760533864e-05
11032.0,3.16904,1.7193387423092035,0.8355961188037159,45.7148390980379,123.2069550292338,-2.4205000514849874e-05
11040.0,3.1688,1.7191450865225382,0.8355496916057594,45.71602292820534,123.2040826555324,-2.420894669148842e-05
11048.0,3.16856,1.7189513991533036,0.8355032410705,45.71720732896008,123.20120910216119,-2.4212896139389855e-05
11056.0,3.16832,1.718757680175458,0.835456767178303,45.71839230076751,123.19833436827618,-2.421684886319861e-05
11064.0,3.16808,1.718563929562651,0.8354102699094423,45.71957784409822,123.19545845302456,-2.4220804866726458e-05
11072.0,3.16784,1.7183701472886892,0.835363749244213,45.72076395942031,123.19258135555775,-2.4224764154426622e-05
11080.0,3.1675999999999997,1.718176333327323,0.8353172051628788,45.72195064720278,123.18970307502566,-2.422872673066598e-05
11088.0,3.16736,1.717982487652108,0.8352706376456399,45.723137907917675,123.18682361057331,-2.423269259924088e-05
11096.0,3.16712,1.7177886102368316,0.8352240466727352,45.724325742033415,123.18394296135158,-2.4236661764863597e-05
11104.0,3.16688,1.7175947010549721,0.8351774322243117,45.725514150024296,123.18106112650155,-2.4240634231648128e-05
11112.0,3.16664,1.7174007600801655,0.8351307942805372,45.726703132361436,123.17817810516964,-2.4244610004106296e-05
11120.0,3.1664,1.71720678728599,0.8350841328215484,45.727892689516956,123.17529389650046,-2.424858908668516e-05
11128.0,3.16616,1.7170127826458255,0.8350374478274171,45.72908282196652,123.1724084996324,-2.4252571483415445e-05
11136.0,3.16592,1.716818746133289,0.8349907392782546,45.73027353018163,123.16952191371121,-2.4256557199095782e-05
11144.0,3.16568,1.7166246777216823,0.8349440071540791,45.731464814639054,123.16663413787377,-2.4260546237658216e-05
11152.0,3.16544,1.716430577384468,0.8348972514349303,45.732656675812926,123.16374517126135,-2.4264538603654654e-05
11160.0,3.1652,1.7162364450950502,0.8348504721008162,45.733849114178305,123.1608550130137,-2.4268534301538328e-05
11168.0,3.1649599999999998,1.716042280826635,0.8348036691316796,45.73504213021342,123.15796366226539,-2.4272533335232024e-05
11176.0,3.16472,1.7158480845526647,0.8347568425075029,45.73623572439273,123.15507111815714,-2.427653570952204e-05
11184.0,3.16448,1.7156538562462667,0.8347099922081753,45.73742989719648,123.15217737981992,-2.4280541428559374e-05
11192.0,3.16424,1.7154595958807295,0.8346631182136071,45.73862464910184,123.14928244638993,-2.428455049692678e-05
11200.0,3.1639999999999997,1.7152653034292817,0.8346162205036765,45.73981998058694,123.14638631700171,-2.4288562919139167e-05
11208.0,3.16376,1.7150709788649525,0.834569299058196,45.74101589213332,123.14348899078391,-2.4292578699227258e-05
11216.0,3.16352,1.7148766221610101,0.8345223538570186,45.742212384218504,123.14059046687211,-2.42965978420452e-05
11224.0,3.16328,1.714682233290404,0.8344753848799022,45.74340945732541,123.13769074439304,-2.4300620351623712e-05
11232.0,3.16304,1.7144878122262466,0.834428392106627,45.74460711193418,123.13478982247788,-2.430464623255789e-05
11240.0,3.1628,1.7142933589415903,0.8343813755169404,45.74580534852611,123.13188770025585,-2.430867548944282e-05
11248.0,3.16256,1.7140988734092846,0.8343343350905232,45.74700416758626,123.12898437684979,-2.4312708126491184e-05
11256.0,3.16232,1.7139043556024216,0.8342872708070974,45.748203569595134,123.12607985139032,-2.4316744148560208e-05
11264.0,3.16208,1.7137098054937712,0.834240182646289,45.7494035550387,123.12317412299868,-2.432078355970529e-05
11272.0,3.1618399999999998,1.7135152230562674,0.834193070587746,45.75060412440023,123.12026719080077,-2.4324826364567774e-05
11280.0,3.1616,1.7133206082627845,0.8341459346110843,45.75180527816402,123.11735905392085,-2.4328872567748922e-05
11288.0,3.16136,1.7131259610859935,0.8340987746958524,45.75300701681774,123.11444971147766,-2.433292217331647e-05
11296.0,3.16112,1.7129312814988082,0.8340515908216397,45.754209340845,123.1115391625965,-2.4336975186207823e-05
11304.0,3.1608799999999997,1.712736569473818,0.8340043829679396,45.755412250735304,123.10862740639273,-2.4341031610623325e-05
11312.0,3.16064,1.7125418249837778,0.8339571511142669,45.756615746975065,123.10571444198698,-2.4345091451281425e-05
11320.0,3.1604,1.712347048001382,0.8339098952401046,45.757819830051744,123.1028002684981,-2.4349154712826555e-05
11328.0,3.16016,1.7121522384991188,0.833862615324867,45.75902450045649,123.09988488503879,-2.435322139948373e-05
11336.0,3.15992,1.7119573964497226,0.8338153113480103,45.76022975867608,123.09696829072904,-2.4357291516233534e-05
11344.0,3.15968,1.7117625218255998,0.8337679832888933,45.76143560520281,123.09405048467968,-2.436136506719613e-05
11352.0,3.15944,1.7115676145993248,0.8337206311268971,45.762642040526195,123.0911314660062,-2.436544205710847e-05
11360.0,3.1592,1.71137267474341,0.8336732548413698,45.763849065136796,123.08821123382225,-2.4369522490642738e-05
11368.0,3.15896,1.711177702230161,0.8336258544115912,45.76505667952865,123.08528978723564,-2.437360637195919e-05
11376.0,3.1587199999999998,1.7109826970321316,0.833578429816883,45.76626488419162,123.0823671253612,-2.4377693706066166e-05
11384.0,3.15848,1.7107876591215436,0.8335309810364683,45.76747367962162,123.07944324730363,-2.438178449727503e-05
11392.0,3.15824,1.7105925884707893,0.8334835080495931,45.7686830663114,123.07651815217295,-2.438587875038441e-05
11400.0,3.158,1.7103974850521977,0.8334360108354699,45.769893044754696,123.07359183907748,-2.4389976470115845e-05
11408.0,3.15776,1.7102023488378895,0.8333884893732422,45.771103615448844,123.0706643071196,-2.4394077660694347e-05
11416.0,3.15752,1.7100071798002354,0.833340943642096,45.77231477888696,123.06773555540872,-2.439818232720227e-05
11424.0,3.15728,1.709811977911271,0.8332933736211172,45.773526535567974,123.06480558304428,-2.4402290473904717e-05
11432.0,3.15704,1.7096167431432039,0.8332457792894156,45.77473888598783,123.0618743891309,-2.440640210565892e-05
11440.0,3.1568,1.7094214754681785,0.8331981606260668,45.77595183064355,123.05894197277145,-2.4410517227229584e-05
11448.0,3.15656,1.709226174858127,0.8331505176100762,45.77716537003592,123.05600833306258,-2.441463584295583e-05
11456.0,3.15632,1.7090308412852357,0.8331028502204931,45.778379504661224,123.0530734691083,-2.4418757957953934e-05
11464.0,3.1560799999999998,1.7088354747213543,0.8330551584362657,45.77959423502111,123.05013738000363,-2.442288357635948e-05
11472.0,3.15584,1.708640075138504,0.8330074422363658,45.780809561614575,123.0472000648481,-2.4427012702986515e-05
11480.0,3.1555999999999997,1.7084446425086435,0.8329597015997313,45.78202548494191,123.04426152273909,-2.4431145342692268e-05
11488.0,3.15536,1.7082491768035177,0.8329119365052292,45.78324200550731,123.04132175276753,-2.4435281499899128e-05
11496.0,3.15512,1.7080536779951272,0.8328641469317705,45.78445912381015,123.0383807540323,-2.4439421179726455e-05
11504.0,3.15488,1.7078581460551316,0.832816332858164,45.785676840355954,123.03543852562181,-2.444356438654421e-05
11512.0,3.15464,1.7076625809553654,0.8327684942632427,45.78689515564714,123.03249506662983,-2.44477111252898e-05
11520.0,3.1544,1.7074669826675977,0.832720631125805,45.7881140701873,123.02955037614817,-2.4451861400854374e-05
11528.0,3.15416,1.707271351163382,0.8326727434245774,45.78933358448389,123.02660445326214,-2.4456015217691166e-05
11536.0,3.15392,1.7070756864145302,0.8326248311383313,45.79055369903972,123.02365729706483,-2.4460172581005882e-05
11544.0,3.15368,1.706879988392511,0.832576894245735,45.791774414363175,123.02070890664008,-2.446433349505746e-05
11552.0,3.15344,1.7066842570689684,0.8325289327254809,45.79299573095988,123.01775928107628,-2.446849796479257e-05
11560.0,3.1532,1.706488492415482,0.8324809465562268,45.794217649336645,123.01480841945987,-2.447266599511777e-05
11568.0,3.1529599999999998,1.7062926944034145,0.8324329357165586,45.795440170004035,123.01185632087103,-2.4476837590455453e-05
11576.0,3.15272,1.7060968630043882,0.8323849001851065,45.79666329346803,123.00890298439754,-2.448101275603909e-05
11584.0,3.1524799999999997,1.7059009981896789,0.8323368399403971,45.79788702024092,123.00594840911653,-2.4485191496343488e-05
11592.0,3.15224,1.7057050999307393,0.8322887549609812,45.79911135083175,123.00299259411065,-2.4489373816401667e-05
11600.0,3.152,1.7055091681989576,0.8322406452253749,45.80033628575068,123.00003553846071,-2.4493559721184956e-05
11608.0,3.15176,1.705313202965501,0.8321925107120208,45.80156182551172,122.99707724124104,-2.4497749215165083e-05
11616.0,3.15152,1.7051172042018006,0.8321443513994073,45.80278797062431,122.99411770153363,-2.4501942303671125e-05
11624.0,3.15128,1.7049211718789377,0.832096167265918,45.804014721603565,122.99115691841101,-2.450613899103603e-05
11632.0,3.15104,1.7047251059681723,0.8320479582899605,45.805242078961754,122.98819489095045,-2.451033928229898e-05
11640.0,3.1508,1.7045290064406984,0.8319997244499079,45.80647004321239,122.98523161822713,-2.451454318245906e-05
11648.0,3.15056,1.704332873267489,0.831951465724059,45.80769861487296,122.98226709930964,-2.451875069607744e-05
11656.0,3.15032,1.704136706419782,0.831903182090759,45.8089277944561,122.97930133327458,-2.4522961828480102e-05
11664.0,3.15008,1.7039405058684622,0.8318548735282466,45.81015758248074,122.97633431918808,-2.4527176584178873e-05
11672.0,3.1498399999999998,1.7037442715845952,0.8318065400147858,45.8113879794626,122.97336605612158,-2.4531394968293114e-05
11680.0,3.1496,1.7035480035391795,0.8317581815286049,45.81261898591851,122.9703965431447,-2.4535616985837334e-05
11688.0,3.1493599999999997,1.7033517017029913,0.8317097980478578,45.81385060236903,122.96742577932078,-2.4539842641311013e-05
11696.0,3.14912,1.7031553660470733,0.8316613895507448,45.81508282933028,122.9644537637206,-2.4544071940107992e-05
11704.0,3.14888,1.7029589965421115,0.8316129560153585,45.816315667324936,122.9614804954041,-2.4548304886900458e-05
11712.0,3.14864,1.7027625931589745,0.8315644974198175,45.81754911687219,122.95850597343693,-2.455254148686328e-05
11720.0,3.1484,1.7025661558684635,0.8315160137422042,45.81878317849238,122.95553019688282,-2.4556781745094236e-05
11728.0,3.14816,1.7023696846411533,0.8314675049605251,45.820017852709725,122.95255316479886,-2.4561025666188414e-05
11736.0,3.14792,1.7021731794478896,0.8314189710528347,45.82125314004384,122.94957487625,-2.4565273255604412e-05
11744.0,3.14768,1.701976640259159,0.8313704119970786,45.82248904102011,122.94659533029164,-2.4569524517813963e-05
11752.0,3.14744,1.7017800670456311,0.8313218277712284,45.823725556161044,122.94361452598393,-2.4573779457976513e-05
11760.0,3.1471999999999998,1.7015834597779083,0.8312732183532191,45.82496268599041,122.94063246238481,-2.457803808124844e-05
11768.0,3.14696,1.7013868184263654,0.8312245837209099,45.82620043103604,122.93764913854552,-2.4582300392314263e-05
11776.0,3.14672,1.70119014296165,0.8311759238522076,45.82743879182084,122.93466455352554,-2.458656639663875e-05
11784.0,3.14648,1.7009934333540457,0.8311272387249093,45.82867776887425,122.93167870637335,-2.4590836098912588e-05
11792.0,3.1462399999999997,1.7007966895740225,0.8310785283168386,45.829917362722355,122.92869159614304,-2.4595109504403172e-05
11800.0,3.146,1.7005999115919817,0.8310297926057816,45.83115757389239,122.92570322188683,-2.459938661828846e-05
11808.0,3.14576,1.7004030993780943,0.8309810315694481,45.83239840291548,122.9227135826503,-2.460366744521905e-05
11816.0,3.14552,1.7002062529028075,0.8309322451855964,45.83363985031813,122.91972267748687,-2.460795199076456e-05
11824.0,3.14528,1.7000093721362006,0.8308834334318732,45.834881916633094,122.91673050543965,-2.4612240259566346e-05
11832.0,3.14504,1.6998124570485416,0.8308345962859526,45.836124602389916,122.91373706555693,-2.4616532256934967e-05
11840.0,3.1448,1.6996155076100286,0.8307857337254708,45.83736790811931,122.91074235688511,-2.4620827988079224e-05
11848.0,3.14456,1.6994185237906287,0.8307368457279871,45.83861183435597,122.90774637846386,-2.4625127457705227e-05
11856.0,3.14432,1.6992215055605864,0.8306879322711095,45.83985638162985,122.90474912934086,-2.4629430671413433e-05
11864.0,3.1440799999999998,1.699024452889775,0.8306389933323334,45.84110155047751,122.90175060855265,-2.463373763398397e-05
11872.0,3.14384,1.6988273657482587,0.8305900288891817,45.8423473414321,122.89875081514154,-2.463804835078292e-05
11880.0,3.1436,1.6986302441060301,0.8305410389191394,45.843593755027975,122.89574974814782,-2.4642362827105426e-05
11888.0,3.14336,1.6984330879328486,0.8304920233996134,45.844840791803634,122.89274740660484,-2.4646681067777873e-05
11896.0,3.14312,1.698235897198754,0.8304429823080596,45.84608845229262,122.88974378955419,-2.4651003078459317e-05
11904.0,3.14288,1.6980386718734115,0.8303939156218211,45.847336737034695,122.88673889602718,-2.4655328863828114e-05
11912.0,3.14264,1.6978414119266785,0.830344823318268,45.84858564656649,122.88373272506024,-2.4659658429275016e-05
11920.0,3.1424,1.6976441173283419,0.8302957053747327,45.84983518142586,122.88072527568782,-2.4663991780132173e-05
11928.0,3.14216,1.6974467880479527,0.8302465617684687,45.85108534215463,122.8777165469378,-2.4668328921145788e-05
11936.0,3.14192,1.6972494240553442,0.8301973924767788,45.852336129289846,122.87470653784595,-2.4672669858027347e-05
11944.0,3.14168,1.6970520253199732,0.8301481974768523,45.8535875433752,122.8716952474369,-2.4677014595600147e-05
11952.0,3.14144,1.69685459181149,0.8300989767459056,45.85483958495092,122.8686826747411,-2.4681363139322787e-05
11960.0,3.1412,1.696657123499472,0.8300497302611168,45.85609225455854,122.86566881878689,-2.468571549457985e-05
11968.0,3.1409599999999998,1.69645962035326,0.8300004579995842,45.85734555274378,122.86265367859554,-2.4690071666277902e-05
11976.0,3.14072,1.6962620823424792,0.8299511599384567,45.858599480047324,122.85963725319677,-2.46944316601716e-05
11984.0,3.14048,1.6960645094363735,0.8299018360547672,45.85985403701661,122.85661954160895,-2.469879548115518e-05
11992.0,3.14024,1.6958669016043824,0.8298524863255768,45.861109224195594,122.85360054285627,-2.4703163134773584e-05
12000.0,3.14,1.6956692588158728,0.8298031107279081,45.86236504212949,122.85058025596085,-2.4707534626454573e-05
12008.0,3.13976,1.6954715810399703,0.8297537092387022,45.86362149136769,122.84755867993788,-2.471190996113247e-05
12016.0,3.13952,1.6952738682460897,0.8297042818349518,45.86487857245457,122.84453581381081,-2.47162891446452e-05
12024.0,3.13928,1.6950761204032614,0.8296548284935331,45.866136285940804,122.8415116565927,-2.4720672181766717e-05
12032.0,3.13904,1.6948783374807128,0.8296053491913503,45.86739463237391,122.83848620730186,-2.472505907804506e-05
12040.0,3.1388,1.6946805194475987,0.8295558439052689,45.86865361230266,122.83545946495444,-2.47294498389419e-05
12048.0,3.13856,1.6944826662728314,0.8295063126120724,45.86991322628,122.83243142855977,-2.4733844469379232e-05
12056.0,3.1383199999999998,1.694284777925614,0.8294567552885966,45.871173474853855,122.8294020971355,-2.4738242975213482e-05
12064.0,3.13808,1.69408685437476,0.8294071719115584,45.87243435857964,122.82637146968655,-2.47426453616041e-05
12072.0,3.1378399999999997,1.6938888955892824,0.829357562457704,45.8736958780088,122.82333954522466,-2.474705163423173e-05
12080.0,3.1376,1.693690901538121,0.8293079269037399,45.874958033693865,122.82030632275966,-2.475146179861048e-05
12088.0,3.13736,1.693492872189969,0.8292582652262898,45.876220826191435,122.81727180129468,-2.4755875859677756e-05
12096.0,3.13712,1.6932948075138146,0.8292085774020301,45.877484256053386,122.81423597984063,-2.4760293823401007e-05
12104.0,3.13688,1.6930967074782541,0.8291588634075183,45.87874832383791,122.81119885739814,-2.4764715694668303e-05
12112.0,3.13664,1.6928985720520842,0.8291091232193404,45.880013030099974,122.80816043297305,-2.4769141479117104e-05
12120.0,3.1364,1.6927004012040279,0.8290593568140427,45.88127837539585,122.80512070556898,-2.4773571182335534e-05
12128.0,3.13616,1.6925021949025607,0.8290095641680887,45.88254436028617,122.80207967418231,-2.477800480936586e-05
12136.0,3.13592,1.6923039531164545,0.8289597452579941,45.883810985326306,122.79903733781819,-2.4782442366181694e-05
12144.0,3.13568,1.6921056758140862,0.8289099000601547,45.885078251078845,122.79599369546979,-2.4786883857908564e-05
12152.0,3.13544,1.6919073629640344,0.8288600285509956,45.88634615810264,122.79294874613647,-2.4791329290285713e-05
12160.0,3.1351999999999998,1.6917090145348035,0.8288101307069016,45.887614706957784,122.78990248881554,-2.4795778668959853e-05
12168.0,3.13496,1.6915106304946472,0.8287602065041728,45.88888389820858,122.78685492249714,-2.48002319989825e-05
12176.0,3.1347199999999997,1.6913122108121197,0.8287102559191639,45.89015373241435,122.7838060461799,-2.4804689286422876e-05
12184.0,3.13448,1.691113755455374,0.8286602789281069,45.891424210141345,122.7807558588508,-2.4809150536397257e-05
12192.0,3.13424,1.6909152643927685,0.8286102755072638,45.89269533195223,122.7777043595028,-2.4813615754697303e-05
12200.0,3.134,1.6907167375925867,0.8285602456328565,45.89396709841092,122.77465154712685,-2.4818084947012913e-05
12208.0,3.13376,1.6905181750228584,0.8285101892810207,45.895239510085595,122.77159742070673,-2.482255811845419e-05
12216.0,3.13352,1.6903195766519166,0.8284601064279477,45.89651256753936,122.76854197923468,-2.4827035275133537e-05
12224.0,3.13328,1.690120942447691,0.8284099970497045,45.89778627134233,122.76548522169125,-2.483151642221965e-05
12232.0,3.13304,1.6899222723783172,0.8283598611223891,45.89906062206101,122.76242714706302,-2.4836001565538125e-05
12240.0,3.1328,1.6897235664118548,0.8283096986220583,45.900335620263206,122.75936775433436,-2.4840490710855948e-05
12248.0,3.13256,1.6895248245161083,0.8282595095246822,45.90161126652127,122.7563070424821,-2.484498386341584e-05
12256.0,3.13232,1.6893260466591877,0.8282092938062867,45.902887561402146,122.7532450104921,-2.484948102938879e-05
12264.0,3.13208,1.6891272328087958,0.8281590514427728,45.904164505479606,122.75018165733881,-2.4853982213891073e-05
12272.0,3.13184,1.6889283829328443,0.8281087824100725,45.905442099324,122.74711698200247,-2.4858487422809964e-05
12280.0,3.1315999999999997,1.688729496999167,0.8280584866840758,45.90672034350705,122.74405098346091,-2.486299666196179e-05
12288.0,3.13136,1.688530574975341,0.828008164240586,45.907999238605036,122.74098366068446,-2.48675099366417e-05
12296.0,3.13112,1.6883316168292515,0.8279578150554623,45.90927878518877,122.73791501265259,-2.4872027253063862e-05
12304.0,3.13088,1.6881326225283728,0.8279074391044379,45.91055898383604,122.7348450383329,-2.48765486164309e-05
12312.0,3.13064,1.6879335920403897,0.8278570363632769,45.91183983512113,122.73177373669907,-2.488107403268251e-05
12320.0,3.1304,1.6877345253329095,0.8278066068077018,45.913121339619615,122.72870110672251,-2.4885603507675115e-05
12328.0,3.13016,1.6875354223732792,0.827756150413347,45.914403497911486,122.72562714736736,-2.4890137046657606e-05
12336.0,3.12992,1.687336283129158,0.8277056671559038,45.915686310571466,122.7225518576065,-2.4894674655911997e-05
12344.0,3.12968,1.6871371075677883,0.8276551570109352,45.91696977818184,122.71947523640021,-2.4899216340847536e-05
12352.0,3.1294399999999998,1.686937895656626,0.8276046199540364,45.91825390132093,122.71639728271539,-2.490376210751186e-05
12360.0,3.1292,1.686738647363048,0.8275540559607603,45.919538680568365,122.71331799551669,-2.4908311961810733e-05
12368.0,3.12896,1.686539362654168,0.8275034650065702,45.92082411650834,122.71023737376117,-2.4912865909116404e-05
12376.0,3.12872,1.6863400414974155,0.8274528470669875,45.922110209719655,122.70715541641493,-2.4917423955818824e-05
12384.0,3.12848,1.6861406838597999,0.8274022021174042,45.923396960788004,122.70407212243252,-2.4921986107148378e-05
12392.0,3.12824,1.6859412897085448,0.8273515301332444,45.924684370295616,122.7009874907743,-2.4926552369168114e-05
12400.0,3.128,1.6857418590107958,0.8273008310898896,45.925972438826136,122.69790152039829,-2.49311227478609e-05
12408.0,3.12776,1.6855423917334325,0.8272501049626313,45.92726116696789,122.69481421025482,-2.4935697248679167e-05
12416.0,3.12752,1.6853428878436523,0.8271993517268191,45.928550555303545,122.69172555930353,-2.4940275878009783e-05
12424.0,3.12728,1.6851433473082287,0.8271485713576723,45.92984060442342,122.68863556649116,-2.4944858641345264e-05
12432.0,3.12704,1.6849437700941519,0.8270977638304421,45.93113131491389,122.68554423077111,-2.494944554481651e-05
12440.0,3.1268,1.6847441561683327,0.8270469291203373,45.932422687362546,122.68245155109487,-2.4954036594455732e-05
12448.0,3.12656,1.6845445054974144,0.8269960672024755,45.93371472236126,122.67935752640675,-2.4958631795561164e-05
12456.0,3.1263199999999998,1.6843448180483602,0.8269451780520333,45.93500742049686,122.6762621556594,-2.496323115463069e-05
12464.0,3.12608,1.6841450937877067,0.8268942616440551,45.93630078236355,122.6731654377934,-2.496783467712908e-05
12472.0,3.1258399999999997,1.683945332682209,0.8268433179536187,45.93759480855165,122.67006737175566,-2.4972442369224233e-05
12480.0,3.1256,1.6837455346985413,0.826792346955758,45.93888949965296,122.66696795649065,-2.4977054237031632e-05
12488.0,3.12536,1.683545699803108,0.8267413486254152,45.940184856264096,122.66386719093461,-2.4981670286133235e-05
12496.0,3.12512,1.6833458279626368,0.8266903229375919,45.94148087897588,122.66076507403369,-2.498629052305776e-05
12504.0,3.12488,1.6831459191434228,0.8266392698671564,45.94277756838671,122.6576616047212,-2.499091495331624e-05
12512.0,3.12464,1.6829459733119827,0.8265881893890102,45.94407492509112,122.65455678193698,-2.49955435831876e-05
12520.0,3.1244,1.682745990434752,0.8265370814780112,45.945372949684995,122.65145060461866,-2.5000176418818157e-05
12528.0,3.12416,1.6825459704778922,0.8264859461089238,45.94667164276881,122.64834307169636,-2.5004813465734355e-05
12536.0,3.12392,1.6823459134078929,0.8264347832565732,45.94797100493758,122.64523418210915,-2.5009454730535853e-05
12544.0,3.12368,1.682145819190806,0.8263835928956493,45.949271036794,122.64212393478323,-2.5014100218857032e-05
12552.0,3.12344,1.681945687792908,0.8263323750008764,45.95057173893678,122.63901232865157,-2.5018749937007662e-05
12560.0,3.1231999999999998,1.6817455191803923,0.8262811295469339,45.95187311196595,122.63589936264486,-2.5023403891208077e-05
12568.0,3.12296,1.6815453133191771,0.8262298565084075,45.95317515648618,122.63278503568607,-2.5028062087021723e-05
12576.0,3.12272,1.6813450701755104,0.8261785558599438,45.95447787309664,122.62966934670735,-2.5032724531116106e-05
12584.0,3.12248,1.6811447897152003,0.8261272275760535,45.955781262404045,122.62655229462833,-2.503739122909786e-05
12592.0,3.1222399999999997,1.68094447190428,0.826075871631281,45.95708532501119,122.62343387837512,-2.5042062187326088e-05
12600.0,3.122,1.6807441167087,0.8260244880001265,45.958390061522465,122.62031409687124,-2.5046737412113645e-05
12608.0,3.12176,1.6805437240941308,0.8259730766569944,45.95969547254724,122.61719294903187,-2.505141690922752e-05
12616.0,3.12152,1.680343294026578,0.8259216375763516,45.96100155868884,122.6140704337823,-2.505610068540615e-05
12624.0,3.12128,1.6801428264716018,0.8258701707325269,45.96230832055789,122.6109465500355,-2.506078874616982e-05
12632.0,3.12104,1.6799423213949911,0.8258186760998841,45.963615758761385,122.60782129671055,-2.5065481097933137e-05
12640.0,3.1208,1.6797417787624491,0.8257671536527414,45.96492387390796,122.60469467272394,-2.507017774706756e-05
12648.0,3.12056,1.6795411985393986,0.825715603365321,45.966232666611376,122.60156667698368,-2.5074878699435673e-05
12656.0,3.12032,1.6793405806915995,0.8256640252119078,45.967542137479114,122.59843730840807,-2.5079583961806762e-05
12664.0,3.1200799999999997,1.679139925184361,0.8256124191666472,45.9688522871268,122.5953065659018,-2.5084293539994072e-05
12672.0,3.11984,1.6789392319832226,0.8255607852037196,45.97016311616593,122.59217444837651,-2.5089007440520168e-05
12680.0,3.1196,1.6787385010536395,0.8255091232972599,45.9714746252093,122.58904095474168,-2.5093725669790414e-05
12688.0,3.11936,1.678537732360782,0.8254574334213056,45.97278681487426,122.58590608389906,-2.5098448233463867e-05
12696.0,3.11912,1.6783369258701613,0.8254057155499581,45.9740996857728,122.58276983475952,-2.5103175138426995e-05
12704.0,3.11888,1.6781360815468351,0.8253539696571776,45.97541323852467,122.57963220622118,-2.5107906390499214e-05
12712.0,3.11864,1.677935199356093,0.82530219571696,45.97672747374557,122.57649319718882,-2.5112641996215422e-05
12720.0,3.1184,1.6777342792631393,0.825250393703255,45.978042392052565,122.57335280656476,-2.5117381962033417e-05
12728.0,3.11816,1.6775333212328922,0.8251985635899145,45.97935799406756,122.57021103324318,-2.5122126293732523e-05
12736.0,3.11792,1.6773323252306125,0.8251467053508543,45.98067428040673,122.56706787612802,-2.5126874998233133e-05
12744.0,3.11768,1.6771312912211032,0.8250948189598477,45.98199125169444,122.56392333410957,-2.5131628081468776e-05
12752.0,3.11744,1.6769302191694018,0.8250429043907044,45.983308908550775,122.56077740608522,-2.513638555007611e-05
12760.0,3.1172,1.6767291090404588,0.824990961617187,45.98462725159733,122.55763009094983,-2.514114741060854e-05
12768.0,3.1169599999999997,1.6765279607989345,0.8249389906129588,45.98594628146083,122.55448138758963,-2.5145913669033515e-05
12776.0,3.11672,1.676326774409837,0.8248869913517485,45.98726599876189,122.55133129490117,-2.5150684332367027e-05
12784.0,3.11648,1.6761255498377106,0.8248349638071402,45.98858640412903,122.54817981176782,-2.515545940649017e-05
12792.0,3.11624,1.6759242870473368,0.824782907952755,45.98990749818674,122.54502693707957,-2.5160238898107466e-05
12800.0,3.116,1.6757229860034097,0.8247308237621668,45.99122928156107,122.54187266972393,-2.5165022813833986e-05
12808.0,3.11576,1.6755216466703304,0.8246787112088485,45.9925517548831,122.5387170085801,-2.5169811159668026e-05
12816.0,3.11552,1.6753202690128506,0.8246265702663398,45.993874918777855,122.53555995253721,-2.517460394266566e-05
12824.0,3.11528,1.6751188529952543,0.8245744009080338,45.995198773878414,122.53240150047091,-2.5179401168815934e-05
12832.0,3.11504,1.674917398582065,0.8245222031073615,45.99652332081373,122.52924165126382,-2.5184202844860363e-05
12840.0,3.1148,1.6747159057377174,0.8244699768377055,45.99784856021424,122.52608040379609,-2.5189008977484956e-05
12848.0,3.11456,1.6745143744263518,0.8244177220723475,45.99917449271543,122.52291775693965,-2.519381957268184e-05
12856.0,3.1143199999999998,1.6743128046124613,0.8243654387846356,46.00050111894679,122.51975370957626,-2.5198634637618118e-05
12864.0,3.11408,1.6741111962600683,0.824313126947771,46.00182843954574,122.51658826057444,-2.520345417824273e-05
12872.0,3.11384,1.673909549333436,0.8242607865349922,46.00315645514567,122.5134214088095,-2.520827820138047e-05
12880.0,3.1136,1.673707863796739,0.8242084175194898,46.0044851663815,122.51025315315418,-2.5213106713763606e-05
12888.0,3.11336,1.6735061396138537,0.8241560198743516,46.00581457389334,122.5070834924727,-2.5217939721482947e-05
12896.0,3.11312,1.6733043767490137,0.824103593572733,46.007144678315065,122.50391242563951,-2.5222777231736433e-05
12904.0,3.11288,1.673102575165975,0.8240511385876406,46.00847548028909,122.50073995151476,-2.5227619250679635e-05
12912.0,3.11264,1.6729007348287377,0.8239986548921185,46.00980698045342,122.49756606896605,-2.5232465785229863e-05
12920.0,3.1124,1.672698855701213,0.8239461424591631,46.011139179447575,122.49439077685851,-2.523731684220265e-05
12928.0,3.11216,1.672496937747009,0.8238936012616659,46.01247207791629,122.49121407404883,-2.5242172427738147e-05
12936.0,3.11192,1.6722949809300958,0.8238410312725878,46.013805676498116,122.48803595940372,-2.5247032549169995e-05
12944.0,3.11168,1.6720929852139608,0.8237884324647382,46.01513997583987,122.48485643177581,-2.5251897212622925e-05
12952.0,3.11144,1.6718909505623385,0.8237358048109656,46.01647497658416,122.48167549002505,-2.5256766425091337e-05
12960.0,3.1111999999999997,1.6716888769388718,0.8236831482840692,46.017810679375124,122.47849313300893,-2.5261640193449367e-05
12968.0,3.11096,1.6714867643068996,0.8236304628567429,46.01914708486216,122.47530935957631,-2.5266518523923514e-05
12976.0,3.1107199999999997,1.671284612630125,0.8235777485017507,46.0204841936884,122.47212416858629,-2.5271401423884424e-05
12984.0,3.11048,1.6710824218717653,0.8235250051917036,46.02182200650524,122.46893755888419,-2.5276288899509255e-05
12992.0,3.11024,1.6708801919952858,0.8234722328992518,46.02316052395989,122.4657495293224,-2.528118095784176e-05
13000.0,3.11,1.6706779229640607,0.823419431596996,46.02449974670119,122.46256007875051,-2.5286077605854748e-05
13008.0,3.10976,1.6704756147411552,0.8233666012574306,46.025839675383466,122.45936920600906,-2.5290978849895003e-05
13016.0,3.10952,1.6702732672900045,0.8233137418531202,46.02718031065446,122.45617690994949,-2.5295884697422598e-05
13024.0,3.10928,1.6700708805735505,0.8232608533564754,46.02852165317034,122.45298318940932,-2.5300795154667125e-05
13032.0,3.10904,1.6698684545549878,0.8232079357399462,46.029863703583025,122.4497880432331,-2.530571022876793e-05
13040.0,3.1088,1.6696659891974184,0.8231549889759331,46.031206462545946,122.44659147026279,-2.531062992671634e-05
13048.0,3.1085599999999998,1.6694634844636325,0.8231020130367283,46.03254993071769,122.44339346933177,-2.531555425478202e-05
13056.0,3.10832,1.6692609403167935,0.8230490078946958,46.0338941087507,122.44019403928372,-2.5320483220489828e-05
13064.0,3.10808,1.6690583567195674,0.8229959735220438,46.03523899730618,122.43699317894792,-2.5325416830226625e-05
13072.0,3.10784,1.668855733634875,0.8229429098910201,46.036584597040736,122.43379088716112,-2.5330355091202688e-05
13080.0,3.1075999999999997,1.6686530710255432,0.8228898169738226,46.03793090861255,122.4305871627575,-2.5335298010480277e-05
13088.0,3.10736,1.668450368854085,0.82283669474254,46.03927793268506,122.42738200456235,-2.534024559442158e-05
13096.0,3.10712,1.6682476270833895,0.8227835431693334,46.040625669915435,122.42417541141147,-2.5345197850610043e-05
13104.0,3.10688,1.668044845675842,0.822730362226206,46.041974120969996,122.42096738212557,-2.5350154785623734e-05
13112.0,3.10664,1.6678420245940866,0.8226771518852015,46.043323286510244,122.41775791553327,-2.535511640674695e-05
13120.0,3.1064,1.667639163800672,0.8226239121183129,46.04467316719915,122.41454701046081,-2.5360082721146798e-05
13128.0,3.10616,1.667436263257829,0.8225706428974228,46.04602376370486,122.41133466572592,-2.5365053735166966e-05
13136.0,3.10592,1.6672333229281697,0.8225173441944874,46.04737507668944,122.4081208801563,-2.5370029456529676e-05
13144.0,3.10568,1.667030342773798,0.8224640159813033,46.0487271068235,122.40490565256535,-2.5375009891664968e-05
13152.0,3.1054399999999998,1.6668273227570778,0.8224106582297078,46.05007985477321,122.4016889817739,-2.5379995047906483e-05
13160.0,3.1052,1.666624262840277,0.8223572709114872,46.05143332120645,122.39847086660008,-2.538498493248917e-05
13168.0,3.10496,1.6664211629853436,0.8223038539983164,46.05278750679682,122.3952513058527,-2.5389979552037367e-05
13176.0,3.10472,1.6662180231546089,0.8222504074619444,46.05414241221103,122.39203029835168,-2.5394978914276372e-05
13184.0,3.10448,1.6660148433098916,0.8221969312739587,46.055498038124625,122.38880784290225,-2.539998302572566e-05
13192.0,3.10424,1.6658116234132736,0.8221434254059886,46.05685438520869,122.38558393831713,-2.5404991893792886e-05
13200.0,3.104,1.6656083634267391,0.8220898898296114,46.058211454136014,122.38235858340633,-2.5410005525799357e-05
13208.0,3.10376,1.6654050633119486,0.8220363245162917,46.05956924558507,122.37913177697068,-2.5415023928406406e-05
13216.0,3.10352,1.665201723030951,0.8219827294375694,46.06092776022749,122.375903517822,-2.5420047109444194e-05
13224.0,3.10328,1.664998342545276,0.8219291045648208,46.06228699874402,122.37267380475674,-2.542507507556481e-05
13232.0,3.10304,1.6647949218167188,0.8218754498694646,46.06364696181073,122.36944263657938,-2.5430107834271503e-05
13240.0,3.1028,1.6645914608069776,0.8218217653228668,46.06500765010531,122.36621001209176,-2.5435145392950344e-05
13248.0,3.10256,1.6643879594774218,0.8217680508962797,46.066369064310926,122.36297593008672,-2.544018775821333e-05
13256.0,3.1023199999999997,1.6641844177898144,0.8217143065610318,46.067731205104245,122.35974038936779,-2.5445234938010887e-05
13264.0,3.10208,1.6639808357053945,0.8216605322882861,46.06909407317094,122.35650338872362,-2.5450286939035197e-05
13272.0,3.10184,1.6637772131856685,0.8216067280492488,46.07045766919203,122.35326492695063,-2.545534376884811e-05
13280.0,3.1016,1.6635735501920454,0.8215528938150729,46.071821993850094,122.35002500284247,-2.546040543489429e-05
13288.0,3.10136,1.6633698466856033,0.8214990295567962,46.07318704783318,122.34678361518365,-2.5465471943816568e-05
13296.0,3.10112,1.6631661026278157,0.8214451352455339,46.074552831822864,122.34354076276965,-2.5470543303602382e-05
13304.0,3.10088,1.6629623179796278,0.8213912108522334,46.0759193465102,122.34029644438024,-2.547561952112587e-05
13312.0,3.10064,1.6627584927022556,0.8213372563478866,46.07728659258125,122.33705065880338,-2.5480700604050648e-05
13320.0,3.1004,1.6625546267568148,0.8212832717034306,46.07865457072376,122.33380340482427,-2.548578655992623e-05
13328.0,3.10016,1.6623507201040864,0.8212292568896865,46.08002328163128,122.3305546812185,-2.5490877395592834e-05
13336.0,3.09992,1.6621467727052528,0.8211752118775536,46.081392725990455,122.32730448677307,-2.5495973119148913e-05
13344.0,3.0996799999999998,1.6619427845209613,0.8211211366377619,46.08276290449695,122.32405282025991,-2.5501073737357575e-05
13352.0,3.09944,1.6617387555121323,0.8210670311410855,46.08413381784186,122.32079968045863,-2.55061792579287e-05
13360.0,3.0991999999999997,1.6615346856395865,0.8210128953582444,46.085505466718004,122.31754506614608,-2.551128968850125e-05
13368.0,3.09896,1.6613305748638063,0.8209587292598405,46.086877851824084,122.31428897608957,-2.5516405035983266e-05
13376.0,3.09872,1.6611264231456784,0.8209045328165553,46.08825097385176,122.3110314090678,-2.5521525308531813e-05
13384.0,3.09848,1.6609222304455502,0.8208503059988986,46.08962483350204,122.30777236384377,-2.5526650513033352e-05
13392.0,3.09824,1.6607179967240449,0.8207960487774257,46.09099943147117,122.30451183918859,-2.553178065729954e-05
13400.0,3.098,1.6605137219416841,0.8207417611226363,46.0923747684571,122.30124983387059,-2.5536915749040255e-05
13408.0,3.09776,1.660309406058648,0.8206874430049113,46.09375084516368,122.29798634664839,-2.5542055795215982e-05
13416.0,3.09752,1.6601050490355258,0.8206330943947118,46.09512766228774,122.29472137629213,-2.5547200804070123e-05
13424.0,3.09728,1.6599006508323608,0.8205787152623255,46.09650522053562,122.29145492155627,-2.555235078261559e-05
13432.0,3.09704,1.6596962114094753,0.8205243055780859,46.09788352060879,122.28818698120328,-2.5557505738750387e-05
13440.0,3.0968,1.659491730727089,0.8204698653122705,46.09926256321045,122.28491755399278,-2.5562665680270743e-05
13448.0,3.0965599999999998,1.6592872087450756,0.8204153944350363,46.10064234904979,122.28164663867437,-2.556783061423583e-05
13456.0,3.09632,1.6590826454237229,0.8203608929166218,46.10202287882886,122.27837423400959,-2.5573000548990822e-05
13464.0,3.0960799999999997,1.6588780407227661,0.8203063607270902,46.10340415325922,122.27510033874421,-2.5578175491576384e-05
13472.0,3.09584,1.658673394602224,0.8202517978365506,46.10478617304757,122.27182495163207,-2.5583355449983038e-05
13480.0,3.0956,1.6584687070220105,0.820197204215056,46.10616893890231,122.26854807142426,-2.558854043206561e-05
13488.0,3.09536,1.658263977941692,0.820142579832538,46.10755245153759,122.26526969686238,-2.5593730444846265e-05
13496.0,3.09512,1.6580592073212512,0.82008792465901,46.108936711660704,122.26198982669928,-2.5598925496750358e-05
13504.0,3.09488,1.6578543951201146,0.8200332386643082,46.11032171998866,122.25870845967171,-2.5604125594938828e-05
13512.0,3.09464,1.6576495412979937,0.819978521818316,46.11170747723339,122.25542559452484,-2.5609330747466963e-05
13520.0,3.0944,1.6574446458144945,0.8199237740908594,46.113093984108694,122.25214123000075,-2.5614540962316028e-05
13528.0,3.09416,1.65723970862887,0.819868995451641,46.114481241334644,122.24885536483114,-2.5619756246739486e-05
13536.0,3.09392,1.6570347297007961,0.8198141858704476,46.115869249623806,122.24556799776016,-2.5624976609264464e-05
13544.0,3.09368,1.6568297089893849,0.8197593453168858,46.11725800969831,122.2422791275162,-2.5630202057021058e-05
13552.0,3.09344,1.6566246464540373,0.81970447376061,46.118647522275474,122.23898875283558,-2.5635432598157076e-05
13560.0,3.0932,1.6564195420540473,0.819649571171217,46.120037788074455,122.23569687245153,-2.5640668240733966e-05
13568.0,3.0929599999999997,1.6562143957483526,0.8195946375181787,46.121428807820564,122.2324034850871,-2.564590899202061e-05
13576.0,3.09272,1.6560092074963182,0.8195396727710521,46.122820582231725,122.22910858947763,-2.5651154860630483e-05
13584.0,3.09248,1.6558039772567401,0.8194846768992123,46.1242131120355,122.22581218434243,-2.5656405853767704e-05
13592.0,3.09224,1.655598704988705,0.8194296498720827,46.12560639795454,122.22251426840899,-2.5661661979657174e-05
13600.0,3.092,1.6553933906511928,0.8193745916590284,46.1270004407134,122.21921484040162,-2.566692324641277e-05
13608.0,3.09176,1.6551880342028231,0.8193195022292884,46.12839524104289,122.21591389903439,-2.5672189661408223e-05
13616.0,3.09152,1.6549826356026467,0.8192643815521876,46.12979079966627,122.21261144303371,-2.567746123332178e-05
13624.0,3.09128,1.6547771948091397,0.819209229596867,46.13118711731687,122.2093074711096,-2.5682737969530258e-05
13632.0,3.09104,1.6545717117810719,0.8191540463325164,46.13258419472288,122.20600198198044,-2.5688019878354156e-05
13640.0,3.0907999999999998,1.6543661864771049,0.819098831728267,46.13398203261431,122.20269497436145,-2.569330696800604e-05
13648.0,3.09056,1.6541606188555356,0.8190435857531219,46.13538063172746,122.19938644695738,-2.569859924590899e-05
13656.0,3.09032,1.6539550088750976,0.8189883083761713,46.13677999279112,122.19607639848554,-2.5703896720846104e-05
13664.0,3.09008,1.6537493564939423,0.8189329995663196,46.13818011654432,122.19276482764661,-2.5709199400323717e-05
13672.0,3.08984,1.6535436616705186,0.8188776592925203,46.139581003720835,122.18945173314975,-2.5714507292761022e-05
13680.0,3.0896,1.6533379243631663,0.8188222875236679,46.140982655056206,122.1861371137011,-2.571982040645694e-05
13688.0,3.08936,1.6531321445298564,0.8187668842285273,46.14238507129217,122.18282096799648,-2.5725138748849963e-05
13696.0,3.08912,1.652926322129001,0.8187114493759517,46.1437882531631,122.17950329474404,-2.573046232884963e-05
13704.0,3.08888,1.6527204571184249,0.8186559829346063,46.1451922014135,122.17618409263531,-2.5735791153968452e-05
13712.0,3.08864,1.652514549456253,0.818600484873206,46.14659691678263,122.1728633603704,-2.5741125232702717e-05
13720.0,3.0884,1.6523085991004995,0.8185449551604062,46.14800240001164,122.1695410966462,-2.5746464573431524e-05
13728.0,3.08816,1.6521026060088078,0.8184893937647312,46.14940865184805,122.16621730014914,-2.5751809183735234e-05
13736.0,3.08792,1.6518965701392652,0.818433800654795,46.15081567303177,122.16289196957823,-2.575715907258506e-05
13744.0,3.0876799999999998,1.6516904914493653,0.8183781757990203,46.152223464313074,122.15956510361526,-2.5762514247610706e-05
13752.0,3.08744,1.651484369896906,0.8183225191658816,46.1536320264369,122.15623670095093,-2.5767874717404062e-05
13760.0,3.0872,1.6512782054395727,0.8182668307237922,46.15504136015012,122.15290676027276,-2.577324049046142e-05
13768.0,3.08696,1.6510719980346746,0.818211110441033,46.15645146620614,122.14957528025755,-2.577861157450191e-05
13776.0,3.08672,1.6508657476399717,0.8181553582859757,46.157862345350566,122.14624225959491,-2.5783987978589273e-05
13784.0,3.08648,1.6506594542126238,0.8180995742267991,46.15927399833887,122.14290769695812,-2.5789369710266856e-05
13792.0,3.08624,1.6504531177100978,0.8180437582317339,46.16068642592156,122.13957159102867,-2.57947567781759e-05
13800.0,3.086,1.6502467380897476,0.8179879102689493,46.162099628851216,122.1362339404847,-2.5800149190908288e-05
13808.0,3.08576,1.6500403153085472,0.8179320303064804,46.163513607887026,122.13289474399348,-2.5805546956260263e-05
13816.0,3.08552,1.6498338493239257,0.8178761183124548,46.16492836378016,122.12955400023543,-2.581095008337882e-05
13824.0,3.08528,1.649627340092704,0.8178201742548036,46.166343897292755,122.12621170787281,-2.5816358580134215e-05
13832.0,3.08504,1.6494207875720146,0.8177641981015115,46.167760209181274,122.12286786557732,-2.58217724553558e-05
13840.0,3.0848,1.6492141917188752,0.8177081898205005,46.169177300204005,122.11952247201765,-2.5827191717690977e-05
13848.0,3.0845599999999997,1.6490075524899193,0.8176521493795573,46.17059517112555,122.11617552585211,-2.5832616374868137e-05
13856.0,3.08432,1.6488008698422403,0.8175960767465617,46.172013822703036,122.11282702575132,-2.5838046436188478e-05
13864.0,3.08408,1.6485941437323184,0.8175399718891955,46.17343325570403,122.10947697036849,-2.5843481909482158e-05
13872.0,3.08384,1.6483873741169472,0.8174838347751943,46.17485347089067,122.10612535836594,-2.5848922803597036e-05
13880.0,3.0836,1.648180560952805,0.8174276653722304,46.17627446902718,122.10277218840265,-2.5854369127319297e-05
13888.0,3.08336,1.6479737041961817,0.8173714636478394,46.177696250884615,122.09941745912651,-2.5859820888648713e-05
13896.0,3.08312,1.6477668038038322,0.8173152295696512,46.179118817225806,122.09606116919869,-2.586527809692966e-05
13904.0,3.08288,1.6475598597318915,0.8172589631050953,46.18054216882401,122.09270331726302,-2.5870740760010797e-05
13912.0,3.08264,1.6473528719368125,0.8172026642216558,46.18196630644723,122.08934390197214,-2.5876208886838674e-05
13920.0,3.0824,1.6471458403749295,0.8171463328867528,46.18339123086563,122.08598292197522,-2.588168248629816e-05
13928.0,3.08216,1.6469387650021852,0.8170899690676676,46.18481694285637,122.08262037590991,-2.588716156650313e-05
13936.0,3.0819199999999998,1.6467316457749925,0.8170335727317777,46.18624344318815,122.07925626242775,-2.5892646136933663e-05
13944.0,3.08168,1.6465244826491354,0.8169771438462571,46.187670732640655,122.07589058016202,-2.5898136205626532e-05
13952.0,3.0814399999999997,1.6463172755807203,0.8169206823783352,46.189098811988025,122.07252332775535,-2.590363178168557e-05
13960.0,3.0812,1.646110024525735,0.816864188295177,46.19052768200629,122.06915450384713,-2.5909132874060406e-05
13968.0,3.08096,1.6459027294397697,0.8168076615638072,46.1919573434781,122.06578410706604,-2.59146394907724e-05
13976.0,3.08072,1.6456953902788907,0.8167511021513474,46.19338779717823,122.0624121360535,-2.5920151641421905e-05
13984.0,3.0804799999999997,1.6454880069985314,0.8166945100247144,46.19481904389192,122.05903858943387,-2.5925669333980934e-05
13992.0,3.08024,1.6452805795544487,0.8166378851508804,46.19625108439906,122.05566346584021,-2.5931192577577982e-05
14000.0,3.08,1.6450731079022805,0.8165812274967532,46.19768391948173,122.05228676390207,-2.593672138126446e-05
14008.0,3.07976,1.6448655919972637,0.8165245370290981,46.19911754992916,122.04890848223731,-2.594225575333003e-05
14016.0,3.07952,1.6446580317951154,0.8164678137147786,46.20055197652192,122.04552861947788,-2.594779570340279e-05
14024.0,3.07928,1.644450427250912,0.816411057520451,46.2019872000518,122.04214717423717,-2.5953341239704557e-05
14032.0,3.07904,1.644242778320058,0.8163542684128279,46.203423221304895,122.03876414513806,-2.595889237148103e-05
14040.0,3.0788,1.6440350849578365,0.8162974463585561,46.2048600410694,122.03537953079997,-2.5964449107919298e-05
14048.0,3.07856,1.6438273471191245,0.8162405913241384,46.206297660140564,122.03199332983077,-2.5970011457324446e-05
14056.0,3.0783199999999997,1.6436195647592857,0.8161837032761777,46.20773607930518,122.02860554085214,-2.5975579429478774e-05
14064.0,3.07808,1.643411737833034,0.8161267821810658,46.209175299361405,122.02521616246713,-2.5981153032733628e-05
14072.0,3.07784,1.643203866295416,0.8160698280052527,46.21061532110158,122.02182519328838,-2.5986732276479642e-05
14080.0,3.0776,1.6429959501013558,0.8160128407151216,46.21205614532006,122.01843263192511,-2.599231716998101e-05
14088.0,3.07736,1.6427879892053665,0.8159558202769095,46.2134977728182,122.01503847697509,-2.599790772159216e-05
14096.0,3.07712,1.6425799835624535,0.8158987666569555,46.21494020438903,122.0116427270498,-2.6003503941228006e-05
14104.0,3.07688,1.642371933126966,0.8158416798213848,46.21638344083663,122.00824538074244,-2.6009105837212127e-05
14112.0,3.07664,1.6421638378535894,0.8157845597363819,46.217827482959436,122.00484643665558,-2.6014713419009183e-05
14120.0,3.0764,1.6419556976968852,0.8157274063680634,46.21927233155805,122.00144589338825,-2.60203266959728e-05
14128.0,3.07616,1.6417475126110004,0.8156702196823987,46.22071798744032,121.99804374952777,-2.6025945676630105e-05
14136.0,3.07592,1.641539282550578,0.8156129996454595,46.22216445140537,121.9946400036755,-2.6031570370957687e-05
14144.0,3.0756799999999997,1.6413310074696001,0.8155557462231026,46.223611724263414,121.99123465441453,-2.603720078731923e-05
14152.0,3.07544,1.6411226873223879,0.8154984593812438,46.22505980681909,121.98782770033723,-2.6042836935253393e-05
14160.0,3.0751999999999997,1.6409143220631357,0.8154411390857302,46.22650869987934,121.9844191400322,-2.604847882424334e-05
14168.0,3.07496,1.6407059116456204,0.8153837853022605,46.227958404258644,121.98100897207583,-2.6054126462991976e-05
14176.0,3.07472,1.6404974560241201,0.815326397996637,46.22940892076236,121.97759719505923,-2.6059779861586918e-05
14184.0,3.07448,1.640288955152243,0.8152689771344436,46.23086025020735,121.97418380755462,-2.6065439028542957e-05
14192.0,3.07424,1.6400804089839411,0.8152115226813246,46.2323123934047,121.97076880814376,-2.6071103973552958e-05
14200.0,3.074,1.6398718174730385,0.8151540346028553,46.23376535116775,121.9673521954047,-2.6076774706211097e-05
14208.0,3.07376,1.6396631805729347,0.8150965128644593,46.2352191243173,121.9639339679032,-2.6082451235263464e-05
14216.0,3.07352,1.6394544982375385,0.8150389574316663,46.23667371366516,121.96051412421983,-2.6088133570933365e-05
14224.0,3.07328,1.639245770420081,0.814981368269785,46.23812912003452,121.95709266291652,-2.6093821721788018e-05
14232.0,3.0730399999999998,1.6390369970741399,0.8149237453441849,46.239585344242826,121.95366958256461,-2.6099515697609723e-05
14240.0,3.0728,1.6388281781531644,0.8148660886201659,46.24104238710986,121.95024488173154,-2.6105215508075925e-05
14248.0,3.0725599999999997,1.6386193136101752,0.8148083980628745,46.24250024946298,121.94681855897232,-2.6110921162059153e-05
14256.0,3.07232,1.6384104033987068,0.8147506736375648,46.24395893212039,121.94339061285704,-2.6116632669890654e-05
14264.0,3.07208,1.6382014474716087,0.8146929153092668,46.245418435911944,121.93996104193667,-2.6122350040261003e-05
14272.0,3.07184,1.6379924457820811,0.8146351230430725,46.24687876166162,121.9365298447718,-2.6128073283075857e-05
14280.0,3.0716,1.6377833982831949,0.8145772968040034,46.2483399101956,121.93309701991939,-2.6133802408105183e-05
14288.0,3.07136,1.6375743049275877,0.8145194365569263,46.24980188234735,121.92966256592436,-2.613953742414749e-05
14296.0,3.07112,1.6373651656684163,0.8144615422668162,46.25126467894161,121.92622648134612,-2.6145278341663555e-05
14304.0,3.07088,1.6371559804581446,0.8144036138984219,46.25272830081521,121.92278876472407,-2.6151025169572167e-05
14312.0,3.07064,1.636946749249591,0.8143456514165545,46.25419274879869,121.91934941460799,-2.6156777917877665e-05
14320.0,3.0704,1.636737471995443,0.814287654785954,46.255658023724955,121.91590842954383,-2.6162536596516547e-05
14328.0,3.07016,1.636528148647949,0.8142296239712035,46.25712412643462,121.91246580806485,-2.616830121453405e-05
14336.0,3.0699199999999998,1.636318779159883,0.8141715589369961,46.25859105775904,121.90902154871954,-2.617407178251738e-05
14344.0,3.06968,1.6361093634833188,0.8141134596477956,46.26005881854117,121.90557565003724,-2.617984830929898e-05
14352.0,3.06944,1.6358999015706885,0.8140553260681294,46.261527409618154,121.90212811055692,-2.6185630804978796e-05
14360.0,3.0692,1.6356903933742926,0.813997158162453,46.2629968318294,121.89867892881384,-2.6191419279555e-05
14368.0,3.0689599999999997,1.6354808388459883,0.8139389558950633,46.264467086021774,121.89522810333112,-2.619721374203274e-05
14376.0,3.06872,1.6352712379381633,0.8138807192303683,46.26593817303316,121.89177563264649,-2.620301420307632e-05
14384.0,3.06848,1.6350615906024981,0.8138224481325443,46.267410093713835,121.88832151527723,-2.6208820671798822e-05
14392.0,3.06824,1.6348518967910348,0.813764142565832,46.26888284890765,121.88486574975126,-2.6214633158442055e-05
14400.0,3.068,1.6346421564556817,0.8137058024943986,46.2703564394609,121.88140833459256,-2.6220451673149138e-05
14408.0,3.06776,1.6344323695478982,0.8136474278822512,46.27183086622791,121.87794926831195,-2.6226276225239777e-05
14416.0,3.06752,1.6342225360196814,0.8135890186935096,46.273306130053356,121.87448854943604,-2.623210682553248e-05
14424.0,3.06728,1.6340126558223107,0.8135305748920585,46.27478223179404,121.87102617647137,-2.623794348311565e-05
14432.0,3.06704,1.6338027289074333,0.8134720964418479,46.27625917230068,121.8675621479346,-2.6243786208372964e-05
14440.0,3.0667999999999997,1.63359275522656,0.8134135833067543,46.2777369524263,121.8640964623386,-2.6249635011524638e-05
14448.0,3.06656,1.6333827347307486,0.8133550354504911,46.279215573031664,121.86062911818361,-2.6255489901837954e-05
14456.0,3.06632,1.6331726673716,0.8132964528368868,46.280695034968225,121.85716011398506,-2.62613508902486e-05
14464.0,3.06608,1.6329625530999914,0.8132378354295315,46.28217533909981,121.85368944823819,-2.626721798599611e-05
14472.0,3.0658399999999997,1.6327523918671698,0.813179183192082,46.28365648628392,121.85021711944856,-2.627309119953816e-05
14480.0,3.0656,1.6325421836242464,0.8131204960881205,46.28513847738036,121.84674312611791,-2.6278970541199824e-05
14488.0,3.06536,1.6323319283218742,0.8130617740810645,46.286621313256674,121.84326746673528,-2.6284856020294648e-05
14496.0,3.06512,1.632121625911255,0.8130030171344478,46.288104994771146,121.83979013980496,-2.6290747647872426e-05
14504.0,3.06488,1.631911276342858,0.8129442252115628,46.289589522794735,121.83631114381039,-2.6296645433336135e-05
14512.0,3.06464,1.6317008795675283,0.81288539827577,46.291074898191845,121.83283047724582,-2.6302549387254476e-05
14520.0,3.0644,1.6314904355359712,0.8128265362903538,46.292561121829344,121.82934813860145,-2.6308459520103646e-05
14528.0,3.0641599999999998,1.6312799441984291,0.8127676392184319,46.29404819458223,121.8258641263543,-2.6314375841446973e-05
14536.0,3.06392,1.6310694055057,0.8127087070232403,46.29553611731573,121.82237843899723,-2.6320298362457626e-05
14544.0,3.0636799999999997,1.6308588194078393,0.81264973966777,46.2970248909079,121.81889107500184,-2.6326227092634175e-05
14552.0,3.06344,1.6306481858552826,0.8125907371150808,46.29851451623024,121.8154020328506,-2.633216204270261e-05
14560.0,3.0632,1.6304375047983253,0.8125316993281562,46.30000499415668,121.81191131102221,-2.6338103223259395e-05
14568.0,3.06296,1.6302267761867935,0.8124726262698104,46.30149632556912,121.80841890798233,-2.6344050643895616e-05
14576.0,3.06272,1.630015999971075,0.8124135179029778,46.3029885113399,121.80492482221213,-2.6350004315932472e-05
14584.0,3.06248,1.6298051761008086,0.8123543741903447,46.30448155235413,121.80142905217181,-2.6355964248948717e-05
14592.0,3.06224,1.629594304526016,0.8122951950946674,46.30597544949041,121.79793159633235,-2.6361930453778275e-05
14600.0,3.062,1.6293833851965775,0.8122359805786248,46.30747020362975,121.79443245316075,-2.6367902941134805e-05
14608.0,3.06176,1.6291724180618994,0.8121767306047244,46.30896581566127,121.79093162111062,-2.6373881720720416e-05
14616.0,3.06152,1.6289614030719557,0.8121174451355956,46.310462286464386,121.7874290986516,-2.6379866803982743e-05
14624.0,3.06128,1.6287503401759627,0.8120581241336167,46.31195961693154,121.78392488423204,-2.638585820063624e-05
14632.0,3.0610399999999998,1.6285392293235246,0.811998767561237,46.31345780794849,121.78041897631117,-2.6391855921638187e-05
14640.0,3.0608,1.6283280704641023,0.8119393753808274,46.31495686040343,121.77691137334419,-2.639785997781943e-05
14648.0,3.0605599999999997,1.628116863546677,0.8118799475545854,46.31645677519269,121.77340207377287,-2.640387037896535e-05
14656.0,3.06032,1.6279056085208046,0.8118204840448319,46.31795755320287,121.76989107605507,-2.6409887136659273e-05
14664.0,3.06008,1.6276943053352735,0.8117609848136336,46.319459195333806,121.76637837862695,-2.6415910260742094e-05
14672.0,3.05984,1.6274829539392655,0.8117014498231291,46.32096170247853,121.76286397993582,-2.6421939762312958e-05
14680.0,3.0596,1.6272715542818164,0.8116418790353777,46.32246507553267,121.75934787842469,-2.6427975652359992e-05
14688.0,3.05936,1.6270601063114758,0.8115822724122626,46.3239693154005,121.75583007252253,-2.643401794097697e-05
14696.0,3.05912,1.626848609977376,0.8115226299157927,46.32547442297589,121.7523105606752,-2.644006663986441e-05
14704.0,3.05888,1.626637065227873,0.8114629515077194,46.32698039916563,121.74878934130739,-2.6446121758820034e-05
14712.0,3.05864,1.6264254720117197,0.811403237149867,46.32848724487003,121.74526641285438,-2.6452183309047835e-05
14720.0,3.0584,1.6262138302775229,0.8113434868039794,46.32999496099195,121.74174177374748,-2.645825130162538e-05
14728.0,3.05816,1.6260021399733988,0.8112837004316232,46.3315035484424,121.73821542240456,-2.6464325746526168e-05
14736.0,3.0579199999999997,1.625790401048051,0.8112238779944917,46.333013008122556,121.73468735725962,-2.6470406655564822e-05
14744.0,3.05768,1.6255786134494,0.8111640194540176,46.33452334094724,121.73115757672426,-2.647649403885979e-05
14752.0,3.0574399999999997,1.625366777125766,0.8111041247717075,46.336034547824234,121.72762607922168,-2.648258790775694e-05
14760.0,3.0572,1.6251548920253225,0.8110441939089869,46.337546629663784,121.72409286317092,-2.6488688273444848e-05
14768.0,3.05696,1.6249429580957455,0.8109842268271014,46.33905958738474,121.72055792697692,-2.649479514610056e-05
14776.0,3.05672,1.6247309752853065,0.8109242234874251,46.34057342189571,121.71702126906145,-2.6500908537705233e-05
14784.0,3.05648,1.6245189435414822,0.8108641838510682,46.342088134119,121.71348288782399,-2.650702845843283e-05
14792.0,3.05624,1.6243068628121564,0.8108041078792158,46.34360372496991,121.7099427816754,-2.6513154919777238e-05
14800.0,3.056,1.6240947330450624,0.8107439955329708,46.345120195366306,121.70640094902224,-2.6519287933087405e-05
14808.0,3.05576,1.6238825541874302,0.810683846773254,46.34663754623479,121.70285738825686,-2.6525427508685324e-05
14816.0,3.05552,1.6236703261870928,0.8106236615611165,46.34815577849151,121.69931209778866,-2.6531573658697097e-05
14824.0,3.0552799999999998,1.623458048991079,0.8105634398573419,46.349674893066485,121.6957650760044,-2.653772639343546e-05
14832.0,3.05504,1.6232457225468286,0.8105031816227899,46.35119489088266,121.69221632130244,-2.654388572451458e-05
14840.0,3.0548,1.6230333468016307,0.8104428868182374,46.35271577286548,121.68866583207698,-2.6550051663416012e-05
14848.0,3.05456,1.6228209217022653,0.8103825554042765,46.35423753994897,121.68511360670824,-2.6556224220486424e-05
14856.0,3.0543199999999997,1.6226084471961213,0.8103221873416316,46.35576019305692,121.68155964359318,-2.656240340799994e-05
14864.0,3.05408,1.6223959232297749,0.8102617825907562,46.35728373312704,121.67800394110579,-2.6568589236358742e-05
14872.0,3.05384,1.6221833497502185,0.8102013411121813,46.358808161089854,121.67444649763192,-2.6574781717294178e-05
14880.0,3.0536,1.6219707267042907,0.8101408628663535,46.36033347787862,121.67088731155307,-2.658098086244509e-05
14888.0,3.05336,1.6217580540383156,0.8100803478135323,46.36185968443564,121.66732638123617,-2.6587186682441866e-05
14896.0,3.05312,1.6215453316992334,0.810019795914112,46.36338678169234,121.66376370506559,-2.6593399189663487e-05
14904.0,3.05288,1.6213325596331618,0.8099592071282117,46.36491477059423,121.66019928140263,-2.6599618394626238e-05
14912.0,3.05264,1.6211197377866398,0.8098985814160296,46.366443652079674,121.65663310862034,-2.6605844309221835e-05
14920.0,3.0524,1.6209068661060506,0.8098379187376782,46.36797342708969,121.65306518508751,-2.661207694520323e-05
14928.0,3.0521599999999998,1.6206939445372566,0.8097772190530809,46.36950409657415,121.64949550915841,-2.6618316313206966e-05
14936.0,3.05192,1.6204809730267447,0.8097164823222976,46.37103566147231,121.64592407920463,-2.662456242578474e-05
14944.0,3.05168,1.6202679515201694,0.8096557085051097,46.372568122737505,121.64235089357493,-2.6630815293542263e-05
14952.0,3.05144,1.6200548799636114,0.8095948975613786,46.37410148131589,121.6387759506297,-2.663707492848228e-05
14960.0,3.0511999999999997,1.6198417583029938,0.8095340494508793,46.37563573815635,121.63519924872477,-2.6643341342499597e-05
14968.0,3.05096,1.6196285864837139,0.8094731641331951,46.37717089421694,121.63162078620113,-2.6649614546418886e-05
14976.0,3.05072,1.6194153644517988,0.8094122415680479,46.378706950444695,121.62804056141762,-2.6655894552912114e-05
14984.0,3.05048,1.6192020921524333,0.8093512817148766,46.380243907801514,121.62445857270879,-2.6662181372877962e-05
14992.0,3.05024,1.6189887695312333,0.809290284533202,46.381781767241655,121.62087481842167,-2.6668475018507306e-05
15000.0,3.05,1.6187753965336562,0.8092292499824572,46.38332052972198,121.61728929689919,-2.6674775501815223e-05
15008.0,3.04976,1.618561973104626,0.8091681780218811,46.38486019620827,121.61370200646978,-2.6681082833651055e-05
15016.0,3.04952,1.6183484991897048,0.8091070686108531,46.386400767655715,121.61011294547899,-2.668739702688722e-05
15024.0,3.04928,1.6181349747336033,0.8090459217084665,46.38794224503383,121.60652211224891,-2.6693718092366907e-05
15032.0,3.0490399999999998,1.6179213996814685,0.8089847372738972,46.389484629304754,121.60292950511375,-2.670004604239816e-05
15040.0,3.0488,1.617707773978286,0.8089235152662329,46.39102792143349,121.59933512240315,-2.6706380889150266e-05
15048.0,3.04856,1.6174940975685024,0.8088622556443639,46.392572122394434,121.59573896243145,-2.6712722643737782e-05
15056.0,3.04832,1.6172803703972103,0.8088009583673237,46.39411723315066,121.59214102353135,-2.671907131913799e-05
15064.0,3.04808,1.6170665924086403,0.8087396233938554,46.39566325468009,121.58854130401114,-2.6725426926394518e-05
15072.0,3.04784,1.6168527635474637,0.8086782506827863,46.39721018795307,121.58493980219157,-2.6731789477966544e-05
15080.0,3.0476,1.6166388837581893,0.808616840192854,46.39875803394282,121.58133651638884,-2.6738158986186785e-05
15088.0,3.04736,1.6164249529847798,0.8085553918825964,46.400306793632,121.57773144490388,-2.6744535462293175e-05
15096.0,3.04712,1.6162109711718515,0.8084939057106962,46.40185646799192,121.57412458605589,-2.6750918919438764e-05
15104.0,3.04688,1.6159969382631485,0.8084323816355425,46.40340705800879,121.57051593813965,-2.6757309368784386e-05
15112.0,3.04664,1.615782854202861,0.8083708196156093,46.40495856466123,121.5669054994625,-2.676370682294032e-05
15120.0,3.0463999999999998,1.6155687189350145,0.8083092196092801,46.40651098893072,121.56329326832702,-2.6770111294384237e-05
15128.0,3.04616,1.6153545324030814,0.808247581574736,46.408064331808234,121.55967924302034,-2.6776522794458917e-05
15136.0,3.0459199999999997,1.6151402945511966,0.8081859054703049,46.40961859427335,121.55606342184817,-2.6782941336474703e-05
15144.0,3.04568,1.6149260053226109,0.8081241912540172,46.41117377732092,121.55244580309149,-2.6789366931789793e-05
15152.0,3.04544,1.614711664661028,0.8080624388839898,46.41272988193798,121.54882638504397,-2.6795799593193337e-05
15160.0,3.0452,1.6144972725099844,0.8080006483182477,46.414286909114324,121.54520516599459,-2.6802239333298702e-05
15168.0,3.04496,1.614282828812457,0.8079388195146108,46.415844859849166,121.54158214421679,-2.6808686163485678e-05
15176.0,3.04472,1.6140683335120931,0.8078769524310486,46.417403735130485,121.53795731800265,-2.6815140097246555e-05
15184.0,3.04448,1.6138537865516467,0.8078150470252287,46.41896353596141,121.53433068561974,-2.682160114599504e-05
15192.0,3.04424,1.6136391878743288,0.8077531032549066,46.420524263337285,121.53070224534808,-2.6828069322640565e-05
15200.0,3.044,1.6134245374231821,0.8076911210777449,46.42208591825632,121.52707199546296,-2.683454463992602e-05
15208.0,3.04376,1.6132098351406834,0.8076291004511986,46.42364850172633,121.5234399342238,-2.6841027109385394e-05
15216.0,3.04352,1.612995080969987,0.807567041332874,46.42521201474363,121.51980605990907,-2.684751674464975e-05
15224.0,3.0432799999999998,1.6127802748533442,0.8075049436800722,46.42677645832015,121.51617037077212,-2.6854013557327096e-05
15232.0,3.04304,1.6125654167334684,0.8074428074501829,46.42834183345978,121.51253286507907,-2.6860517560490298e-05
15240.0,3.0427999999999997,1.6123505065529022,0.8073806326005022,46.42990814116941,121.50889354109101,-2.686702876707038e-05
15248.0,3.04256,1.6121355442536143,0.8073184190881149,46.43147538246593,121.5052523970525,-2.6873547188872706e-05
15256.0,3.04232,1.6119205297782608,0.8072561668702601,46.43304355835423,121.50160943122803,-2.6880072839697968e-05
15264.0,3.04208,1.611705463068581,0.8071938759038669,46.43461266985496,121.49796464185651,-2.6886605731289857e-05
15272.0,3.04184,1.6114903440667836,0.8071315461459548,46.436182717980714,121.49431802718976,-2.6893145876878534e-05
15280.0,3.0416,1.611275172714904,0.8070691775534481,46.43775370374707,121.49066958547482,-2.689969328956771e-05
15288.0,3.04136,1.6110599489543969,0.8070067700830577,46.439325628179425,121.48701931494251,-2.6906247981193603e-05
15296.0,3.04112,1.6108446727274124,0.8069443236916504,46.44089849229139,121.4833672138431,-2.6912809965751183e-05
15304.0,3.04088,1.6106293439751738,0.8068818383357792,46.4424722971125,121.47971328040094,-2.6919379255122926e-05
15312.0,3.04064,1.6104139626393783,0.8068193139720888,46.44404704366411,121.47605751285367,-2.692595586272094e-05
15320.0,3.0404,1.6101985286615483,0.8067567505571276,46.445622732970605,121.47239990943392,-2.693253980179697e-05
15328.0,3.04016,1.6099830419826184,0.8066941480472275,46.44719936606648,121.46874046835765,-2.6939131084418528e-05
15336.0,3.03992,1.609767502544227,0.8066315063988792,46.44877694397411,121.46507918786085,-2.6945729724719365e-05
15344.0,3.0396799999999997,1.6095519102870748,0.8065688255682546,46.450355467731725,121.46141606615357,-2.6952335734665216e-05
15352.0,3.03944,1.6093362651523413,0.8065061055116193,46.45193493836948,121.45775110145905,-2.6958949127794643e-05
15360.0,3.0392,1.6091205670810302,0.8064433461851412,46.453515356920626,121.45408429199553,-2.6965569917529002e-05
15368.0,3.03896,1.608904816013551,0.8063805475447694,46.4550967244286,121.45041563596484,-2.697219811605299e-05
15376.0,3.03872,1.6086890118910244,0.8063177095466133,46.45667904192458,121.44674513158857,-2.6978833737660733e-05
15384.0,3.03848,1.6084731546536213,0.8062548321464598,46.45826231045605,121.44307277706143,-2.6985476794530757e-05
15392.0,3.03824,1.6082572442419991,0.8061919153001904,46.45984653106214,121.43939857059199,-2.6992127300371235e-05
15400.0,3.038,1.608041280596636,0.8061289589635883,46.46143170478505,121.43572251038393,-2.6998785268754642e-05
15408.0,3.03776,1.607825263657409,0.8060659630922143,46.46301783267718,121.43204459462441,-2.7005450711964363e-05
15416.0,3.0375199999999998,1.607609193364915,0.8060029276417927,46.464604915778715,121.4283648215203,-2.701212364449189e-05
15424.0,3.03728,1.6073930696587904,0.8059398525677204,46.46619295514619,121.42468318925181,-2.701880407861136e-05
15432.0,3.03704,1.6071768924791632,0.8058767378254905,46.46778195182777,121.42099969601286,-2.702549202821906e-05
15440.0,3.0368,1.6069606617659795,0.8058135833704965,46.469371906874805,121.41731433999213,-2.7032187507047833e-05
15448.0,3.0365599999999997,1.6067443774585775,0.8057503891579065,46.470962821349254,121.4136271193611,-2.7038890527649368e-05
15456.0,3.03632,1.6065280394970234,0.8056871551430543,46.472554696300335,121.40993803231191,-2.7045601104672442e-05
15464.0,3.03608,1.6063116478204116,0.8056238812809422,46.4741475327939,121.40624707700974,-2.7052319250566973e-05
15472.0,3.03584,1.6060952023683337,0.8055605675266699,46.475741331887335,121.40255425163343,-2.705904497940195e-05
15480.0,3.0356,1.6058787030801975,0.8054972138352364,46.47733609464124,121.39885955435663,-2.7065778305082918e-05
15488.0,3.03536,1.6056621498947943,0.805433820161412,46.47893182212679,121.39516298333562,-2.7072519240284925e-05
15496.0,3.03512,1.6054455427516536,0.8053703864601353,46.48052851540246,121.39146453674758,-2.7079267799847954e-05
15504.0,3.03488,1.6052288815893194,0.8053069126860085,46.48212617554374,121.38776421274196,-2.7086023996447046e-05
15512.0,3.03464,1.6050121663468404,0.8052433987937335,46.483724803617406,121.38406200948236,-2.7092787844348568e-05
15520.0,3.0343999999999998,1.6047953969630788,0.8051798447379094,46.485324400693244,121.3803579251275,-2.709955935759684e-05
15528.0,3.03416,1.6045785733762739,0.8051162504729042,46.48692496785142,121.37665195781916,-2.7106338548860747e-05
15536.0,3.0339199999999997,1.6043616955254119,0.805052615953257,46.488526506159765,121.37294410571924,-2.7113125433183808e-05
15544.0,3.03368,1.6041447633484809,0.804988941133165,46.49012901670323,121.36923436696156,-2.7119920023389093e-05
15552.0,3.03344,1.6039277767839804,0.8049252259669273,46.4917325005579,121.3655227396945,-2.712672233388484e-05
15560.0,3.0332,1.603710735770221,0.8048614704087387,46.49333695880313,121.36180922206125,-2.713353237893432e-05
15568.0,3.03296,1.603493640244882,0.8047976744125598,46.49494239252921,121.35809381218746,-2.7140350171539485e-05
15576.0,3.03272,1.603276490146399,0.8047338379325243,46.49654880281333,121.3543765082197,-2.7147175726907305e-05
15584.0,3.03248,1.6030592854121974,0.8046699609224203,46.498156190749924,121.35065730827628,-2.7154009057974963e-05
15592.0,3.03224,1.60284202598022,0.8046060433361385,46.49976455742464,121.34693621049004,-2.7160850179338806e-05
15600.0,3.032,1.6026247117882184,0.8045420851274643,46.50137390392642,121.3432132129886,-2.7167699105434817e-05
15608.0,3.03176,1.602407342773305,0.8044780862499455,46.50298423135515,121.33948831388189,-2.717455584940989e-05
15616.0,3.03152,1.602189918873358,0.8044140466573063,46.504595540797574,121.33576151130094,-2.7181420426659113e-05
15624.0,3.0312799999999998,1.601972440025233,0.8043499663029196,46.50620783335766,121.3320328033486,-2.7188292850212194e-05
15632.0,3.03104,1.60175490616631,0.8042858451402634,46.50782111013058,121.32830218814215,-2.719517313481042e-05
15640.0,3.0308,1.601537317233775,0.8042216831227086,46.50943537221495,121.32456966379348,-2.72020612950779e-05
15648.0,3.03056,1.601319673164167,0.8041574802033856,46.511050620720546,121.3208352283965,-2.720895734433731e-05
15656.0,3.0303199999999997,1.6011019738948005,0.8040932363356035,46.51266685674369,121.31709888006667,-2.7215861298165692e-05
15664.0,3.03008,1.6008842193619544,0.8040289514723153,46.514284081398536,121.31336061689039,-2.7222773169851803e-05
15672.0,3.02984,1.6006664095024383,0.8039646255665811,46.51590229579012,121.30962043696903,-2.7229692974371316e-05
15680.0,3.0296,1.6004485442528655,0.8039002585713522,46.51752150102688,121.3058783383984,-2.7236620726527204e-05
15688.0,3.02936,1.6002306235491932,0.8038358504393355,46.519141698228495,121.30213431925604,-2.7243556439796343e-05
15696.0,3.02912,1.6000126473281648,0.80377140112342,46.52076288850116,121.2983883776414,-2.725050012998399e-05
15704.0,3.02888,1.5997946155254743,0.8037069105761339,46.52238507296887,121.2946405116249,-2.7257451810483754e-05
15712.0,3.0286399999999998,1.5995765280773533,0.8036423787501129,46.52400825274654,121.29089071929178,-2.7264411496462513e-05
15720.0,3.0284,1.599358384919835,0.8035778055978837,46.525632428952456,121.28713899872186,-2.727137920288361e-05
15728.0,3.0281599999999997,1.5991401859882886,0.8035131910717255,46.52725760271621,121.28338534797679,-2.727835494335035e-05
15736.0,3.02792,1.598921931218879,0.8034485351241014,46.52888377515385,121.27962976513997,-2.7285338733831458e-05
15744.0,3.02768,1.5987036205467096,0.8033838377071092,46.53051094739949,121.2758722482654,-2.729233058793332e-05
15752.0,3.02744,1.5984852539074275,0.8033190987729565,46.53213912057797,121.27211279542219,-2.7299330520964684e-05
15760.0,3.0271999999999997,1.5982668312364785,0.8032543182737395,46.53376829581774,121.26835140467367,-2.7306338548117097e-05
15768.0,3.02696,1.5980483524686357,0.8031894961613034,46.535398474258955,121.2645880740641,-2.7313354683293028e-05
15776.0,3.02672,1.597829817539479,0.8031246323876811,46.53702965702767,121.26082280166067,-2.73203789426678e-05
15784.0,3.02648,1.5976112263835105,0.8030597269045338,46.53866184526839,121.25705558550048,-2.7327411340042104e-05
15792.0,3.02624,1.5973925789357852,0.8029947796636346,46.54029504011627,121.25328642363596,-2.733445189097757e-05
15800.0,3.026,1.5971738751311533,0.8029297906166443,46.541929242709806,121.24951531411405,-2.734150061081686e-05
15808.0,3.02576,1.596955114903785,0.8028647597149688,46.54356445419896,121.24574225496318,-2.7348557513465518e-05
15816.0,3.02552,1.596736298188666,0.8027996869102046,46.545200675720004,121.24196724423389,-2.7355622615330174e-05
15824.0,3.02528,1.596517424919693,0.8027345721535719,46.546837908427726,121.23819027994669,-2.7362695930359547e-05
15832.0,3.0250399999999997,1.596298495031321,0.802669415396404,46.5484761534674,121.23441136013754,-2.7369777474275628e-05
15840.0,3.0248,1.5960795084577981,0.8026042165899205,46.550115411987875,121.2306304828366,-2.7376867262618454e-05
15848.0,3.02456,1.595860465132684,0.802538975685083,46.55175568514997,121.22684764605457,-2.7383965309626638e-05
15856.0,3.02432,1.5956413649903634,0.8024736926330461,46.55339697410015,121.22306284782547,-2.7391071631879508e-05
15864.0,3.02408,1.5954222079641196,0.8024083673845831,46.55503928000346,121.21927608615314,-2.7398186243421385e-05
15872.0,3.02384,1.5952029939878003,0.8023429998905822,46.55668260401553,121.2154873590567,-2.7405309160171638e-05
15880.0,3.0236,1.5949837229950437,0.8022775901018164,46.5583269472957,121.21169666454921,-2.7412440397907762e-05
15888.0,3.02336,1.5947643949187895,0.8022121379687965,46.559972311015564,121.20790400062397,-2.7419579971084253e-05
15896.0,3.02312,1.5945450096928153,0.8021466434422302,46.56161869633196,121.20410936529812,-2.742672789648089e-05
15904.0,3.02288,1.5943255672497798,0.8020811064724372,46.56326610442109,121.20031275655748,-2.743388418849974e-05
15912.0,3.02264,1.5941060675229146,0.8020155270098549,46.564914536449265,121.1965141724038,-2.744104886328838e-05
15920.0,3.0223999999999998,1.5938865104452402,0.8019499050048035,46.56656399358629,121.19271361083322,-2.744822193680009e-05
15928.0,3.02216,1.5936668959490694,0.801884240407338,46.5682144770137,121.18891106982278,-2.745540342341843e-05
15936.0,3.0219199999999997,1.5934472239675628,0.8018185331677123,46.56986598789902,121.18510654737229,-2.7462593340203832e-05
15944.0,3.02168,1.5932274944327505,0.8017527832357887,46.57151852742888,121.18130004145063,-2.7469791701607695e-05
15952.0,3.02144,1.5930077072772413,0.8016869905615476,46.57317209678006,121.1774915500426,-2.7476998523956464e-05
15960.0,3.0212,1.59278786243343,0.8016211550948511,46.57482669713317,121.17368107112682,-2.748421382343164e-05
15968.0,3.02096,1.5925679598329945,0.8015552767852923,46.57648232968138,121.16986860266145,-2.7491437614860875e-05
15976.0,3.02072,1.5923479994084722,0.8014893555826665,46.578138995602735,121.16605414262928,-2.7498669915461866e-05
15984.0,3.02048,1.5921279810912536,0.8014233914363713,46.57979669609475,121.16223768898153,-2.7505910739889565e-05
15992.0,3.02024,1.5919079048133171,0.8013573842959245,46.581455432345095,121.15841923968537,-2.751316010469555e-05
16000.0,3.02,1.5916877705064232,0.8012913341107244,46.58311520554515,121.15459879270193,-2.7520418026249433e-05
16008.0,3.0197599999999998,1.5914675781016077,0.8012252408298961,46.5847760168986,121.15077634597225,-2.752768451942204e-05
16016.0,3.01952,1.591247327530775,0.8011591044027704,46.58643786759437,121.14695189746148,-2.7534959601677793e-05
16024.0,3.0192799999999997,1.5910270187246691,0.8010929247782739,46.588100758841506,121.14312544510207,-2.7542243288007793e-05
16032.0,3.01904,1.5908066516146275,0.801026701905456,46.58976469183871,121.13929698684332,-2.754953559519799e-05
16040.0,3.0187999999999997,1.5905862261317694,0.8009604357332448,46.59142966778837,121.1354665206285,-2.7556836539855472e-05
16048.0,3.01856,1.590365742206477,0.8008941262102911,46.59309568790543,121.13163404438053,-2.7564146137060768e-05
16056.0,3.01832,1.5901451997700147,0.8008277732854547,46.59476275338986,121.12779955604665,-2.7571464404537355e-05
16064.0,3.01808,1.5899245987524706,0.8007613769071857,46.596430865461386,121.12396305354187,-2.7578791357310254e-05
16072.0,3.01784,1.5897039390845353,0.8006949370240594,46.598100025329664,121.12012453479767,-2.7586127012338116e-05
16080.0,3.0176,1.5894832206966762,0.800628453584527,46.5997702342082,121.11628399773932,-2.7593471386434655e-05
16088.0,3.01736,1.5892624435186171,0.8005619265367596,46.60144149332325,121.11244144027145,-2.7600824494899363e-05
16096.0,3.01712,1.589041607480973,0.8004953558291403,46.60311380388574,121.10859686032352,-2.7608186355646918e-05
16104.0,3.01688,1.5888207125131688,0.8004287414096365,46.60478716712702,121.10475025579183,-2.7615556983979896e-05
16112.0,3.0166399999999998,1.5885997585452387,0.8003620832263425,46.60646158426798,121.10090162458968,-2.7622936397094417e-05
16120.0,3.0164,1.588378745506992,0.8002953812272277,46.60813705653332,121.0970509646242,-2.7630324611992317e-05
16128.0,3.01616,1.588157673327484,0.8002286353599769,46.609813585160566,121.09319827378167,-2.76377216441427e-05
16136.0,3.01592,1.587936541936673,0.8001618455724901,46.61149117137189,121.0893435499733,-2.7645127511694627e-05
16144.0,3.0156799999999997,1.5877153512633118,0.800095011812246,46.61316981641019,121.08548679107676,-2.7652542230166555e-05
16152.0,3.01544,1.58749410123677,0.8000281340268518,46.61484952150771,121.08162799498697,-2.7659965816985894e-05
16160.0,3.0152,1.5872727917861895,0.7999612121637886,46.61653028790057,121.0777671595925,-2.7667398289382694e-05
16168.0,3.01496,1.5870514228399477,0.799894246170248,46.6182121168379,121.07390428276061,-2.7674839663032686e-05
16176.0,3.01472,1.5868299943273376,0.7998272359936409,46.61989500955328,121.07003936238405,-2.768228995632856e-05
16184.0,3.01448,1.5866085061764297,0.7997601815809505,46.62157896730148,121.06617239632158,-2.7689749185063246e-05
16192.0,3.01424,1.5863869583159207,0.7996930828792906,46.62326399132635,121.06230338244933,-2.7697217366932463e-05
16200.0,3.014,1.5861653506742759,0.7996259398356474,46.62495008287549,121.05843231863722,-2.7704694519363625e-05
16208.0,3.01376,1.585943683179186,0.7995587523967134,46.62663724320944,121.054559202734,-2.771218065812807e-05
16216.0,3.0135199999999998,1.58572195575927,0.7994915205094036,46.628325473573334,121.05068403261367,-2.7719675801889882e-05
16224.0,3.01328,1.5855001683419088,0.7994242441201994,46.630014775233484,121.04680680611617,-2.772717996655917e-05
16232.0,3.01304,1.5852783208551167,0.7993569231757154,46.63170514944526,121.04292752109892,-2.773469317001361e-05
16240.0,3.0128,1.5850564132266733,0.7992895576224355,46.633396597468206,121.03904617541254,-2.7742215430001352e-05
16248.0,3.0125599999999997,1.5848344453835732,0.7992221474065463,46.63508912057575,121.03516276688515,-2.7749746762811833e-05
16256.0,3.01232,1.584612417253752,0.799154692474461,46.63678272002463,121.03127729337199,-2.7757287187315763e-05
16264.0,3.01208,1.5843903287638892,0.7990871927721518,46.638477397092736,121.027389752694,-2.776483671953119e-05
16272.0,3.01184,1.584168179841308,0.7990196482457268,46.640173153047314,121.02350014268941,-2.7772395377573256e-05
16280.0,3.0116,1.583945970413094,0.7989520588411619,46.64186998915958,121.01960846118999,-2.777996317937206e-05
16288.0,3.01136,1.5837237004055382,0.7988844245041319,46.64356790671401,121.01571470600616,-2.7787540141118356e-05
16296.0,3.01112,1.583501369745884,0.798816745180541,46.64526690697918,121.01181887497398,-2.779512628193882e-05
16304.0,3.01088,1.583278978360103,0.7987490208158464,46.646966991245755,121.00792096589359,-2.7802721618283258e-05
16312.0,3.01064,1.583056526174818,0.7986812513556433,46.64866816079296,121.0040209765838,-2.781032616851969e-05
16320.0,3.0103999999999997,1.5828340131164107,0.7986134367453926,46.65037041690417,121.00011890485675,-2.7817939950846522e-05
16328.0,3.01016,1.5826114391104573,0.7985455769302496,46.65207376087675,120.996214748502,-2.782556298191093e-05
16336.0,3.00992,1.5823888040834997,0.7984776718556031,46.65377819399135,120.99230850533608,-2.7833195281092477e-05
16344.0,3.00968,1.58216610796079,0.7984097214663878,46.65548371755024,120.9884001731403,-2.7840836864850222e-05
16352.0,3.00944,1.5819433506682414,0.7983417257076789,46.65719033284473,120.98448974971393,-2.7848487751798896e-05
16360.0,3.0092,1.5817205321315226,0.798273684524416,46.658898041170225,120.98057723284957,-2.785614796030653e-05
16368.0,3.00896,1.5814976522754876,0.7982055978612286,46.66060684383584,120.9766626203179,-2.786381750706039e-05
16376.0,3.00872,1.5812747110259666,0.7981374656629827,46.66231674213426,120.9727459099159,-2.7871496411683665e-05
16384.0,3.00848,1.5810517083074864,0.7980692878740849,46.66402773738074,120.96882709940427,-2.7879184691033245e-05
16392.0,3.00824,1.5808286440452413,0.7980010644390838,46.6657398308789,120.96490618656243,-2.788688236397367e-05
16400.0,3.008,1.5806055181641776,0.7979327953023901,46.66745302393654,120.96098316916286,-2.7894589449162848e-05
16408.0,3.0077599999999998,1.5803823305884153,0.7978644804081004,46.669167317875704,120.95705804495466,-2.790230596362421e-05
16416.0,3.00752,1.580159081243065,0.7977961197005514,46.67088271400144,120.95313081171493,-2.791003192726466e-05
16424.0,3.0072799999999997,1.5799357700519145,0.7977277131236131,46.67259921364144,120.94920146718445,-2.7917767357110712e-05
16432.0,3.00704,1.5797123969394287,0.7976592606213002,46.67431681811178,120.94527000912242,-2.7925512272279783e-05
16440.0,3.0068,1.5794889618298222,0.7975907621374881,46.67603552873277,120.9413364352812,-2.7933266691673423e-05
16448.0,3.00656,1.5792654646464712,0.7975222176157327,46.67775534683889,120.93740074339014,-2.7941030632475413e-05
16456.0,3.00632,1.5790419053137565,0.7974536269998344,46.67947627374769,120.93346293120615,-2.794880411485173e-05
16464.0,3.00608,1.5788182837547178,0.7973849902331197,46.68119831079972,120.92952299644875,-2.795658715610642e-05
16472.0,3.00584,1.5785945998930808,0.7973163072590624,46.68292145932371,120.92558093685672,-2.796437977560055e-05
16480.0,3.0056,1.5783708536523182,0.797247578020995,46.68464572065272,120.9216367501618,-2.7972181992537887e-05
16488.0,3.00536,1.5781470449550516,0.7971788024619251,46.686371096134465,120.9176904340721,-2.797999382442604e-05
16496.0,3.00512,1.577923173724922,0.7971099805251101,46.688097587099136,120.91374198632401,-2.7987815291714692e-05
16504.0,3.00488,1.5776992398842105,0.7970411121533254,46.689825194899804,120.90979140461688,-2.7995646411794255e-05
16512.0,3.0046399999999998,1.5774752433558947,0.7969721972894963,46.6915539208779,120.90583868666893,-2.8003487204287926e-05
16520.0,3.0044,1.5772511840626948,0.7969032358764058,46.69328376637926,120.90188383019132,-2.8011337688587596e-05
16528.0,3.0041599999999997,1.5770270619264708,0.7968342278565066,46.69501473276427,120.89792683287179,-2.801919788237665e-05
16536.0,3.00392,1.5768028768701132,0.7967651731725052,46.69674682137585,120.89396769242616,-2.802706780633916e-05
16544.0,3.00368,1.576578628815137,0.7966960717666193,46.698480033580424,120.8900064065322,-2.8034947478192437e-05
16552.0,3.00344,1.5763543176837613,0.796626923581219,46.70021437073237,120.88604297288725,-2.804283691782181e-05
16560.0,3.0032,1.5761299433979443,0.7965577285585295,46.70194983419056,120.88207738918133,-2.8050736144909062e-05
16568.0,3.00296,1.5759055058787719,0.796488486640441,46.70368642532897,120.87810965307999,-2.8058645177489153e-05
16576.0,3.00272,1.5756810050483752,0.796419197769102,46.705424145503464,120.87413976227812,-2.8066564036514457e-05
16584.0,3.00248,1.5754564408274903,0.7963498618861645,46.70716299609371,120.87016771443248,-2.8074492739927408e-05
16592.0,3.00224,1.5752318131375669,0.7962804789334352,46.70890297846724,120.8661935072192,-2.8082431307897065e-05
16600.0,3.002,1.575007121899791,0.7962110488525741,46.710644093996116,120.86221713830699,-2.809037976036735e-05
16608.0,3.00176,1.574782367034464,0.796141571584902,46.71238634406745,120.85823860534009,-2.8098338115539745e-05
16616.0,3.0015199999999997,1.5745575484629475,0.7960720470720007,46.71412973005029,120.85425790599217,-2.8106306394671944e-05
16624.0,3.00128,1.5743326661051866,0.796002475254949,46.71587425333796,120.85027503789763,-2.8114284615996273e-05
16632.0,3.0010399999999997,1.5741077198818523,0.7959328560749831,46.71761991531133,120.84628999871097,-2.8122272799971678e-05
16640.0,3.0008,1.5738827097133468,0.7958631894731896,46.719366717355896,120.84230278607927,-2.8130270966831973e-05
16648.0,3.00056,1.573657635519175,0.795793475390311,46.72111466087259,120.8383133976248,-2.8138279135093207e-05
16656.0,3.00032,1.5734324972199172,0.7957237137673558,46.722863747243814,120.83432183099956,-2.81462973263153e-05
16664.0,3.00008,1.5732072947347184,0.7956539045448212,46.72461397787646,120.8303280838161,-2.815432555894337e-05
16672.0,2.99984,1.5729820279834583,0.7955840476633643,46.72636535416491,120.82633215370714,-2.816236385372317e-05
16680.0,2.9996,1.5727566968857454,0.7955141430634918,46.72811787750806,120.82233403829818,-2.8170412231110558e-05
16688.0,2.99936,1.5725313013602802,0.7954441906853603,46.72987154931993,120.81833373519027,-2.8178470709689434e-05
16696.0,2.99912,1.572305841326851,0.7953741904693971,46.73162637099644,120.81433124201364,-2.8186539311294185e-05
16704.0,2.9988799999999998,1.5720803167037927,0.7953041423555101,46.73338234395843,120.81032655635825,-2.8194618054690663e-05
16712.0,2.99864,1.571854727410185,0.7952340462837707,46.735139469613856,120.8063196758349,-2.8202706960862083e-05
16720.0,2.9984,1.5716290733648322,0.7951639021940966,46.73689774937544,120.80231059804679,-2.8210806050597375e-05
16728.0,2.99816,1.5714033544856167,0.795093710026051,46.73865718467178,120.7982993205715,-2.8218915342927604e-05
16736.0,2.9979199999999997,1.5711775706915252,0.7950234697194715,46.74041777691245,120.79428584101726,-2.8227034859989393e-05
16744.0,2.99768,1.5709517219000693,0.7949531812136683,46.742179527532386,120.79027015695134,-2.8235164620798387e-05
16752.0,2.99744,1.5707258080295163,0.7948828444481187,46.74394243795354,120.78625226596195,-2.824330464669246e-05
16760.0,2.9972,1.5704998289978538,0.7948124593621432,46.74570650960256,120.7822321656298,-2.8251454958731924e-05
16768.0,2.99696,1.5702737847221346,0.7947420258947023,46.747471743921906,120.77820985351003,-2.8259615576105136e-05
16776.0,2.99672,1.5700476751205323,0.7946715439850366,46.74923814233514,120.7741853271883,-2.826778652130028e-05
16784.0,2.99648,1.5698215001097242,0.7946010135718505,46.751005706291274,120.7701585842093,-2.8275967813551966e-05
16792.0,2.99624,1.5695952596071538,0.7945304345940183,46.752774437226265,120.76612962213872,-2.8284159474460207e-05
16800.0,2.996,1.5693689535299817,0.7944598069902553,46.75454433658083,120.76209843853454,-2.8292361525378285e-05
16808.0,2.9957599999999998,1.5691425817944213,0.7943891306989123,46.75631540581171,120.7580650309287,-2.8300573985750528e-05
16816.0,2.99552,1.5689161443178208,0.7943184056586235,46.75808764635647,120.75402939688433,-2.8308796878333418e-05
16824.0,2.99528,1.5686896410160134,0.7942476318074803,46.7598610596785,120.74999153392307,-2.83170302226453e-05
16832.0,2.99504,1.5684630718056085,0.7941768090837453,46.76163564722792,120.74595143958774,-2.8325274040551394e-05
16840.0,2.9947999999999997,1.5682364366029276,0.7941059374255213,46.76341141045981,120.74190911141318,-2.833352835372264e-05
16848.0,2.99456,1.5680097353233324,0.7940350167705393,46.765188350845754,120.7378645469075,-2.8341793181973436e-05
16856.0,2.99432,1.5677829678833355,0.7939640470568202,46.766966469837534,120.73381774361091,-2.8350068548371743e-05
16864.0,2.99408,1.567556134197912,0.7938930282218322,46.76874576891329,120.72976869902116,-2.8358354472725795e-05
16872.0,2.99384,1.5673292341828249,0.7938219602032183,46.770526249537674,120.7257174106577,-2.8366650977255475e-05
16880.0,2.9936,1.5671022677535456,0.7937508429384597,46.77230791318019,120.7216638760321,-2.8374958083893847e-05
16888.0,2.99336,1.5668752348245722,0.7936796763646599,46.77409076132674,120.7176080926296,-2.8383275812609516e-05
16896.0,2.99312,1.5666481353115698,0.793608460419217,46.775874795443634,120.71355005796696,-2.839160418681276e-05
16904.0,2.99288,1.566420969128644,0.7935371950389679,46.77766001702401,120.70948976951756,-2.839994322664796e-05
16912.0,2.9926399999999997,1.5661937361906992,0.7934658801609275,46.77944642754718,120.70542722477724,-2.8408292954640313e-05
16920.0,2.9924,1.5659664364123447,0.793394515721946,46.78123402849744,120.70136242123375,-2.8416653393071372e-05
16928.0,2.99216,1.5657390697072013,0.7933231016584907,46.783022821375994,120.69729535634775,-2.8425024562279812e-05
16936.0,2.99192,1.565511635990074,0.7932516379073278,46.78481280766384,120.6932260276123,-2.8433406486021316e-05
16944.0,2.99168,1.5652841351741877,0.7931801244046544,46.786603988868684,120.6891544324774,-2.8441799184572877e-05
16952.0,2.99144,1.565056567173576,0.7931085610868481,46.788396366484584,120.68508056841506,-2.845020268074341e-05
16960.0,2.9912,1.5648289319019735,0.79303694789012,46.79018994201081,120.68100443288898,-2.8458616997135205e-05
16968.0,2.99096,1.5646012292721125,0.7929652847502917,46.79198471696384,120.67692602333517,-2.846704215442925e-05
16976.0,2.99072,1.5643734591979264,0.7928935716034891,46.79378069283946,120.6728453372229,-2.847547817668038e-05
16984.0,2.99048,1.5641456215917444,0.7928218083852596,46.7955778711611,120.6687623719769,-2.8483925084597333e-05
16992.0,2.99024,1.563917716366718,0.7927499950313355,46.797376253438,120.66467712504475,-2.8492382901340596e-05
17000.0,2.99,1.5636897434356938,0.7926781314772783,46.799175841184486,120.66058959386591,-2.8500851649811605e-05
17008.0,2.98976,1.5634617027105036,0.7926062176582558,46.80097663593191,120.65649977585231,-2.850933135083938e-05
17016.0,2.9895199999999997,1.563233594104196,0.792534253509744,46.80277863919129,120.65240766844873,-2.8517822028845734e-05
17024.0,2.98928,1.5630054175281953,0.7924622389666333,46.80458185250106,120.64831326905593,-2.8526323704702872e-05
17032.0,2.98904,1.5627771728947575,0.7923901739639997,46.80638627738556,120.6442165750972,-2.853483640186733e-05
17040.0,2.9888,1.5625488601158308,0.792318058436748,46.80819191537448,120.64011758398728,-2.854336014356128e-05
17048.0,2.9885599999999997,1.562320479102334,0.7922458923193824,46.80999876801514,120.63601629311232,-2.8551894951030067e-05
17056.0,2.98832,1.5620920297664194,0.7921736755467209,46.81180683683366,120.6319126998928,-2.8560440848997743e-05
17064.0,2.98808,1.561863512018591,0.7921014080529851,46.81361612338466,120.62780680170337,-2.8568997858792928e-05
17072.0,2.98784,1.5616349257701971,0.7920290897725873,46.81542662920815,120.62369859594219,-2.8577566004254578e-05
17080.0,2.9876,1.5614062709322736,0.7919567206397653,46.81723835584938,120.61958807999886,-2.8586145308944087e-05
17088.0,2.98736,1.5611775474148104,0.7918843005883491,46.81905130487136,120.61547525123441,-2.8594735794356614e-05
17096.0,2.98712,1.5609487551290513,0.7918118295524896,46.820865477815886,120.61136010704406,-2.8603337485623283e-05
17104.0,2.98688,1.5607198939845657,0.7917393074657303,46.822680876253315,120.60724264477706,-2.8611950404322517e-05
17112.0,2.98664,1.56049096389178,0.7916667342618094,46.82449750173935,120.60312286180628,-2.862057457460475e-05
17120.0,2.9863999999999997,1.5602619647608047,0.7915941098742879,46.826315355835014,120.59900075549601,-2.8629210020376785e-05
17128.0,2.98616,1.5600328965006902,0.7915214342363136,46.82813444011932,120.5948763231818,-2.8637856763432915e-05
17136.0,2.98592,1.5598037590217562,0.7914487072813592,46.829954756149775,120.59074956223357,-2.864651482924659e-05
17144.0,2.98568,1.5595745522326274,0.7913759289422819,46.83177630551266,120.58662046997475,-2.865518423964603e-05
17152.0,2.9854399999999996,1.559345276042796,0.7913030991521364,46.83359908977952,120.58248904375266,-2.866386501910857e-05
17160.0,2.9852,1.5591159303614337,0.7912302178437972,46.835423110527344,120.57835528090597,-2.867255719186791e-05
17168.0,2.98496,1.5588865150966384,0.79115728494972,46.83724836935143,120.5742191787442,-2.8681260780060664e-05
17176.0,2.98472,1.5586570301577944,0.7910843004026905,46.83907486782513,120.57008073461174,-2.8689975809477925e-05
17184.0,2.98448,1.5584274754525669,0.7910112641348692,46.84090260755125,120.56593994580561,-2.869870230231491e-05
17192.0,2.98424,1.5581978508895016,0.7909381760786175,46.84273159011745,120.56179680964726,-2.8707440283415935e-05
17200.0,2.984,1.5579681563769079,0.7908650361661431,46.84456181711552,120.55765132345157,-2.8716189777588325e-05
17208.0,2.9837599999999997,1.557738391821948,0.7907918443292089,46.846393290156925,120.5535034845017,-2.8724950807443613e-05
17216.0,2.98352,1.557508557132524,0.7907186004997336,46.84822601084042,120.5493532901013,-2.8733723397897063e-05
17224.0,2.9832799999999997,1.5572786522161013,0.7906453046094177,46.85005998077292,120.5452007375423,-2.8742507573567863e-05
17232.0,2.98304,1.5570486769799419,0.7905719565898167,46.85189520156464,120.54104582411097,-2.875130335906288e-05
17240.0,2.9828,1.556818631331085,0.7904985563723349,46.85373167482913,120.53688854708678,-2.876011077885944e-05
17248.0,2.98256,1.5565885151762868,0.790425103888206,46.85556940218339,120.53272890373952,-2.8768929856861265e-05
17256.0,2.98232,1.5563583284221947,0.7903515990685487,46.85740838524758,120.52856689133756,-2.877776061764438e-05
17264.0,2.98208,1.5561280709752319,0.790278041844329,46.8592486256455,120.5244025071473,-2.8786603085750873e-05
17272.0,2.98184,1.5558977427416139,0.7902044321463663,46.8610901250042,120.52023574842774,-2.8795457285676588e-05
17280.0,2.9816,1.5556673436273682,0.7901307699053378,46.86293288495393,120.51606661243203,-2.8804323242000624e-05
17288.0,2.98136,1.555436873538363,0.7900570550517896,46.86477690712793,120.51189509640798,-2.881320097955806e-05
17296.0,2.9811199999999998,1.5552063323802325,0.7899832875161102,46.86662219316312,120.50772119759904,-2.8822090523085277e-05
17304.0,2.98088,1.5549757200582124,0.7899094672284798,46.8684687447042,120.50354491323354,-2.883099189720764e-05
17312.0,2.98064,1.5547450364779332,0.7898355941191225,46.87031656338856,120.499366240553,-2.883990512787661e-05
17320.0,2.9804,1.5545142815445487,0.7897616681180282,46.87216565086163,120.49518517678612,-2.8848830240429946e-05
17328.0,2.9801599999999997,1.554283455162143,0.7896876891547606,46.87401600878716,120.49100171913189,-2.8857767258210086e-05
17336.0,2.97992,1.5540525572362198,0.7896136571592569,46.87586763880469,120.48681586482823,-2.8866716208534687e-05
17344.0,2.97968,1.5538215876705175,0.7895395720608052,46.87772054258448,120.48262761106486,-2.887567711522111e-05
17352.0,2.97944,1.5535905463696564,0.7894654337888927,46.879574721781296,120.47843695505557,-2.8884650004649497e-05
17360.0,2.9792,1.5533594332379135,0.7893912422728142,46.881430178055716,120.47424389400466,-2.8893634902897745e-05
17368.0,2.97896,1.5531282481784296,0.7893169974414159,46.88328691308761,120.47004842508524,-2.8902631833875745e-05
17376.0,2.97872,1.5528969910957133,0.7892426992238998,46.885144928533684,120.46585054550803,-2.8911640825379165e-05
17384.0,2.97848,1.5526656618924097,0.7891683475487846,46.88700422608189,120.46165025243343,-2.892066190114827e-05
17392.0,2.97824,1.552434260472125,0.789093942344815,46.888864807404126,120.45744754304758,-2.8929695087883925e-05
17400.0,2.9779999999999998,1.5522027867381096,0.7890194835405359,46.89072667417845,120.45324241452683,-2.893874041205878e-05
17408.0,2.97776,1.5519712405924277,0.7889449710640267,46.892589828103326,120.44903486401492,-2.894779789790654e-05
17416.0,2.97752,1.5517396219385653,0.7888704048437394,46.89445427085266,120.44482488869477,-2.895686757357136e-05
17424.0,2.97728,1.5515079306781203,0.788795784807433,46.896320004132775,120.4406124856972,-2.896594946329002e-05
17432.0,2.9770399999999997,1.551276166713656,0.7887211108830926,46.89818702963342,120.43639765217972,-2.8975043594179722e-05
17440.0,2.9768,1.5510443299473808,0.7886463829985031,46.90005534905041,120.43218038529015,-2.898414999307702e-05
17448.0,2.97656,1.5508124202803124,0.7885716010809806,46.90192496409976,120.42796068214392,-2.8993268684511673e-05
17456.0,2.97632,1.550580437614894,0.788496765058214,46.90379587647331,120.42373853989521,-2.90023996970781e-05
17464.0,2.97608,1.5503483818516663,0.7884218748571933,46.90566808789514,120.41951395564652,-2.9011543055299887e-05
17472.0,2.97584,1.5501162528921442,0.7883469304051361,46.90754160007282,120.41528692652682,-2.9020698786685895e-05
17480.0,2.9756,1.5498840506374816,0.7882719316290571,46.90941641472003,120.41105744965523,-2.9029866918433507e-05
17488.0,2.9753600000000002,1.5496517749876266,0.7881968784554945,46.911292533570915,120.40682552211808,-2.903904747542713e-05
17496.0,2.97512,1.5494194258439729,0.7881217708113669,46.913169958335104,120.40259114104101,-2.9048240486634347e-05
17504.0,2.9748799999999997,1.5491870031059822,0.7880466086228811,46.91504869075501,120.39835430349723,-2.9057445976942648e-05
17512.0,2.97464,1.5489545066741068,0.7879713918164766,46.91692873255622,120.39411500658674,-2.906666397423405e-05
17520.0,2.9744,1.5487219364484308,0.7878961203183861,46.918810085470795,120.38987324739931,-2.907589450616853e-05
17528.0,2.97416,1.5484892923278146,0.7878207940543585,46.920692751252034,120.38562902299064,-2.9085137598185613e-05
17536.0,2.9739199999999997,1.5482565742125858,0.7877454129505294,46.922576731627665,120.38138233045736,-2.9094393279669203e-05
17544.0,2.97368,1.54802378200111,0.7876699769323111,46.92446202835885,120.37713316684236,-2.9103661575892294e-05
17552.0,2.97344,1.5477909155927587,0.7875944859253521,46.926348643189755,120.37288152921587,-2.9112942515214914e-05
17560.0,2.9732,1.5475579748865307,0.7875189398550921,46.928236577870834,120.36862741463813,-2.912223612566711e-05
17568.0,2.97296,1.5473249597801808,0.7874433386464782,46.9301258341737,120.3643708201356,-2.9131542432907374e-05
17576.0,2.97272,1.547091870172955,0.7873676822248519,46.93201641384462,120.36011174277517,-2.9140861466785282e-05
17584.0,2.97248,1.5468587059621084,0.7872919705148187,46.933908318663654,120.35585017956956,-2.9150193252959324e-05
17592.0,2.9722399999999998,1.5466254670459152,0.787216203441225,46.93580155039358,120.35158612755923,-2.9159537820187358e-05
17600.0,2.972,1.546392153322273,0.7871403809287059,46.93769611080362,120.34731958377434,-2.9168895196906514e-05
17608.0,2.9717599999999997,1.5461587646878172,0.7870645029013951,46.93959200168457,120.34305054521047,-2.9178265409207033e-05
17616.0,2.97152,1.5459253010406948,0.7869885692838272,46.94148922480136,120.33877900890465,-2.9187648487367162e-05
17624.0,2.97128,1.545691762277033,0.7869125799997897,46.943387781953476,120.33450497183853,-2.9197044457511073e-05
17632.0,2.97104,1.5454581482939937,0.7868365349733152,46.94528767492272,120.33022843102208,-2.920645334881912e-05
17640.0,2.9707999999999997,1.5452244589883555,0.7867604341282207,46.947188905497356,120.32594938345493,-2.9215875190184857e-05
17648.0,2.97056,1.544990694255616,0.7866842773878144,46.949091475487464,120.3216678261018,-2.9225310008037767e-05
17656.0,2.97032,1.5447568539928078,0.7866080646758129,46.95099538667703,120.31738375596919,-2.9234757833143358e-05
17664.0,2.97008,1.5445229380949124,0.7865317959151722,46.952900640885126,120.3130971700074,-2.924421869203596e-05
17672.0,2.96984,1.5442889464579612,0.7864554710290985,46.95480723991284,120.30880806519558,-2.9253692614346196e-05
17680.0,2.9696,1.5440548789775979,0.7863790899405791,46.956715185567724,120.3045164385024,-2.9263179629377783e-05
17688.0,2.96936,1.5438207355481648,0.786302652572084,46.958624479679294,120.30022228686141,-2.92726797639056e-05
17696.0,2.9691199999999998,1.5435865160655633,0.7862261588464989,46.960535124050836,120.29592560724818,-2.9282193049160837e-05
17704.0,2.96888,1.5433522204236125,0.7861496086859365,46.9624471205212,120.29162639658149,-2.92917195120664e-05
17712.0,2.9686399999999997,1.5431178485171977,0.7860730020127646,46.96436047091093,120.28732465180933,-2.9301259182687752e-05
17720.0,2.9684,1.5428834002408096,0.7859963387491276,46.966275177047415,120.28302036986868,-2.9310812090840547e-05
17728.0,2.96816,1.542648875487617,0.7859196188166444,46.968191240780804,120.27871354766002,-2.932037826390103e-05
17736.0,2.96792,1.5424142741523728,0.7858428421373576,46.97010866393393,120.27440418212767,-2.9329957733550652e-05
17744.0,2.9676799999999997,1.5421795961277145,0.785766008632523,46.97202744836529,120.27009227015873,-2.933955052699913e-05
17752.0,2.96744,1.541944841307363,0.7856891182236567,46.97394759591526,120.26577780866936,-2.9349156674749837e-05
17760.0,2.9672,1.5417100095846386,0.7856121708320479,46.97586910843107,120.26146079456488,-2.9358776207040933e-05
17768.0,2.96696,1.5414751008515208,0.7855351663784522,46.977791987782695,120.25714122471433,-2.9368409151541648e-05
17776.0,2.96672,1.541240115001596,0.7854581047840554,46.9797162358128,120.25281909603025,-2.9378055540408348e-05
17784.0,2.96648,1.5410050519263048,0.7853809859692448,46.981641854400394,120.24849440536696,-2.9387715401301016e-05
17792.0,2.96624,1.5407699115181872,0.785303809854672,46.98356884540589,120.24416714960857,-2.9397388765173282e-05
17800.0,2.9659999999999997,1.5405346936693756,0.7852265763607582,46.985497210696806,120.23983732562796,-2.9407075662741316e-05
17808.0,2.96576,1.5402993982706417,0.7851492854073818,46.98742695216417,120.23550493026042,-2.941677612225413e-05
17816.0,2.9655199999999997,1.540064025214388,0.7850719369148601,46.98935807167074,120.23116996038632,-2.9426490176330687e-05
17824.0,2.96528,1.539828574390837,0.7849945308026968,46.991290571116636,120.22683241282621,-2.9436217853164488e-05
17832.0,2.96504,1.5395930456913283,0.784917066990665,46.99322445238288,120.22249228443121,-2.944595918424886e-05
17840.0,2.9648,1.5393574390067875,0.7848395453983051,46.99515971735745,120.21814957204144,-2.9455714200731726e-05
17848.0,2.96456,1.5391217542267583,0.7847619659446043,46.99709636795158,120.2138042724598,-2.946548293106563e-05
17856.0,2.96432,1.5388859912424415,0.7846843285489972,46.999034406048665,120.20945638253366,-2.947526540844625e-05
17864.0,2.96408,1.5386501499431022,0.7846066331301829,47.00097383356505,120.20510589905787,-2.9485061662118702e-05
17872.0,2.96384,1.5384142302183934,0.7845288796068893,47.00291465241045,120.20075281883778,-2.949487172295336e-05
17880.0,2.9636,1.538178231957884,0.7844510678977179,47.00485686449619,120.19639713867629,-2.950469562232944e-05
17888.0,2.9633599999999998,1.5379421550508123,0.7843731979210617,47.006800471739766,120.1920388553665,-2.9514533391712518e-05
17896.0,2.96312,1.537705999386137,0.7842952695951225,47.00874547606308,120.18767796569445,-2.9524385062469473e-05
17904.0,2.96288,1.5374697648524562,0.7842172828378831,47.0106918793933,120.18331446643712,-2.9534250665526187e-05
17912.0,2.96264,1.5372334513381705,0.784139237567161,47.012639683661384,120.17894835436563,-2.9544130232181695e-05
17920.0,2.9623999999999997,1.5369970587314365,0.784061133700593,47.01458889080237,120.17457962624472,-2.955402379381522e-05
17928.0,2.96216,1.5367605869201455,0.7839829711556278,47.01653950275531,120.17020827883306,-2.956393138170421e-05
17936.0,2.96192,1.5365240357919234,0.7839047498495252,47.01849152146393,120.16583430888139,-2.9573853027255643e-05
17944.0,2.96168,1.5362874052341935,0.783826469699377,47.02044494887622,120.16145771313401,-2.958378876235142e-05
17952.0,2.96144,1.536050695134105,0.7837481306220832,47.02239978694438,120.15707848832847,-2.9593738618762428e-05
17960.0,2.9612,1.535813905378554,0.783669732534358,47.02435603762498,120.15269663119517,-2.960370262840141e-05
17968.0,2.96096,1.535577035854195,0.7835912753527339,47.026313702879136,120.14831213845703,-2.9613680823430905e-05
17976.0,2.96072,1.5353400864474307,0.7835127589935579,47.028272784672055,120.1439250068307,-2.962367323608439e-05
17984.0,2.96048,1.535103057044382,0.7834341833729807,47.03023328497343,120.13953523302581,-2.9633679898521332e-05
17992.0,2.9602399999999998,1.5348659475309303,0.783355548406971,47.032195205757276,120.13514281374503,-2.9643700843129395e-05
18000.0,2.96,1.5346287577926974,0.7832768540113086,47.03415854900201,120.13074774568396,-2.9653736102385692e-05
18008.0,2.95976,1.5343914877150215,0.7831981001015755,47.03612331669062,120.12635002553094,-2.966378570874574e-05
18016.0,2.95952,1.5341541371830045,0.783119286593172,47.038089510810295,120.12194964996765,-2.967384969485935e-05
18024.0,2.9592799999999997,1.5339167060814713,0.783040413401302,47.04005713335305,120.11754661566779,-2.96839280934966e-05
18032.0,2.95904,1.5336791942949892,0.78296148044098,47.04202618631518,120.1131409192983,-2.969402093748001e-05
18040.0,2.9588,1.5334416017078643,0.7828824876270293,47.0439966716974,120.1087325575191,-2.9704128259761602e-05
18048.0,2.95856,1.5332039282041348,0.7828034348740783,47.04596859150498,120.10432152698286,-2.9714250093376693e-05
18056.0,2.9583199999999996,1.532966173667581,0.7827243220965663,47.0479419477476,120.09990782433509,-2.972438647146543e-05
18064.0,2.95808,1.5327283379814103,0.7826451492086348,47.049916742444786,120.09549144620604,-2.97345374266067e-05
18072.0,2.95784,1.5324904210293748,0.7825659161245019,47.05189297760669,120.09107238924058,-2.9744702993337684e-05
18080.0,2.9576,1.5322524226945888,0.7824866227580676,47.05387065525416,120.08665065006647,-2.9754883205381406e-05
18088.0,2.95736,1.532014342858731,0.7824072690226465,47.055849777431945,120.08222622527288,-2.9765078093682254e-05
18096.0,2.9571199999999997,1.5317761814053832,0.7823278548320814,47.05783034615312,120.07779911150011,-2.977528769457844e-05
18104.0,2.95688,1.5315379382157805,0.7822483800993258,47.05981236347136,120.073369305324,-2.9785512039871688e-05
18112.0,2.95664,1.5312996131723284,0.7821688447376159,47.06179583141981,120.06893680335277,-2.9795751164645044e-05
18120.0,2.9564,1.5310612061569733,0.7820892486599283,47.06378075203954,120.06450160218203,-2.980600510367008e-05
18128.0,2.9561599999999997,1.530822717050154,0.7820095917786276,47.06576712739774,120.06006369836574,-2.9816273889115503e-05
18136.0,2.95592,1.5305841457341267,0.7819298740065777,47.06775495953017,120.05562308850801,-2.9826557557939405e-05
18144.0,2.95568,1.5303454920886628,0.7818500952557038,47.06974425051456,120.05117976914589,-2.98368561419836e-05
18152.0,2.95544,1.5301067559948147,0.7817702554382506,47.07173500240713,120.04673373685078,-2.984716967692326e-05
18160.0,2.9552,1.5298679373331618,0.781690354466196,47.073727217272165,120.04228498818131,-2.9857498198048048e-05
18168.0,2.95496,1.529629035982697,0.7816103922508771,47.07572089720069,120.03783351965342,-2.986784173766546e-05
18176.0,2.95472,1.5293900518243133,0.7815303687041585,47.07771604425164,120.03337932783423,-2.98782003333072e-05
18184.0,2.9544799999999998,1.529150984736383,0.7814502837369495,47.07971266052663,120.02892240922262,-2.988857401736711e-05
18192.0,2.95424,1.5289118345985664,0.7813701372604818,47.08171074810546,120.02446276035242,-2.9898962825979864e-05
18200.0,2.9539999999999997,1.5286726012900498,0.7812899291857169,47.083710309076125,120.02000037774432,-2.9909366795027254e-05
18208.0,2.95376,1.5284332846884296,0.7812096594229732,47.08571134555399,120.01553525787547,-2.991978595751991e-05
18216.0,2.95352,1.5281938846732062,0.7811293278830957,47.08771385962157,120.01106739727528,-2.9930220351541568e-05
18224.0,2.95328,1.527954401121335,0.7810489344759651,47.08971785340497,120.0065967924037,-2.9940670010105944e-05
18232.0,2.9530399999999997,1.5277148339110758,0.7809684791117868,47.09172332900802,120.0021234397562,-2.9951134970026178e-05
18240.0,2.9528,1.5274751829202042,0.7808879617004926,47.09373028854252,119.99764733581557,-2.996161526765283e-05
18248.0,2.95256,1.527235448024883,0.7808073821513597,47.09573873414723,119.99316847702165,-2.9972110936246324e-05
18256.0,2.95232,1.5269956291032085,0.7807267403742021,47.09774866792871,119.98868685986557,-2.9982622014538026e-05
18264.0,2.95208,1.5267557260306912,0.780646036277852,47.099760092037755,119.98420248076815,-2.999314853609985e-05
18272.0,2.95184,1.5265157386841661,0.7805652697714729,47.10177300860229,119.97971533618652,-3.0003690538290798e-05
18280.0,2.9516,1.5262756669399775,0.7804844407639501,47.1037874197587,119.97522542256422,-3.0014248058121388e-05
18288.0,2.9513599999999998,1.5260355106728272,0.7804035491635019,47.105803327671694,119.97073273629961,-3.0024821129703223e-05
18296.0,2.95112,1.5257952697593855,0.7803225948788948,47.107820734472035,119.9662372738453,-3.003540979238137e-05
18304.0,2.9508799999999997,1.5255549440736922,0.7802415778178946,47.10983964233492,119.96173903158294,-3.004601408007315e-05
18312.0,2.95064,1.5253145334911344,0.7801604978886063,47.111860053412954,119.9572380059303,-3.0056634030738933e-05
18320.0,2.9504,1.525074037886601,0.7800793549988514,47.113881969867236,119.95273419329166,-3.006726968197519e-05
18328.0,2.95016,1.5248334571333122,0.7799981490557726,47.11590539388722,119.94822759002635,-3.0077921068312936e-05
18336.0,2.94992,1.5245927911064878,0.779916879967072,47.11793032762833,119.9437181925476,-3.008858822969862e-05
18344.0,2.94968,1.5243520396786752,0.7798355476394329,47.11995677329178,119.93920599719571,-3.0099271200817457e-05
18352.0,2.94944,1.5241112027237904,0.7797541519798834,47.12198473305528,119.9346910003485,-3.010997002024661e-05
18360.0,2.9492,1.5238702801152433,0.7796726928951648,47.12401420910497,119.93017319837024,-3.012068472616542e-05
18368.0,2.94896,1.5236292717247488,0.7795911702913275,47.12604520365554,119.92565258757978,-3.0131415353536657e-05
18376.0,2.94872,1.5233881774260527,0.7795095840749908,47.12807771888759,119.92112916435029,-3.0142161942985233e-05
18384.0,2.94848,1.523146997090185,0.7794279341517377,47.13011175702853,119.91660292498068,-3.0152924529881002e-05
18392.0,2.94824,1.522905730589567,0.7793462204275031,47.13214732028161,119.91207386580817,-3.0163703153448765e-05
18400.0,2.948,1.5226643777961044,0.7792644428079292,47.13418441085871,119.90754198315608,-3.0174497852537068e-05
18408.0,2.9477599999999997,1.5224229385799797,0.7791826011979548,47.136223031000945,119.90300727330089,-3.0185308662790246e-05
18416.0,2.94752,1.5221814128134403,0.7791006955031,47.13826318291452,119.8984697325751,-3.0196135625511673e-05
18424.0,2.94728,1.521939800365974,0.7790187256278286,47.140304868852226,119.89392935723714,-3.0206978776385772e-05
18432.0,2.94704,1.5216981011084825,0.7789366914769643,47.142348091043,119.88938614358328,-3.0217838155229455e-05
18440.0,2.9467999999999996,1.5214563149113434,0.7788545929550327,47.14439285172472,119.88484008789551,-3.0228713801514237e-05
18448.0,2.94656,1.521214441643184,0.778772429965844,47.14643915316505,119.88029118640853,-3.0239605751501235e-05
18456.0,2.94632,1.52097248117473,0.7786902024138002,47.1484869975959,119.87573943541382,-3.0250514047126036e-05
18464.0,2.94608,1.520730433373902,0.7786079102022291,47.150536387297244,119.87118483112644,-3.026143872478854e-05
18472.0,2.94584,1.520488298110057,0.7785255532348239,47.15258732452438,119.86662736980067,-3.0272379825002638e-05
18480.0,2.9455999999999998,1.52024607525202,0.7784431314149756,47.15463981154163,119.86206704767645,-3.028333738789055e-05
18488.0,2.94536,1.5200037646668363,0.7783606446453472,47.15669385064354,119.8575038609456,-3.0294311450290097e-05
18496.0,2.94512,1.5197613662236842,0.7782780928292038,47.1587494440885,119.85293780585754,-3.030530205487393e-05
18504.0,2.94488,1.519518879788891,0.7781954758687177,47.16080659418313,119.84836887858498,-3.0316309238507626e-05
18512.0,2.9446399999999997,1.5192763052302443,0.7781127936664343,47.162865303209365,119.8437970753399,-3.0327333042349618e-05
18520.0,2.9444,1.5190336424149908,0.7780300461245908,47.164925573458426,119.83922239231946,-3.0338373507179012e-05
18528.0,2.94416,1.5187908912085681,0.7779472331446835,47.16698740725248,119.83464482567172,-3.0349430670546023e-05
18536.0,2.94392,1.5185480514785819,0.777864354628823,47.169050806876555,119.8300643716037,-3.0360504575777103e-05
18544.0,2.9436799999999996,1.518305123090104,0.777781410478131,47.17111577465896,119.82548102625353,-3.037159526128905e-05
18552.0,2.94344,1.5180621059087125,0.7776984005937759,47.17318231291936,119.8208947857731,-3.038270276754641e-05
18560.0,2.9432,1.517818999799877,0.7776153248767632,47.17525042397937,119.81630564631136,-3.0393827135664447e-05
18568.0,2.94296,1.5175758046286327,0.7775321832278241,47.177320110168374,119.81171360400548,-3.0404968406755328e-05
18576.0,2.94272,1.5173325202596495,0.7774489755474385,47.179391373821716,119.80711865498263,-3.0416126621900395e-05
18584.0,2.9424799999999998,1.5170891465571228,0.7773657017357971,47.1814642172822,119.8025207953576,-3.0427301821783155e-05
18592.0,2.94224,1.5168456833849902,0.7772823616928749,47.1835386428973,119.79792002123793,-3.043849404748802e-05
18600.0,2.9419999999999997,1.5166021306068689,0.7771989553184097,47.18561465301995,119.79331632872268,-3.0449703340253615e-05
18608.0,2.94176,1.516358488086025,0.7771154825118908,47.187692250008766,119.7887097139017,-3.0460929741315474e-05
18616.0,2.9415199999999997,1.5161147556853785,0.7770319431725609,47.18977143622831,119.7841001728553,-3.0472173292029397e-05
18624.0,2.94128,1.5158709332675806,0.7769483371994413,47.19185221404796,119.77948770165663,-3.048343403412436e-05
18632.0,2.94104,1.5156270206949243,0.7768646644913016,47.19393458584303,119.77487229636921,-3.0494712009347823e-05
18640.0,2.9408,1.5153830178293686,0.7767809249466673,47.196018553994534,119.77025395304746,-3.050600725961688e-05
18648.0,2.94056,1.5151389245325564,0.7766971184638253,47.19810412088928,119.76563266773672,-3.0517319827123084e-05
18656.0,2.94032,1.514894740665799,0.7766132449408184,47.20019128891941,119.7610084364739,-3.0528649754159774e-05
18664.0,2.94008,1.5146504660900373,0.7765293042754315,47.20228006048373,119.75638125528522,-3.053999708316213e-05
18672.0,2.93984,1.5144061006658978,0.7764452963652106,47.20437043798637,119.75175112018852,-3.055136185678739e-05
18680.0,2.9396,1.5141616442536652,0.7763612211074522,47.20646242383718,119.74711802719253,-3.0562744117782234e-05
18688.0,2.9393599999999998,1.5139170967132491,0.7762770783991922,47.20855602045192,119.74248197229637,-3.057414390883473e-05
18696.0,2.93912,1.5136724579042513,0.7761928681372283,47.2106512302521,119.73784295149022,-3.058556127299069e-05
18704.0,2.93888,1.5134277276859052,0.7761085902180987,47.21274805566525,119.73320096075476,-3.0596996253336016e-05
18712.0,2.93864,1.5131829059171074,0.7760242445380929,47.21484649912464,119.72855599606149,-3.060844889309849e-05
18720.0,2.9383999999999997,1.5129379924564095,0.7759398309932474,47.21694656306943,119.72390805337257,-3.061991923567856e-05
18728.0,2.93816,1.5126929871620103,0.7758553494793434,47.2190482499449,119.71925712864046,-3.063140732464325e-05
18736.0,2.93792,1.5124478898917695,0.7757707998919117,47.22115156220195,119.71460321780873,-3.064291320367982e-05
18744.0,2.93768,1.5122027005027903,0.7756861821260863,47.223256502304196,119.7099463168006,-3.0654436915649054e-05
18752.0,2.93744,1.5119574188528953,0.7756014960771153,47.225363072703125,119.70528642155863,-3.066597850603e-05
18760.0,2.9372,1.5117120447990657,0.7755167416398203,47.227471275864424,119.70062352800274,-3.0677538019308675e-05
18768.0,2.93696,1.5114665781963899,0.7754319187082336,47.22958111428558,119.69595763200216,-3.068911549650166e-05
18776.0,2.9367199999999998,1.5112210189024655,0.7753470271771179,47.23169259042189,119.69128872949341,-3.0700710985413306e-05
18784.0,2.93648,1.510975366771794,0.7752620669400291,47.23380570678238,119.6866168163283,-3.071232452813032e-05
18792.0,2.9362399999999997,1.5107296216604216,0.7751770378909203,47.23592046584894,119.68194188840114,-3.0723956170918156e-05
18800.0,2.936,1.5104837834237879,0.7750919399233965,47.238036870113866,119.67726394158989,-3.073560595965678e-05
18808.0,2.93576,1.5102378519153437,0.7750067729302377,47.240154922103684,119.67258297171817,-3.0747273936830734e-05
18816.0,2.93552,1.5099918269909374,0.7749215368049146,47.24227462430373,119.66789897467493,-3.075896015117263e-05
18824.0,2.9352799999999997,1.5097457085031354,0.7748362314396225,47.24439597925516,119.66321194626056,-3.077066464499123e-05
18832.0,2.93504,1.5094994963061983,0.7747508567270049,47.24651898947041,119.65852188232104,-3.078238746539391e-05
18840.0,2.9348,1.5092531902537594,0.7746654125593478,47.2486436574724,119.65382877868562,-3.0794128659022364e-05
18848.0,2.93456,1.5090067901973552,0.7745798988280705,47.250769985819275,119.64913263112759,-3.08058882686171e-05
18856.0,2.93432,1.508760295991035,0.7744943154253229,47.25289797702704,119.64443343548724,-3.0817666343765e-05
18864.0,2.93408,1.5085137074855126,0.7744086622419567,47.25502763366822,119.6397311875153,-3.082946292744094e-05
18872.0,2.93384,1.5082670245332073,0.7743229391692741,47.25715895828637,119.63502588300831,-3.0841278067480125e-05
18880.0,2.9336,1.50802024698591,0.7742371460982176,47.259291953435664,119.630317517746,-3.085311181125822e-05
18888.0,2.93336,1.50777337469331,0.7741512829188567,47.261426621706,119.62560608745132,-3.086496420243476e-05
18896.0,2.9331199999999997,1.5075264075076134,0.7740653495219939,47.263562965644525,119.62089158791518,-3.0876835291309014e-05
18904.0,2.93288,1.5072793452776605,0.773979345797117,47.26570098785592,119.61617401483733,-3.08887251217502e-05
18912.0,2.93264,1.5070321878540167,0.7738932716341713,47.26784069091534,119.61145336396423,-3.090063374240769e-05
18920.0,2.9324,1.5067849350866063,0.7738071269227343,47.2699820774088,119.60672963102517,-3.091256120152375e-05
18928.0,2.9321599999999997,1.5065375868232151,0.773720911551495,47.272125149958754,119.60200281169163,-3.0924507543544306e-05
18936.0,2.93192,1.5062901429141924,0.7736346254098903,47.27426991114404,119.59727290170432,-3.093647281969073e-05
18944.0,2.93168,1.5060426032064582,0.7735482683860163,47.27641636360174,119.59253989671146,-3.094845707448915e-05
18952.0,2.93144,1.505794967548689,0.7734618403684362,47.27856450993914,119.58780379240865,-3.096046035744007e-05
18960.0,2.9312,1.5055472357889106,0.7733753412453396,47.28071435277465,119.58306458447382,-3.0972482717643114e-05
18968.0,2.93096,1.50529940777297,0.7732887709040096,47.28286589476398,119.57832226852594,-3.098452420039847e-05
18976.0,2.93072,1.5050514833493247,0.7732021292324931,47.28501913851812,119.57357684025467,-3.099658485780335e-05
18984.0,2.9304799999999998,1.5048034623633821,0.7731154161176245,47.28717408669975,119.56882829526776,-3.1008664736098535e-05
18992.0,2.93024,1.504555344661159,0.7730286314463025,47.28933074196123,119.56407662918924,-3.1020763883945727e-05
19000.0,2.9299999999999997,1.5043071300885411,0.7729417751052318,47.29148910695745,119.55932183763947,-3.10328823508547e-05
19008.0,2.92976,1.504058818490891,0.7728548469807855,47.293649184353015,119.55456391622407,-3.104502018641542e-05
19016.0,2.92952,1.5038104097131313,0.7727678469590332,47.29581097681927,119.54980286053743,-3.105717744011607e-05
19024.0,2.92928,1.5035619035996137,0.7726807749256945,47.29797448703672,119.54503866615855,-3.10693541610316e-05
19032.0,2.9290399999999996,1.5033132999943777,0.7725936307662297,47.30013971769151,119.54027132865792,-3.108155039868104e-05
19040.0,2.9288,1.5030645987410778,0.772506414365813,47.302306671476295,119.53550084359581,-3.109376620279313e-05
19048.0,2.92856,1.5028157996829439,0.7724191256093189,47.30447535109043,119.53072720652169,-3.1106001623047254e-05
19056.0,2.92832,1.5025669026627897,0.7723317643813239,47.30664575924056,119.52595041297334,-3.111825670933254e-05
19064.0,2.92808,1.502317907523103,0.7722443305661382,47.308817898639546,119.52117045847959,-3.1130531512062344e-05
19072.0,2.9278399999999998,1.5020688141059397,0.7721568240477673,47.31099177200724,119.51638733855786,-3.114282608168089e-05
19080.0,2.9276,1.5018196222529538,0.7720692447099228,47.31316738207027,119.51160104871471,-3.1155140468777346e-05
19088.0,2.9273599999999997,1.5015703318054148,0.7719815924360276,47.31534473156196,119.50681158444597,-3.116747472423076e-05
19096.0,2.92712,1.5013209426041947,0.7718938671092104,47.317523823222395,119.50201894123703,-3.117982889910214e-05
19104.0,2.9268799999999997,1.5010714544897183,0.7718060686122887,47.319704659799214,119.4972231145614,-3.119220304453576e-05
19112.0,2.92664,1.50082186730203,0.7717181968277903,47.32188724404656,119.49242409988221,-3.1204597211931866e-05
19120.0,2.9264,1.5005721808807622,0.7716302516379432,47.32407157872568,119.4876218926514,-3.121701145290966e-05
19128.0,2.92616,1.5003223950650941,0.7715422329246596,47.32625766660568,119.48281648830843,-3.122944581920861e-05
19136.0,2.92592,1.5000725096938337,0.7714541405695641,47.328445510461876,119.47800788228294,-3.124190036281801e-05
19144.0,2.92568,1.499822524605342,0.771365974453967,47.33063511307717,119.47319606999244,-3.1254375135841223e-05
19152.0,2.92544,1.499572439637574,0.771277734458878,47.33282647724142,119.46838104684339,-3.126687019061294e-05
19160.0,2.9252,1.4993222546280673,0.7711894204650016,47.33501960575155,119.4635628082312,-3.1279385579628206e-05
19168.0,2.92496,1.4990719694139314,0.7711010323527323,47.33721450141147,119.45874134954028,-3.129192135547151e-05
19176.0,2.9247199999999998,1.4988215838318668,0.7710125700021618,47.339411167032296,119.4539166661435,-3.1304477571020284e-05
19184.0,2.92448,1.4985710977181375,0.7709240332930678,47.34160960543237,119.44908875340258,-3.1317054279235266e-05
19192.0,2.92424,1.4983205109085938,0.7708354221049216,47.343809819437055,119.44425760666805,-3.132965153331465e-05
19200.0,2.924,1.4980698232386593,0.7707467363168838,47.34601181187914,119.43942322127866,-3.134226938666015e-05
19208.0,2.9237599999999997,1.4978190345433142,0.7706579758077964,47.34821558559956,119.43458559256034,-3.135490789303431e-05
19216.0,2.92352,1.4975681446571338,0.7705691404561973,47.35042114344562,119.429744715829,-3.1367567106270635e-05
19224.0,2.92328,1.4973171534142367,0.7704802301403003,47.35262848827222,119.42490058638813,-3.1380247080298185e-05
19232.0,2.92304,1.4970660606483241,0.7703912447380089,47.354837622941545,119.42005319952985,-3.139294786933286e-05
19240.0,2.9228,1.4968148661926635,0.7703021841269097,47.35704855032319,119.41520255053467,-3.1405669527775596e-05
19248.0,2.92256,1.49656356988007,0.7702130481842656,47.35926127329427,119.4103486346717,-3.1418412110147585e-05
19256.0,2.92232,1.496312171542945,0.770123836787029,47.36147579473904,119.40549144719832,-3.1431175671226e-05
19264.0,2.92208,1.49606067101323,0.7700345498118237,47.36369211754945,119.40063098335963,-3.1443960265932956e-05
19272.0,2.92184,1.495809068122439,0.7699451871349574,47.36591024462473,119.39576723838945,-3.145676594939103e-05
19280.0,2.9215999999999998,1.4955573627016447,0.769855748632415,47.368130178871624,119.39090020750966,-3.146959277693558e-05
19288.0,2.92136,1.4953055545814622,0.7697662341798526,47.37035192320477,119.38602988592966,-3.1482440804083936e-05
19296.0,2.92112,1.4950536435920838,0.7696766436526093,47.372575480545876,119.38115626884772,-3.149531008659704e-05
19304.0,2.92088,1.494801629563233,0.769586976925691,47.37480085382484,119.37627935144918,-3.150820068042089e-05
19312.0,2.9206399999999997,1.4945495123241987,0.76949723387378,47.37702804597892,119.3713991289078,-3.152111264175127e-05
19320.0,2.9204,1.4942972917038209,0.769407414371231,47.379257059953055,119.36651559638511,-3.153404602697208e-05
19328.0,2.92016,1.4940449675304694,0.7693175182920629,47.38148789870043,119.36162874902973,-3.154700089272014e-05
19336.0,2.91992,1.4937925396320872,0.7692275455099724,47.383720565181356,119.35673858197893,-3.1559977295854256e-05
19344.0,2.91968,1.493540007836137,0.7691374958983153,47.385955062364125,119.35184509035734,-3.157297529332273e-05
19352.0,2.91944,1.493287371969639,0.7690473693301196,47.388191393224666,119.34694826927752,-3.158599494233904e-05
19360.0,2.9192,1.4930346318591563,0.7689571656780785,47.39042956074667,119.34204811383985,-3.1599036300335635e-05
19368.0,2.9189599999999998,1.4927817873307763,0.7688668848145443,47.39266956792161,119.33714461913257,-3.16120994247974e-05
19376.0,2.91872,1.4925288382101478,0.7687765266115405,47.39491141774862,119.33223778023167,-3.16251843735608e-05
19384.0,2.9184799999999997,1.4922757843224348,0.7686860909407444,47.397155113234994,119.32732759220028,-3.163829120457639e-05
19392.0,2.91824,1.4920226254923505,0.7685955776734992,47.39940065739565,119.32241405008958,-3.1651419976029084e-05
19400.0,2.918,1.4917693615441425,0.7685049866808078,47.40164805325346,119.31749714893817,-3.1664570746328976e-05
19408.0,2.91776,1.4915159923015742,0.7684143178333255,47.403897303839706,119.31257688377131,-3.167774357411742e-05
19416.0,2.9175199999999997,1.491262517587964,0.7683235710013735,47.40614841219304,119.3076532496027,-3.169093851823315e-05
19424.0,2.91728,1.4910089372261333,0.7682327460549194,47.40840138136101,119.30272624143203,-3.170415563781096e-05
19432.0,2.91704,1.4907552510384456,0.7681418428635909,47.410656214398855,119.29779585424689,-3.171739499221387e-05
19440.0,2.9168,1.4905014588467906,0.7680508612966689,47.41291291436988,119.29286208302203,-3.1730656641020756e-05
19448.0,2.91656,1.490247560472561,0.767959801223079,47.41517148434587,119.28792492271882,-3.174394064398012e-05
19456.0,2.91632,1.489993555736698,0.7678686625114077,47.4174319274064,119.28298436828632,-3.175724706116736e-05
19464.0,2.91608,1.4897394444596372,0.767777445029881,47.41969424663894,119.27804041466122,-3.177057595260546e-05
19472.0,2.9158399999999998,1.4894852264613472,0.7676861486463782,47.42195844513915,119.2730930567672,-3.178392737864121e-05
19480.0,2.9156,1.489230901561313,0.7675947732284257,47.424224526011024,119.2681422895149,-3.1797301399877353e-05
19488.0,2.9153599999999997,1.4889764695785186,0.7675033186431899,47.42649249236732,119.2631881078014,-3.181069807718496e-05
19496.0,2.91512,1.488721930331484,0.7674117847574894,47.42876234732832,119.25823050651175,-3.182411747157696e-05
19504.0,2.91488,1.4884672836382173,0.7673201714377772,47.431034094023104,119.2532694805168,-3.1837559644297566e-05
19512.0,2.91464,1.4882125293162505,0.7672284785501536,47.43330773558883,119.24830502467483,-3.185102465682537e-05
19520.0,2.9143999999999997,1.4879576671826285,0.7671367059603605,47.43558327517105,119.24333713383108,-3.1864512570919626e-05
19528.0,2.91416,1.4877026970538814,0.7670448535337718,47.43786071592521,119.23836580281574,-3.187802344884225e-05
19536.0,2.91392,1.4874476187460457,0.7669529211353998,47.44014006101388,119.23339102644569,-3.1891557352737974e-05
19544.0,2.91368,1.4871924320745462,0.7668609086298513,47.442421313609174,119.22841279952465,-3.190511434446782e-05
19552.0,2.91344,1.486937136853934,0.7667688158812338,47.44470447689685,119.22343111683192,-3.19186944849491e-05
19560.0,2.9132,1.48668173289957,0.7666766427537608,47.44698955405185,119.21844597316937,-3.193229783906817e-05
19568.0,2.91296,1.4864262200247622,0.7665843891107191,47.449276548284026,119.21345736328006,-3.194592446855962e-05
19576.0,2.9127199999999998,1.4861705980433892,0.7664920548154148,47.45156546279323,119.2084652819235,-3.195957443765909e-05
19584.0,2.91248,1.4859148667695223,0.7663996397310363,47.45385630077586,119.20346972386551,-3.197324781227374e-05
19592.0,2.9122399999999997,1.4856590260136369,0.7663071437192841,47.456149065490855,119.19847068377264,-3.1986944652312443e-05
19600.0,2.912,1.4854030755899597,0.7662145666430267,47.45844376013196,119.19346815641447,-3.20006650266892e-05
19608.0,2.91176,1.4851470153086337,0.7661219083634664,47.46074038796204,119.18846213645114,-3.201440899677468e-05
19616.0,2.91152,1.4848908449807305,0.7660291687419509,47.46303895222839,119.18345261856743,-3.2028176627344226e-05
19624.0,2.91128,1.4846345644179697,0.765936347639873,47.46533945616758,119.17843959746523,-3.2041967986007336e-05
19632.0,2.91104,1.484378173427935,0.7658434449169353,47.46764190308605,119.17342306773614,-3.2055783132716055e-05
19640.0,2.9108,1.4841216718223003,0.7657504604341315,47.46994629622104,119.1684030240809,-3.206962213764572e-05
19648.0,2.91056,1.4838650594086193,0.7656573940507686,47.47225263887935,119.1633794610904,-3.2083485063385174e-05
19656.0,2.91032,1.4836083359953538,0.7655642456262902,47.47456093435245,119.1583523733797,-3.209737197583847e-05
19664.0,2.91008,1.4833515013915914,0.765471015020173,47.47687118592145,119.15332175558045,-3.211128294373767e-05
19672.0,2.90984,1.4830945554023443,0.7653777020902202,47.479183396937096,119.14828760221498,-3.2125218028527464e-05
19680.0,2.9096,1.4828374978366607,0.765284306695505,47.481497570680965,119.14324990791403,-3.213917730157359e-05
19688.0,2.90936,1.4825803284994434,0.7651908286933999,47.48381371050536,119.13820866719713,-3.215316082677247e-05
19696.0,2.9091199999999997,1.4823230471965152,0.7650972679414142,47.4861318197469,119.13316387460853,-3.21671686714067e-05
19704.0,2.90888,1.482065653734328,0.7650036242970899,47.48845190173153,119.12811552470927,-3.218120090550361e-05
19712.0,2.90864,1.4818081479151604,0.7649098976162528,47.490773959856284,119.12306361194872,-3.219525759160266e-05
19720.0,2.9084,1.4815505295454312,0.7648160877560367,47.49309799744766,119.11800813088705,-3.220933880246974e-05
19728.0,2.9081599999999996,1.4812927984273128,0.7647221945718309,47.49542401790435,119.11294907597083,-3.2223444603210164e-05
19736.0,2.90792,1.4810349543639203,0.7646282179191679,47.497752024609,119.1078864416719,-3.223757506234628e-05
19744.0,2.90768,1.4807769971590148,0.7645341576536157,47.50008202093334,119.10282022247928,-3.22517302512346e-05
19752.0,2.90744,1.4805189266120997,0.764440013628988,47.502414010321495,119.09775041276816,-3.226591023359266e-05
19760.0,2.9072,1.4802607425269,0.7643457857004375,47.504747996145774,119.09267700702662,-3.228011508353094e-05
19768.0,2.9069599999999998,1.480002444703356,0.7642514737215333,47.507083981842925,119.08759999964148,-3.2294344868597255e-05
19776.0,2.90672,1.4797440329410778,0.7641570775455203,47.50942197085529,119.08251938499072,-3.23085996570364e-05
19784.0,2.90648,1.4794855070402702,0.7640625970256573,47.511761966615424,119.0774351574679,-3.232287951993965e-05
19792.0,2.90624,1.479226866800217,0.7639680320146612,47.51410397257334,119.07234731144014,-3.233718452841064e-05
19800.0,2.9059999999999997,1.4789681120195681,0.7638733823648133,47.51644799218861,119.06725584125883,-3.235151475329391e-05
19808.0,2.90576,1.4787092424962196,0.7637786479279124,47.51879402893204,119.06216074125615,-3.236587026485426e-05
19816.0,2.90552,1.4784502580275027,0.7636838285553444,47.52114208628406,119.05706200574912,-3.2380251133612425e-05
19824.0,2.90528,1.4781911584102765,0.7635889240981143,47.52349216773384,119.05195962904182,-3.2394657430807726e-05
19832.0,2.9050399999999996,1.4779319434407754,0.7634939344067914,47.52584427677989,119.04685360542486,-3.240908922741734e-05
19840.0,2.9048,1.4776726129146371,0.7633988593315167,47.5281984169311,119.04174392917099,-3.242354659472683e-05
19848.0,2.90456,1.4774131666270092,0.7633036987220423,47.530554591706135,119.03663059453848,-3.2438029604913034e-05
19856.0,2.90432,1.477153604372464,0.7632084524276991,47.5329128046334,119.03151359577035,-3.245253833040566e-05
19864.0,2.90408,1.4768939259449685,0.7631131202973853,47.535273059250926,119.02639292709426,-3.24670728436591e-05
19872.0,2.9038399999999998,1.476634131137943,0.7630177021795864,47.53763535910721,119.02126858272071,-3.248163321782781e-05
19880.0,2.9036,1.4763742197442409,0.7629221979223676,47.53999970776004,119.01614055684632,-3.249621952627901e-05
19888.0,2.90336,1.4761141915560847,0.7628266073733492,47.54236610877729,119.01100884365201,-3.25108318423707e-05
19896.0,2.90312,1.4758540463651237,0.762730930379727,47.5447345657367,119.00587343730321,-3.252547023982169e-05
19904.0,2.9028799999999997,1.475593783962444,0.762635166788275,47.54710508222592,119.00073433194962,-3.254013479277945e-05
19912.0,2.90264,1.4753334041384627,0.762539316445306,47.54947766184331,118.99559152172444,-3.255482557532977e-05
19920.0,2.9024,1.4750729066830703,0.7624433791967229,47.5518523081965,118.9904450007462,-3.2569542662079666e-05
19928.0,2.90216,1.474812291385522,0.7623473548879777,47.554229024904316,118.98529476311549,-3.258428612794758e-05
19936.0,2.90192,1.4745515580344768,0.7622512433640855,47.55660781559569,118.98014080291694,-3.259905604814805e-05
19944.0,2.90168,1.474290706418004,0.762155044469625,47.55898868390941,118.97498311421998,-3.261385249817931e-05
19952.0,2.90144,1.4740297363235488,0.7620587580487268,47.561371633495234,118.96982169107669,-3.262867555385728e-05
19960.0,2.9012,1.4737686475379743,0.7619623839450864,47.56375666801272,118.96465652752369,-3.2643525291349405e-05
19968.0,2.90096,1.473507439846918,0.7618659220017259,47.56614379114226,118.95948761756536,-3.2658401785808554e-05
19976.0,2.9007199999999997,1.4732461130368315,0.7617693720617472,47.56853300655037,118.95431495522777,-3.2673305115665796e-05
19984.0,2.90048,1.4729846668936233,0.7616727339678299,47.570924317912315,118.94913853452277,-3.268823535964521e-05
19992.0,2.90024,1.4727231011987683,0.7615760075607911,47.57331772897601,118.94395834934697,-3.270319258799306e-05
20000.0,2.9,1.4724614157387017,0.7614791926830587,47.57571324340823,118.9387743937259,-3.271817688386506e-05
20008.0,2.8997599999999997,1.4721996102951398,0.7613822891750909,47.57811086495709,118.93358666155883,-3.2733188322460314e-05
20016.0,2.89952,1.4719376846508114,0.7612852968774942,47.58051059735283,118.92839514677256,-3.274822698251831e-05
20024.0,2.89928,1.471675638589104,0.7611882156308947,47.58291244431392,118.92319984331128,-3.276329294560343e-05
20032.0,2.89904,1.471413471888647,0.7610910452739276,47.58531640964211,118.91800074498838,-3.277838628564419e-05
20040.0,2.8988,1.4711511843328202,0.7609937856467616,47.587722497056134,118.9127978457482,-3.279350708747396e-05
20048.0,2.89856,1.470888775700026,0.7608964365874921,47.590130710359276,118.90759113940187,-3.280865542712144e-05
20056.0,2.89832,1.470626245769781,0.7607989979343974,47.592541053336106,118.90238061979004,-3.2823831384667627e-05
20064.0,2.8980799999999998,1.470363594322366,0.7607014695258106,47.59495352975849,118.89716628077343,-3.283903504350569e-05
20072.0,2.89784,1.4701008211330255,0.7606038511979633,47.59736814348339,118.8919481160797,-3.2854266478026745e-05
20080.0,2.8975999999999997,1.4698379259819971,0.7605061427887098,47.59978489828331,118.88672611956848,-3.2869525774800426e-05
20088.0,2.89736,1.4695749086444316,0.7604083441337824,47.60220379801713,118.88150028496375,-3.288481301145291e-05
20096.0,2.89712,1.4693117688966055,0.7603104550690982,47.604624846524594,118.87627060601962,-3.290012826959793e-05
20104.0,2.89688,1.469048506515571,0.7602124754306289,47.60704804763219,118.87103707651109,-3.291547163414288e-05
20112.0,2.8966399999999997,1.4687851212733132,0.7601144050522252,47.60947340525235,118.86579969007825,-3.293084318106093e-05
20120.0,2.8964,1.4685216129468375,0.760016243769371,47.61190092321242,118.86055844049474,-3.294624299854079e-05
20128.0,2.89616,1.4682579813086476,0.7599179914156375,47.61433060541618,118.85531332141454,-3.2961671167070554e-05
20136.0,2.89592,1.4679942261308547,0.7598196478242122,47.61676245577411,118.85006432648122,-3.297712776803266e-05
20144.0,2.8956799999999996,1.4677303471862766,0.7597212128283061,47.61919647818507,118.84481144935663,-3.299261288611244e-05
20152.0,2.89544,1.4674663442466302,0.7596226862604822,47.62163267656909,118.83955468367063,-3.3008126606121684e-05
20160.0,2.8952,1.4672022170828816,0.7595240679527825,47.624071054857275,118.83429402303506,-3.302366901253912e-05
20168.0,2.89496,1.4669379654650943,0.7594253577366715,47.62651161699423,118.82902946103836,-3.303924018917425e-05
20176.0,2.89472,1.4666735891626588,0.7593265554431203,47.62895436693606,118.82376099125092,-3.305484022020047e-05
20184.0,2.8944799999999997,1.4664090879444032,0.7592276609026475,47.63139930864929,118.81848860722792,-3.3070469190599194e-05
20192.0,2.89424,1.466144461578407,0.7591286739452479,47.63384644611148,118.81321230250906,-3.3086127185052686e-05
20200.0,2.894,1.4658797098320415,0.7590295944004071,47.63629578331261,118.80793207061224,-3.3101814288674955e-05
20208.0,2.89376,1.4656148324720901,0.7589304220971456,47.6387473242543,118.80264790503853,-3.311753058755763e-05
20216.0,2.89352,1.4653498292646514,0.7588311568639812,47.64120107294968,118.79735979927095,-3.313327616814083e-05
20224.0,2.89328,1.4650846999749023,0.7587317985288397,47.64365703342689,118.79206774676878,-3.3149051116528515e-05
20232.0,2.89304,1.464819444367146,0.7586323469190712,47.6461152097304,118.78677174096462,-3.3164855519225554e-05
20240.0,2.8928,1.4645540622072806,0.7585328018623749,47.64857560587624,118.78147177533687,-3.3180689467442954e-05
20248.0,2.89256,1.464288553256682,0.7584331631845053,47.651038225955986,118.7761678432443,-3.319655304445051e-05
20256.0,2.89232,1.4640229172779906,0.7583334307114391,47.653503074040266,118.77085993807876,-3.321244633810696e-05
20264.0,2.89208,1.4637571540348007,0.7582336042692607,47.65597015418483,118.76554805325652,-3.322836944040971e-05
20272.0,2.8918399999999997,1.463491263285438,0.7581336836818231,47.65843947053728,118.76023218205292,-3.3244322435010965e-05
20280.0,2.8916,1.4632252447933707,0.7580336687746575,47.660911027154675,118.75491231788142,-3.326030541703834e-05
20288.0,2.8913599999999997,1.462959098316627,0.7579335593709969,47.66338482818903,118.7495884540069,-3.327631847298439e-05
20296.0,2.89112,1.4626928236144594,0.7578333552942791,47.6658608777711,118.74426058372791,-3.329236169355432e-05
20304.0,2.89088,1.46242642044693,0.7577330563679904,47.66833918001704,118.73892870036613,-3.330843517273468e-05
20312.0,2.89064,1.4621598885684397,0.7576326624132294,47.67081973913903,118.73359279709221,-3.332453899465262e-05
20320.0,2.8903999999999996,1.461893227739028,0.7575321732529592,47.67330255925406,118.72825286722644,-3.334067325707562e-05
20328.0,2.89016,1.4616264377129586,0.7574315887077089,47.675787644576154,118.72290890393737,-3.335683804743065e-05
20336.0,2.88992,1.4613595182457766,0.7573309085982302,47.678274999297855,118.71756090042709,-3.3373033457749037e-05
20344.0,2.88968,1.461092469093913,0.757230132745348,47.68076462759708,118.71220884992043,-3.338925958386153e-05
20352.0,2.88944,1.460825290008051,0.757129260967457,47.683256533749265,118.70685274548975,-3.340551651168397e-05
20360.0,2.8891999999999998,1.4605579807445652,0.757028293084837,47.685750721933076,118.70149258035882,-3.342180434064609e-05
20368.0,2.88896,1.4602905410540121,0.7569272289153073,47.68824719642641,118.69612834759597,-3.343812316026885e-05
20376.0,2.88872,1.4600229706882384,0.7568260682769097,47.69074596148514,118.6907600403041,-3.34544730646005e-05
20384.0,2.88848,1.4597552694001932,0.7567248109878375,47.693247021346245,118.68538765161574,-3.347085415180325e-05
20392.0,2.8882399999999997,1.4594874369372415,0.7566234568639053,47.69575038034163,118.68001117451502,-3.348726651056233e-05
20400.0,2.888,1.4592194730500117,0.7565220057218943,47.698256042747786,118.67463060207267,-3.350371023817645e-05
20408.0,2.88776,1.4589513774873104,0.756420457377628,47.70076401287418,118.66924592730922,-3.352018543072618e-05
20416.0,2.88752,1.458683149997211,0.7563188116463823,47.70327429504301,118.66385714322548,-3.3536692184831735e-05
20424.0,2.8872799999999996,1.4584147903269367,0.7562170683428405,47.70578689358973,118.65846424280052,-3.355323059698076e-05
20432.0,2.88704,1.4581462982225306,0.7561152272809677,47.7083018128663,118.6530672189835,-3.356980076217752e-05
20440.0,2.8868,1.4578776734296477,0.7560132882743081,47.71081905723481,118.6476660647113,-3.358640277764052e-05
20448.0,2.88656,1.4576089156930288,0.7559112511357854,47.71333863107104,118.64226077290006,-3.36030367401843e-05
20456.0,2.88632,1.4573400247566164,0.7558091156777466,47.71586053876407,118.63685133644498,-3.36197027468547e-05
20464.0,2.8860799999999998,1.4570710003635785,0.7557068817119672,47.71838478471639,118.63143774821943,-3.363640089524648e-05
20472.0,2.88584,1.4568018422564541,0.7556045490497084,47.7209113733436,118.62602000107753,-3.365313128430827e-05
20480.0,2.8856,1.4565325501768678,0.7555021175016055,47.72344030907449,118.62059808785231,-3.366989401250143e-05
20488.0,2.88536,1.4562631238657147,0.7553995868777371,47.72597159635188,118.6151720013544,-3.368668917929579e-05
20496.0,2.8851199999999997,1.4559935630631191,0.7552969569876096,47.72850523963185,118.60974173437364,-3.370351688462373e-05
20504.0,2.88488,1.4557238675084139,0.7551942276401465,47.7310412433837,118.60430727967979,-3.372037722880935e-05
20512.0,2.88464,1.4554540369400335,0.7550913986436478,47.73357961209127,118.59886863002026,-3.373727031217361e-05
20520.0,2.8844,1.45518407109573,0.7549884698058701,47.73612035025106,118.59342577812221,-3.375419623600896e-05
20528.0,2.88416,1.4549139697123512,0.7548854409339414,47.73866346237433,118.58797871669007,-3.3771155101647914e-05
20536.0,2.88392,1.4546437325259434,0.7547823118343988,47.74120895298598,118.58252743840703,-3.3788147010867085e-05
20544.0,2.88368,1.4543733592717707,0.7546790823131949,47.74375682662445,118.57707193593502,-3.3805172066013624e-05
20552.0,2.88344,1.4541028496842208,0.7545757521756601,47.74630708784333,118.57161220191156,-3.3822230369823236e-05
20560.0,2.8832,1.453832203496908,0.7544723212265417,47.7488597412091,118.56614822895472,-3.383932202544799e-05
20568.0,2.8829599999999997,1.4535614204425926,0.7543687892699708,47.751414791302885,118.56068000965962,-3.3856447136471684e-05
20576.0,2.88272,1.4532905002532135,0.7542651561094738,47.75397224271978,118.55520753659954,-3.3873605806922225e-05
20584.0,2.88248,1.4530194426598906,0.7541614215479723,47.75653210006887,118.54973080232594,-3.389079814131785e-05
20592.0,2.88224,1.45274824739287,0.7540575853877612,47.75909436797407,118.54424979936779,-3.390802424451605e-05
20600.0,2.8819999999999997,1.4524769141816065,0.7539536474305384,47.76165905107281,118.53876452023253,-3.392528422192632e-05
20608.0,2.88176,1.4522054427546702,0.7538496074773675,47.76422615401769,118.53327495740389,-3.394257817936527e-05
20616.0,2.88152,1.4519338328397955,0.7537454653286966,47.766795681475564,118.52778110334337,-3.395990622310897e-05
20624.0,2.88128,1.4516620841638856,0.753641220784357,47.76936763812739,118.52228295049062,-3.397726845993623e-05
20632.0,2.8810399999999996,1.4513901964529354,0.753536873643534,47.77194202866959,118.51678049126087,-3.399466499694038e-05
20640.0,2.8808,1.451118169432142,0.753432423704807,47.774518857812254,118.51127371804824,-3.4012095941834656e-05
20648.0,2.88056,1.450846002825796,0.7533278707661067,47.77709813028069,118.5057626232231,-3.4029561402637576e-05
20656.0,2.88032,1.4505736963573335,0.7532232146247337,47.77967985081479,118.50024719913314,-3.404706148784569e-05
20664.0,2.88008,1.4503012497493415,0.7531184550773595,47.78226402416899,118.49472743810331,-3.4064596306516824e-05
20672.0,2.8798399999999997,1.4500286627234846,0.7530135919199971,47.78485065511365,118.48920333243419,-3.408216596808505e-05
20680.0,2.8796,1.4497559350006077,0.7529086249480383,47.78743974843291,118.4836748744046,-3.409977058255495e-05
20688.0,2.87936,1.4494830663006317,0.7528035539562133,47.790031308926785,118.4781420562685,-3.411741026034131e-05
20696.0,2.87912,1.449210056342605,0.7526983787386089,47.792625341410215,118.4726048702566,-3.4135085112376976e-05
20704.0,2.87888,1.4489369048447076,0.7525930990886679,47.7952218507129,118.46706330857674,-3.4152795250100595e-05
20712.0,2.87864,1.4486636115241756,0.7524877147991603,47.79782084168064,118.46151736341163,-3.4170540785333214e-05
20720.0,2.8784,1.4483901760974087,0.7523822256622217,47.80042231917352,118.4559670269217,-3.418832183049725e-05
20728.0,2.87816,1.4481165982798618,0.7522766314693108,47.80302628806777,118.45041229124233,-3.420613849844378e-05
20736.0,2.87792,1.4478428777860972,0.7521709320112285,47.80563275325483,118.44485314848525,-3.422399090251734e-05
20744.0,2.87768,1.447569014329791,0.752065127078119,47.80824171964119,118.43928959073864,-3.424187915657745e-05
20752.0,2.87744,1.4472950076236546,0.751959216459437,47.8108531921494,118.43372161006573,-3.42598033747859e-05
20760.0,2.8771999999999998,1.447020857379545,0.7518531999439904,47.81346717571689,118.4281491985066,-3.4277763671985984e-05
20768.0,2.87696,1.4467465633083545,0.751747077319895,47.81608367529747,118.42257234807586,-3.4295760163437374e-05
20776.0,2.8767199999999997,1.446472125120064,0.7516408483745949,47.818702695860466,118.41699105076404,-3.4313792964893145e-05
20784.0,2.87648,1.4461975425237488,0.7515345128948621,47.8213242423907,118.41140529853752,-3.433186219269851e-05
20792.0,2.87624,1.445922815227496,0.7514280706667641,47.82394831989055,118.40581508333538,-3.4349967963781536e-05
20800.0,2.876,1.445647942938523,0.7513215214757077,47.826574933376705,118.40022039707448,-3.436811039557298e-05
20808.0,2.8757599999999996,1.445372925363057,0.7512148651063915,47.82920408788268,118.3946212316452,-3.438628960589527e-05
20816.0,2.87552,1.4450977622063939,0.7511081013428264,47.83183578845795,118.38901757891313,-3.440450571313517e-05
20824.0,2.87528,1.4448224531729048,0.7510012299683375,47.834470040167794,118.38340943071933,-3.4422758836265434e-05
20832.0,2.87504,1.4445469979659518,0.7508942507655298,47.83710684809413,118.37779677887939,-3.444104909449624e-05
20840.0,2.8748,1.4442713962880052,0.7507871635163319,47.83974621733447,118.37217961518427,-3.445937660781187e-05
20848.0,2.87456,1.443995647840527,0.7506799680019489,47.84238815300364,118.36655793139823,-3.447774149665609e-05
20856.0,2.87432,1.4437197523240266,0.7505726640028844,47.84503266023266,118.36093171926036,-3.449614388201855e-05
20864.0,2.87408,1.4434437094380672,0.7504652512989388,47.84767974416865,118.35530097048468,-3.4514583885462503e-05
20872.0,2.87384,1.4431675188811806,0.7503577296691771,47.85032940997692,118.34966567675647,-3.453306162914024e-05
20880.0,2.8735999999999997,1.4428911803509876,0.7502500988919727,47.85298166283793,118.34402582973786,-3.455157723576222e-05
20888.0,2.87336,1.4426146935440767,0.7501423587449594,47.855636507949534,118.33838142106387,-3.4570130828430625e-05
20896.0,2.87312,1.442338058156062,0.7500345090050522,47.85829395052623,118.33273244234363,-3.4588722530821186e-05
20904.0,2.87288,1.4420612738815919,0.7499265494484489,47.86095399579917,118.3270788851604,-3.4607352467266564e-05
20912.0,2.8726399999999996,1.4417843404142587,0.749818479850594,47.86361664901722,118.32142074107031,-3.462602076243554e-05
20920.0,2.8724,1.4415072574467247,0.7497102999862256,47.86628191544523,118.31575800160434,-3.4644727541733987e-05
20928.0,2.87216,1.4412300246705971,0.7496020096293254,47.86894980036597,118.31009065826548,-3.4663472931008764e-05
20936.0,2.87192,1.440952641776488,0.7494936085531406,47.871620309079155,118.30441870253048,-3.468225705667417e-05
20944.0,2.87168,1.4406751084540206,0.7493850965301846,47.874293446901376,118.29874212584994,-3.4701080045761325e-05
20952.0,2.8714399999999998,1.440397424391741,0.749276473332201,47.87696921916793,118.29306091964544,-3.4719942025862593e-05
20960.0,2.8712,1.4401195892772427,0.7491677387302108,47.87964763123007,118.2873750753137,-3.473884312516865e-05
20968.0,2.87096,1.4398416027970398,0.7490588924944609,47.882328688457854,118.28168458422238,-3.475778347248079e-05
20976.0,2.87072,1.439563464636628,0.7489499343944469,47.88501239623877,118.27598943771203,-3.4776763197207845e-05
20984.0,2.8704799999999997,1.4392851744804938,0.7488408641989144,47.887698759977425,118.27028962709659,-3.4795782429347666e-05
20992.0,2.87024,1.4390067320120166,0.7487316816758197,47.89038778509705,118.26458514366092,-3.481484129930829e-05
21000.0,2.87,1.4387281369136056,0.7486223865923813,47.89307947703778,118.25887597866378,-3.483393993830883e-05
21008.0,2.86976,1.4384493888665653,0.7485129787150259,47.895773841258126,118.25316212333541,-3.4853078477935386e-05
21016.0,2.86952,1.4381704875511587,0.7484034578094112,47.89847088323429,118.24744356887857,-3.487225705035383e-05
21024.0,2.86928,1.4378914326466161,0.748293823640428,47.90117060846032,118.24172030646831,-3.4891475788467125e-05
21032.0,2.86904,1.4376122238310394,0.7481840759721607,47.90387302244974,118.23599232724976,-3.491073482569323e-05
21040.0,2.8688,1.4373328607815357,0.7480742145679388,47.90657813073269,118.23025962234202,-3.4930034296116246e-05
21048.0,2.86856,1.4370533431740826,0.7479642391902809,47.909285938858915,118.22452218283372,-3.494937433440623e-05
21056.0,2.8683199999999998,1.4367736706835936,0.7478541496009201,47.911996452396295,118.21877999978531,-3.496875507586853e-05
21064.0,2.86808,1.4364938429839254,0.7477439455608044,47.914709676930734,118.21303306422942,-3.498817665647463e-05
21072.0,2.8678399999999997,1.4362138597477778,0.747633626830056,47.91742561806801,118.20728136716791,-3.5007639212717187e-05
21080.0,2.8676,1.4359337206468357,0.7475231931680251,47.920144281431206,118.20152489957569,-3.5027142881856786e-05
21088.0,2.8673599999999997,1.4356534253516264,0.7474126443332324,47.922865672662894,118.19576365239749,-3.5046687801601165e-05
21096.0,2.86712,1.4353729735315892,0.7473019800833943,47.925589797424195,118.18999761654925,-3.506627411029645e-05
21104.0,2.86688,1.435092364855082,0.7471912001754243,47.92831666139487,118.18422678291802,-3.508590194703509e-05
21112.0,2.86664,1.43481159898928,0.7470803043653909,47.93104627027502,118.17845114235944,-3.5105571451461546e-05
21120.0,2.8663999999999996,1.434530675600319,0.7469692924085722,47.93377862978227,118.17267068570189,-3.5125282763945024e-05
21128.0,2.86616,1.4342495943531528,0.7468581640593986,47.936513745654445,118.16688540374233,-3.514503602539132e-05
21136.0,2.86592,1.4339683549116198,0.7467469190714766,47.93925162364839,118.16109528724827,-3.5164831377378546e-05
21144.0,2.8656800000000002,1.4336869569384538,0.7466355571975914,47.94199226953987,118.15530032695797,-3.518466896222187e-05
21152.0,2.86544,1.4334054000951777,0.7465240781896635,47.94473568912536,118.14950051357776,-3.520454892274532e-05
21160.0,2.8651999999999997,1.4331236840422517,0.7464124817988047,47.94748188821943,118.14369583778577,-3.5224471402596334e-05
21168.0,2.86496,1.432841808438925,0.7463007677752586,47.95023087265729,118.13788629022815,-3.524443654594663e-05
21176.0,2.86472,1.4325597729433073,0.7461889358684263,47.95298264829361,118.13207186152094,-3.526444449766797e-05
21184.0,2.86448,1.432277577212377,0.746076985826868,47.955737221002416,118.1262525422502,-3.528449540337844e-05
21192.0,2.8642399999999997,1.4319952209018734,0.7459649173982585,47.95849459667895,118.12042832296915,-3.53045894092389e-05
21200.0,2.864,1.4317127036664485,0.7458527303294458,47.96125478123697,118.11459919420233,-3.532472666223363e-05
21208.0,2.86376,1.4314300251595151,0.7457404243663881,47.96401778061145,118.10876514644136,-3.5344907309948275e-05
21216.0,2.86352,1.4311471850333193,0.7456279992541819,47.96678360075732,118.10292617014701,-3.536513150066546e-05
21224.0,2.86328,1.4308641829389495,0.7455154547370627,47.96955224764924,118.0970822557495,-3.538539938342645e-05
21232.0,2.86304,1.4305810185262255,0.7454027905583593,47.972323727283595,118.09123339364542,-3.540571110783689e-05
21240.0,2.8628,1.430297691443855,0.7452900064605545,47.97509804567575,118.08537957420198,-3.5426066824350506e-05
21248.0,2.8625599999999998,1.4300142013392765,0.7451771021852203,47.977875208862706,118.07952078775295,-3.544646668400079e-05
21256.0,2.86232,1.4297305478587345,0.7450640774730456,47.98065522290182,118.07365702460055,-3.5466910838555243e-05
21264.0,2.8620799999999997,1.4294467306472893,0.7449509320638389,47.98343809387074,118.06778827501563,-3.548739944056467e-05
21272.0,2.86184,1.429162749348702,0.7448376656964799,47.986223827869246,118.0619145292348,-3.5507932643125744e-05
21280.0,2.8616,1.428878603605596,0.7447242781089826,47.98901243101658,118.05603577746457,-3.552851060024182e-05
21288.0,2.86136,1.4285942930592952,0.7446107690384277,47.99180390945419,118.05015200987705,-3.554913346651145e-05
21296.0,2.8611199999999997,1.4283098173499016,0.744497138220993,47.99459826934438,118.04426321661208,-3.556980139729493e-05
21304.0,2.86088,1.428025176116305,0.7443833853919536,47.99739551687018,118.03836938777744,-3.559051454873896e-05
21312.0,2.86064,1.4277403689960644,0.7442695102856343,48.00019565823748,118.03247051344573,-3.561127307763787e-05
21320.0,2.8604,1.4274553956255756,0.7441555126354731,48.00299869967196,118.02656658365879,-3.5632077141652584e-05
21328.0,2.86016,1.4271702556399022,0.7440413921739523,48.00580464742193,118.02065758842348,-3.5652926899029965e-05
21336.0,2.85992,1.4268849486728583,0.7439271486326297,48.00861350775703,118.01474351771358,-3.567382250880639e-05
21344.0,2.85968,1.426599474357016,0.7438127817421388,48.011425286968205,118.00882436147012,-3.569476413084163e-05
21352.0,2.8594399999999998,1.4263138323235862,0.7436982912321398,48.0142399913696,118.00290010959834,-3.5715751925615345e-05
21360.0,2.8592,1.4260280222025876,0.7435836768313849,48.01705762729571,117.99697075197194,-3.5736786054507697e-05
21368.0,2.8589599999999997,1.4257420436226755,0.7434689382676475,48.01987820110469,117.99103627842804,-3.575786667964826e-05
21376.0,2.85872,1.4254558962112254,0.7433540752677534,48.02270171917661,117.98509667876988,-3.577899396400544e-05
21384.0,2.85848,1.425169579594341,0.7432390875575828,48.02552818791307,117.9791519427674,-3.5800168071315535e-05
21392.0,2.85824,1.4248830933967307,0.7431239748620176,48.02835761373932,117.9732020601539,-3.5821389165873065e-05
21400.0,2.8579999999999997,1.4245964372418827,0.7430087369050101,48.03119000310174,117.96724702063003,-3.584265741304882e-05
21408.0,2.85776,1.4243096107518896,0.7428933734095104,48.03402536247027,117.96128681386034,-3.5863972978762547e-05
21416.0,2.85752,1.4240226135475325,0.7427778840974977,48.036863698337186,117.95532142947481,-3.588533602975125e-05
21424.0,2.85728,1.4237354452482909,0.7426622686899824,48.03970501721719,117.94935085706872,-3.590674673367711e-05
21432.0,2.8570399999999996,1.4234481054722152,0.7425465269069527,48.04254932564985,117.94337508619908,-3.592820525896095e-05
21440.0,2.8568,1.423160593836107,0.7424306584674444,48.04539663019564,117.93739410639058,-3.594971177489328e-05
21448.0,2.85656,1.4228729099553363,0.7423146630894661,48.048246937439814,117.93140790712945,-3.597126645155102e-05
21456.0,2.85632,1.4225850534439304,0.7421985404900319,48.05110025399061,117.92541647786638,-3.599286945984375e-05
21464.0,2.85608,1.4222970239145842,0.7420822903851635,48.05395658647896,117.91941980801712,-3.6014520971569234e-05
21472.0,2.8558399999999997,1.4220088209785264,0.741965912489834,48.05681594156033,117.91341788695976,-3.60362211590495e-05
21480.0,2.8556,1.4217204442457079,0.7418494065180423,48.059678325912515,117.90741070403762,-3.6057970195747644e-05
21488.0,2.85536,1.4214318933246137,0.7417327721827338,48.062543746238156,117.90139824855603,-3.607976825578057e-05
21496.0,2.85512,1.4211431678223536,0.7416160091958357,48.06541220926337,117.89538050978415,-3.610161551413175e-05
21504.0,2.85488,1.4208542673446716,0.7414991172682578,48.068283721737636,117.88935747695491,-3.6123512146712944e-05
21512.0,2.85464,1.4205651914958124,0.7413820961098366,48.071158290436294,117.8833291392612,-3.6145458330182225e-05
21520.0,2.8544,1.4202759398787104,0.7412649454294096,48.074035922156845,117.87729548586194,-3.616745424218452e-05
21528.0,2.85416,1.4199865120947972,0.7411476649347344,48.07691662372281,117.87125650587578,-3.6189500061178936e-05
21536.0,2.85392,1.4196969077440964,0.7410302543325252,48.07980040198184,117.86521218838423,-3.621159596655593e-05
21544.0,2.8536799999999998,1.4194071264252324,0.7409127133284544,48.08268726380542,117.85916252243203,-3.6233742138609535e-05
21552.0,2.85344,1.4191171677352898,0.7407950416270923,48.08557721609126,117.85310749702353,-3.62559387583308e-05
21560.0,2.8531999999999997,1.4188270312700135,0.7406772389319864,48.0884702657602,117.84704710112734,-3.6278186007851795e-05
21568.0,2.85296,1.4185367166236076,0.7405593049455773,48.091366419759154,117.84098132367198,-3.630048406997075e-05
21576.0,2.8527199999999997,1.4182462233888322,0.7404412393692359,48.094265685059746,117.8349101535479,-3.6322833128426486e-05
21584.0,2.85248,1.4179555511570148,0.7403230419032649,48.09716806865817,117.8288335796076,-3.6345233367960114e-05
21592.0,2.85224,1.417664699517906,0.7402047122468384,48.100073577577604,117.82275159066204,-3.636768497404056e-05
21600.0,2.852,1.4173736680598825,0.7400862500980815,48.10298221886463,117.81666417548605,-3.6390188133228474e-05
21608.0,2.8517599999999996,1.417082456369742,0.7399676551539845,48.10589399959311,117.81057132281259,-3.6412743032948e-05
21616.0,2.85152,1.4167910640328034,0.7398489271104419,48.10880892686216,117.80447302133551,-3.643534986154847e-05
21624.0,2.85128,1.4164994906329171,0.7397300656622525,48.111727007795956,117.79836925971019,-3.6458008808396926e-05
21632.0,2.8510400000000002,1.4162077357523157,0.7396110705030579,48.11464824954614,117.79226002654966,-3.6480720063535805e-05
21640.0,2.8508,1.4159157989718254,0.7394919413254245,48.11757265928863,117.78614531042953,-3.65034838182411e-05
21648.0,2.8505599999999998,1.4156236798706532,0.7393726778207556,48.12050024422707,117.7800250998829,-3.6526300264572154e-05
21656.0,2.85032,1.4153313780264896,0.7392532796793295,48.123431011591,117.77389938340292,-3.6549169595581324e-05
21664.0,2.85008,1.415038893015521,0.7391337465903031,48.12636496863577,117.76776814944303,-3.65720920053726e-05
21672.0,2.84984,1.4147462244122737,0.7390140782416444,48.12930212264531,117.76163138641255,-3.6595067688891904e-05
21680.0,2.8495999999999997,1.4144533717898333,0.7388942743202207,48.132242480928085,117.7554890826831,-3.661809684222312e-05
21688.0,2.84936,1.4141603347196248,0.7387743345117055,48.13518605082095,117.74934122658256,-3.66411796622828e-05
21696.0,2.84912,1.413867112771518,0.7386542585006188,48.1381328396874,117.74318780639777,-3.666431634699596e-05
21704.0,2.84888,1.4135737055138415,0.7385340459703306,48.14108285491735,117.73702881037495,-3.6687507095404e-05
21712.0,2.84864,1.413280112513221,0.7384136966029917,48.14403610392969,117.73086422671597,-3.6710752107273046e-05
21720.0,2.8484,1.4129863333348058,0.7382932100796242,48.1469925941687,117.72469404358341,-3.673405158366141e-05
21728.0,2.84816,1.4126923675420429,0.7381725860800256,48.14995233310754,117.71851824909548,-3.675740572637679e-05
21736.0,2.84792,1.4123982146967857,0.7380518242828111,48.15291532824662,117.71233683132849,-3.6780814738297034e-05
21744.0,2.84768,1.4121038743593064,0.7379309243654162,48.15588158711351,117.70614977831696,-3.680427882342562e-05
21752.0,2.8474399999999997,1.4118093460881322,0.7378098860040261,48.158851117266124,117.69995707804898,-3.682779818672821e-05
21760.0,2.8472,1.4115146294402767,0.7376887088736679,48.16182392628782,117.69375871847333,-3.685137303431464e-05
21768.0,2.84696,1.4112197239710063,0.7375673926481129,48.164800021792246,117.6875546874922,-3.687500357326617e-05
21776.0,2.84672,1.410924629233953,0.737445936999919,48.167779411421016,117.68134497296465,-3.689869001174961e-05
21784.0,2.8464799999999997,1.4106293447811282,0.737324341600434,48.17076210284349,117.67512956270727,-3.692243255908519e-05
21792.0,2.84624,1.41033387016275,0.737202606119722,48.17374810375959,117.66890844448974,-3.694623142539494e-05
21800.0,2.846,1.4100382049274864,0.7370807302266601,48.17673742189599,117.66268160604045,-3.6970086822188694e-05
21808.0,2.84576,1.409742348622213,0.7369587135888361,48.1797300650098,117.6564490350412,-3.699399896178118e-05
21816.0,2.84552,1.4094463007921283,0.7368365558725932,48.18272604088679,117.65021071912967,-3.701796805761585e-05
21824.0,2.84528,1.409150060980769,0.7367142567430331,48.18572535734137,117.64396664589961,-3.7041994324360505e-05
21832.0,2.84504,1.4088536287298334,0.7365918158639406,48.18872802221961,117.63771680289608,-3.706607797761737e-05
21840.0,2.8447999999999998,1.4085570035794293,0.7364692328978824,48.19173404339458,117.63146117762267,-3.7090219234277764e-05
21848.0,2.84456,1.4082601850678254,0.7363465075061022,48.19474342877081,117.62519975753467,-3.711441831214277e-05
21856.0,2.8443199999999997,1.4079631727315718,0.7362236393485672,48.19775618628222,117.61893253004217,-3.713867543017921e-05
21864.0,2.84408,1.4076659661055124,0.73610062808397,48.20077232389203,117.6126594825103,-3.716299080856899e-05
21872.0,2.84384,1.4073685647226064,0.7359774733696521,48.20379184959586,117.60638060225472,-3.71873646684716e-05
21880.0,2.8436,1.4070709681141809,0.7358541748617053,48.20681477141713,117.60009587654817,-3.7211797232385e-05
21888.0,2.8433599999999997,1.4067731758096755,0.735730732214863,48.20984109741184,117.59380529261347,-3.7236288723824844e-05
21896.0,2.84312,1.4064751873367665,0.7356071450825482,48.21287083566622,117.58750883762708,-3.726083936752494e-05
21904.0,2.84288,1.4061770022213804,0.7354834131168767,48.21590399429644,117.58120649871945,-3.7285449389468095e-05
21912.0,2.84264,1.4058786199875064,0.7353595359685756,48.21894058145202,117.57489826296977,-3.7310119016620906e-05
21920.0,2.8423999999999996,1.4055800401574619,0.7352355132870907,48.2219806053111,117.56858411741337,-3.733484847737784e-05
21928.0,2.84216,1.4052812622516255,0.7351113447204726,48.22502407408481,117.56226404903502,-3.7359638001067795e-05
21936.0,2.84192,1.4049822857885665,0.7349870299154266,48.22807099601527,117.55593804477192,-3.738448781826251e-05
21944.0,2.84168,1.404683110285059,0.7348625685173167,48.23112137937548,117.5496060915139,-3.740939816085056e-05
21952.0,2.84144,1.4043837352558894,0.7347379601700811,48.234175232472424,117.5432681760989,-3.743436926169507e-05
21960.0,2.8411999999999997,1.404084160214128,0.7346132045163427,48.23723256364244,117.53692428531966,-3.745940135510859e-05
21968.0,2.84096,1.4037843846708569,0.7344883011972922,48.24029338125613,117.53057440591645,-3.748449467649234e-05
21976.0,2.84072,1.4034844081353,0.7343632498527396,48.2433576937159,117.52421852458083,-3.750964946252427e-05
21984.0,2.84048,1.4031842301148396,0.7342380501211171,48.246425509455676,117.51785662795594,-3.7534865951196115e-05
21992.0,2.84024,1.4028838501148166,0.7341127016393929,48.24949683694461,117.51148870263097,-3.7560144381594394e-05
22000.0,2.84,1.4025832676388121,0.7339872040431854,48.2525716846819,117.50511473514909,-3.758548499428594e-05
22008.0,2.83976,1.4022824821883637,0.7338615569666413,48.255650061201855,117.49873471199967,-3.76108880309293e-05
22016.0,2.83952,1.401981493263102,0.7337357600424894,48.25873197507152,117.49234861962196,-3.763635373452762e-05
22024.0,2.83928,1.4016803003607679,0.7336098129020442,48.261817434890325,117.48595644440555,-3.7661882349440986e-05
22032.0,2.83904,1.4013789029770043,0.7334837151751159,48.26490644929356,117.47955817268513,-3.768747412107803e-05
22040.0,2.8388,1.4010773006056492,0.7333574664901289,48.267999026947585,117.47315379074779,-3.7713129296435615e-05
22048.0,2.8385599999999998,1.4007754927384413,0.7332310664739959,48.27109517655474,117.46674328482557,-3.773884812361467e-05
22056.0,2.83832,1.4004734788651625,0.7331045147521735,48.27419490685091,117.46032664109913,-3.776463085208539e-05
22064.0,2.8380799999999997,1.4001712584736539,0.7329778109486658,48.27729822660529,117.45390384569815,-3.779047773275818e-05
22072.0,2.83784,1.3998688310496028,0.7328509546859315,48.280405144624005,117.44747488469574,-3.781638901761358e-05
22080.0,2.8376,1.399566196076843,0.7327239455850063,48.283515669744965,117.44103974411635,-3.784236496026969e-05
22088.0,2.83736,1.3992633530370533,0.7325967832653728,48.28662981084307,117.4345984099279,-3.786840581549495e-05
22096.0,2.8371199999999996,1.3989603014099024,0.7324694673450178,48.28974757682767,117.42815086804553,-3.789451183946407e-05
22104.0,2.83688,1.3986570406730667,0.7323419974404365,48.29286897664233,117.42169710433204,-3.792068328982589e-05
22112.0,2.83664,1.3983535703020096,0.7322143731665355,48.29599401926872,117.41523710459211,-3.794692042541656e-05
22120.0,2.8364,1.3980498897702922,0.7320865941367602,48.299122713721026,117.40877085458051,-3.797322350670676e-05
22128.0,2.83616,1.3977459985492608,0.7319586599629602,48.302255069051505,117.40229833999376,-3.799959279536987e-05
22136.0,2.8359199999999998,1.397441896108198,0.7318305702554477,48.305391094347826,117.39581954647424,-3.8026028554541095e-05
22144.0,2.83568,1.39713758191434,0.7317023246230028,48.30853079873275,117.38933445961068,-3.8052531048879093e-05
22152.0,2.83544,1.3968330554326494,0.7315739226727731,48.31167419136783,117.38284306493257,-3.8079100544152755e-05
22160.0,2.8352,1.3965283161261355,0.7314453640104052,48.31482128144831,117.3763453479178,-3.810573730791041e-05
22168.0,2.8349599999999997,1.3962233634555323,0.7313166482399047,48.31797207820873,117.36984129398434,-3.8132441608992565e-05
22176.0,2.83472,1.3959181968794538,0.7311877749636989,48.321126590920024,117.36333088849449,-3.8159213717747775e-05
22184.0,2.83448,1.3956128158544117,0.7310587437826395,48.32428482888909,117.35681411675556,-3.818605390607891e-05
22192.0,2.83424,1.3953072198345804,0.7309295542958999,48.32744680146309,117.35029096401335,-3.8212962447134765e-05
22200.0,2.8339999999999996,1.3950014082721294,0.730800206101112,48.3306125180236,117.34376141546105,-3.8239939615865147e-05
22208.0,2.83376,1.3946953806168882,0.7306706987942201,48.333781987992225,117.33722545623066,-3.826698568842262e-05
22216.0,2.83352,1.3943891363165093,0.7305410319695463,48.336955220827996,117.33068307139702,-3.829410094256339e-05
22224.0,2.83328,1.3940826748164845,0.7304112052197935,48.340132226027066,117.32413424597827,-3.8321285657684343e-05
22232.0,2.83304,1.3937759955599047,0.7302812181359395,48.34331301312676,117.31757896492995,-3.8348540114394344e-05
22240.0,2.8327999999999998,1.3934690979878,0.730151070307377,48.346497591699794,117.31101721315326,-3.837586459518655e-05
22248.0,2.83256,1.3931619815387968,0.7300207613217647,48.34968597136026,117.30444897548637,-3.840325938388024e-05
22256.0,2.83232,1.3928546456492839,0.7298902907650933,48.352878161760685,117.29787423670874,-3.8430724765922993e-05
22264.0,2.83208,1.3925470897534307,0.7297596582216892,48.356074172591626,117.29129298154174,-3.8458261028415405e-05
22272.0,2.8318399999999997,1.3922393132829374,0.7296288632741044,48.359274013585946,117.2847051946423,-3.84858684597379e-05
22280.0,2.8316,1.391931315667389,0.7294979055032627,48.36247769451294,117.2781108606116,-3.8513547350213814e-05
22288.0,2.83136,1.3916230963338971,0.7293667844883036,48.36568522518456,117.27150996398592,-3.854129799157274e-05
22296.0,2.83112,1.3913146547072752,0.729235499806652,48.368896615452286,117.26490248924124,-3.856912067724045e-05
22304.0,2.83088,1.3910059902100553,0.729104051034022,48.37211187520669,117.25828842079379,-3.8597015702341984e-05
22312.0,2.83064,1.3906971022622285,0.7289724377443012,48.3753310143822,117.25166774299296,-3.862498336342409e-05
22320.0,2.8304,1.3903879902816145,0.7288406595097046,48.37855404295051,117.2450404401313,-3.865302395899797e-05
22328.0,2.83016,1.3900786536834882,0.7287087159006108,48.381780970926876,117.23840649643489,-3.868113778891945e-05
22336.0,2.82992,1.3897690918807615,0.7285766064856355,48.38501180836721,117.23176589606784,-3.870932515482687e-05
22344.0,2.8296799999999998,1.3894593042840022,0.7284443308316348,48.388246565367766,117.22511862313272,-3.873758636015961e-05
22352.0,2.82944,1.3891492903011653,0.7283118885035865,48.39148525206972,117.218464661664,-3.876592170975715e-05
22360.0,2.8291999999999997,1.3888390493379725,0.7281792790647474,48.39472787865257,117.21180399563742,-3.879433151050055e-05
22368.0,2.82896,1.3885285807975307,0.7280465020764866,48.3979744553408,117.20513660896019,-3.882281607074193e-05
22376.0,2.8287199999999997,1.3882178840805162,0.7279135570983587,48.4012249924007,117.1984624854758,-3.885137570062825e-05
22384.0,2.82848,1.3879069585851955,0.7277804436881091,48.404479500139935,117.19178160896473,-3.888001071217537e-05
22392.0,2.82824,1.3875958037071472,0.72764716140155,48.40773798891252,117.18509396313706,-3.8908721418879415e-05
22400.0,2.828,1.3872844188396551,0.7275137097927245,48.41100046911182,117.17839953164271,-3.8937508136324376e-05
22408.0,2.8277599999999996,1.3869728033733126,0.7273800884137319,48.41426695117757,117.17169829806113,-3.896637118164545e-05
22416.0,2.82752,1.386660956696213,0.7272462968148058,48.41753744559249,117.16499024590631,-3.8995310873834394e-05
22424.0,2.82728,1.3863488781939721,0.7271123345443181,48.4208119628819,117.15827535862731,-3.902432753381658e-05
22432.0,2.82704,1.3860365672494395,0.7269782011486505,48.424090513618836,117.15155361960055,-3.905342148406247e-05
22440.0,2.8268,1.3857240232431058,0.7268438961723657,48.427373108416816,117.14482501214081,-3.908259304921052e-05
22448.0,2.8265599999999997,1.3854112455526932,0.7267094191580251,48.43065975793685,117.13808951949072,-3.911184255543191e-05
22456.0,2.82632,1.3850982335533526,0.7265747696462704,48.433950472884185,117.13134712482557,-3.914117033083148e-05
22464.0,2.82608,1.384784986617687,0.7264399471758279,48.43724526400796,117.12459781125376,-3.91705767055433e-05
22472.0,2.82584,1.3844715041154523,0.7263049512833754,48.44054414210656,117.11784156180909,-3.9200062011311244e-05
22480.0,2.8255999999999997,1.3841577854139795,0.7261697815037184,48.44384711801983,117.11107835946203,-3.922962658210275e-05
22488.0,2.82536,1.3838438298777496,0.7260344373696027,48.447154202636796,117.10430818710829,-3.925927075354749e-05
22496.0,2.82512,1.383529636868599,0.7258989184117984,48.45046540689201,117.09753102757433,-3.928899486325811e-05
22504.0,2.82488,1.3832152057457427,0.725763224159104,48.45378074176507,117.09074686361811,-3.9318799250941274e-05
22512.0,2.82464,1.382900535865465,0.7256273541382081,48.45710021828599,117.08395567792114,-3.934868425788262e-05
22520.0,2.8244,1.3825856265815566,0.7254913078738741,48.46042384752772,117.07715745309939,-3.9378650227751675e-05
22528.0,2.82416,1.3822704772448744,0.7253550848887433,48.46375164061369,117.07035217169236,-3.940869750588025e-05
22536.0,2.8239199999999998,1.3819550872035542,0.7252186847034237,48.46708360871412,117.06353981616842,-3.943882643968178e-05
22544.0,2.82368,1.3816394558030354,0.7250821068364937,48.47041976304572,117.05672036892518,-3.9469037378716175e-05
22552.0,2.8234399999999997,1.3813235823857384,0.7249453508043585,48.473760114877514,117.04989381228093,-3.9499330674328904e-05
22560.0,2.8232,1.3810074662915204,0.724808416121442,48.47710467552238,117.04306012848723,-3.952970668022471e-05
22568.0,2.8229599999999997,1.3806911068572163,0.7246713022999826,48.480453456345266,117.03621929971655,-3.956016575186306e-05
22576.0,2.82272,1.3803745034168613,0.724534008850124,48.4838064687594,117.0293713080681,-3.9590708246886904e-05
22584.0,2.8224799999999997,1.3800576553017152,0.7243965352799215,48.48716372422576,117.02251613556845,-3.962133452513802e-05
22592.0,2.82224,1.3797405618399297,0.7242588810951913,48.490525234258655,117.01565376416355,-3.965204494815127e-05
22600.0,2.822,1.379423222357018,0.7241210457997094,48.49389101041796,117.00878417572982,-3.9682839880018144e-05
22608.0,2.82176,1.3791056361753828,0.723983028895001,48.49726106431726,117.00190735206242,-3.9713719686698986e-05
22616.0,2.82152,1.3787878026145441,0.7238448298804343,48.50063540761976,116.99502327488116,-3.974468473636842e-05
22624.0,2.82128,1.3784697209911652,0.7237064482532262,48.504014052037846,116.98813192583114,-3.977573539947704e-05
22632.0,2.82104,1.378151390618707,0.7235678835082863,48.507397009339506,116.98123328647326,-3.98068720484368e-05
22640.0,2.8208,1.3778328108079168,0.7234291351384239,48.51078429133917,116.97432733829778,-3.983809505815462e-05
22648.0,2.82056,1.3775139808663364,0.723290202634129,48.51417590990647,116.96741406271134,-3.986940480545561e-05
22656.0,2.8203199999999997,1.3771949000985393,0.7231510854836691,48.517571876962194,116.9604934410429,-3.990080166944699e-05
22664.0,2.82008,1.3768755678061584,0.7230117831730958,48.52097220447783,116.95356545454455,-3.9932286031644594e-05
22672.0,2.81984,1.376555983287528,0.7228722951860833,48.5243769044815,116.94663008438286,-3.9963858275396083e-05
22680.0,2.8196,1.3762361458381893,0.7227326210041428,48.527785989049576,116.93968731165093,-3.999551878678151e-05
22688.0,2.8193599999999996,1.3759160547503806,0.7225927601063944,48.53119947031561,116.93273711735534,-4.002726795391018e-05
22696.0,2.81912,1.3755957093132847,0.7224527119696694,48.53461736046582,116.92577948242294,-4.0059106167275286e-05
22704.0,2.81888,1.375275108813056,0.7223124760685159,48.53803967173851,116.91881438770152,-4.009103381984026e-05
22712.0,2.81864,1.3749542525324485,0.7221720518750304,48.54146641643061,116.91184181394992,-4.012305130651144e-05
22720.0,2.8184,1.3746331397513425,0.7220314388590823,48.54489760688867,116.90486174185187,-4.0155159025016975e-05
22728.0,2.8181599999999998,1.3743117697462137,0.7218906364880755,48.54833325551801,116.89787415200239,-4.01873573751605e-05
22736.0,2.81792,1.37399014179039,0.7217496442270548,48.551773374778215,116.89087902491417,-4.0219646759194326e-05
22744.0,2.8176799999999997,1.3736682551540806,0.7216084615387126,48.55521797718267,116.8838763410184,-4.0252027581982874e-05
22752.0,2.81744,1.3733461091039896,0.721467087883213,48.558667075305294,116.87686608065472,-4.028450025041671e-05
22760.0,2.8171999999999997,1.3730237029038614,0.7213255227184258,48.562120681771006,116.86984822408552,-4.031706517430073e-05
22768.0,2.81696,1.3727010358139327,0.7211837654996782,48.56557880926515,116.86282275148163,-4.034972276553386e-05
22776.0,2.81672,1.3723781070911956,0.7210418156798659,48.569041470529015,116.85578964292925,-4.038247343857468e-05
22784.0,2.81648,1.3720549159894306,0.7208996727094599,48.572508678359384,116.84874887843061,-4.041531761059875e-05
22792.0,2.81624,1.3717314617588043,0.7207573360363237,48.5759804456156,116.84170043789372,-4.04482557009188e-05
22800.0,2.816,1.3714077436464358,0.7206148051059564,48.57945678520935,116.83464430114695,-4.048128813182666e-05
22808.0,2.81576,1.3710837608958264,0.7204720793612348,48.58293771011493,116.82758044792416,-4.051441532785311e-05
22816.0,2.81552,1.3707595127471357,0.7203291582425287,48.58642323336433,116.82050885787196,-4.054763771621506e-05
22824.0,2.81528,1.3704349984372128,0.7201860411877079,48.58991336804662,116.81342951055056,-4.0580955726889543e-05
22832.0,2.8150399999999998,1.3701102171991797,0.7200427276319523,48.593408127315335,116.80634238542294,-4.061436979207405e-05
22840.0,2.8148,1.3697851682630195,0.7198992170080044,48.59690752437813,116.79924746187005,-4.064788034708703e-05
22848.0,2.8145599999999997,1.3694598508549853,0.7197555087459019,48.600411572507014,116.79214471917572,-4.0681487829529063e-05
22856.0,2.81432,1.3691342641978843,0.7196116022730964,48.60392028503347,116.7850341365339,-4.0715192679773184e-05
22864.0,2.8140799999999997,1.3688084075111129,0.7194674970144621,48.607433675347885,116.77791569304942,-4.074899534107902e-05
22872.0,2.81384,1.3684822800102239,0.7193231923920979,48.610951756906886,116.77078936772736,-4.078289625893282e-05
22880.0,2.8136,1.3681558809075356,0.7191786878255892,48.61447454322297,116.76365513948807,-4.081689588210523e-05
22888.0,2.81336,1.3678292094115188,0.7190339827317307,48.61800204787548,116.75651298715128,-4.085099466184023e-05
22896.0,2.8131199999999996,1.3675022647270934,0.71888907652465,48.62153428450506,116.74936288944414,-4.088519305225913e-05
22904.0,2.81288,1.3671750460556613,0.7187439686158154,48.625071266812974,116.74220482500215,-4.091949151043458e-05
22912.0,2.81264,1.3668475525946588,0.7185986584138304,48.62861300856899,116.73503877235733,-4.0953890495810783e-05
22920.0,2.8124,1.3665197835381906,0.7184531453247078,48.632159523600556,116.72786470995469,-4.0988390471252074e-05
22928.0,2.81216,1.3661917380763895,0.7183074287515786,48.63571082580382,116.72068261613578,-4.102299190209608e-05
22936.0,2.8119199999999998,1.3658634153957268,0.7181615080948218,48.63926692913821,116.71349246914656,-4.1057695256702724e-05
22944.0,2.81168,1.3655348146790476,0.7180153827520739,48.64282784762577,116.70629424713844,-4.1092501006518965e-05
22952.0,2.81144,1.3652059351051034,0.7178690521180128,48.646393595359136,116.69908792815657,-4.112740962541883e-05
22960.0,2.8112,1.3648767758492115,0.7177225155846443,48.64996418649045,116.69187349015615,-4.116242159081981e-05
22968.0,2.8109599999999997,1.3645473360825922,0.7175757725409995,48.65353963524263,116.68465091098582,-4.1197537382702145e-05
22976.0,2.81072,1.3642176149726883,0.7174288223732694,48.65711995590388,116.67742016839576,-4.123275748417939e-05
22984.0,2.81048,1.3638876116832026,0.7172816644648146,48.660705162827085,116.67018124003859,-4.126808238156624e-05
22992.0,2.81024,1.363557325373613,0.7171342981959407,48.664295270438636,116.66293410345644,-4.130351256389744e-05
23000.0,2.81,1.3632267551998574,0.7169867229441966,48.66789029322578,116.65567873609943,-4.133904852374193e-05
23008.0,2.80976,1.3628959003136427,0.7168389380840589,48.67149024574902,116.64841511530743,-4.13746907563702e-05
23016.0,2.80952,1.3625647598627795,0.7166909429870724,48.675095142636266,116.64114321831865,-4.1410439760306314e-05
23024.0,2.8092799999999998,1.3622333329912206,0.7165427370218602,48.67870499858217,116.6338630222708,-4.144629603744201e-05
23032.0,2.80904,1.3619016188385558,0.7163943195538902,48.682319828356555,116.62657450418865,-4.148226009224413e-05
23040.0,2.8087999999999997,1.3615696165407243,0.7162456899457851,48.685939646792605,116.61927764100125,-4.15183324330252e-05
23048.0,2.80856,1.3612373252292986,0.7160968475569943,48.68956446879919,116.61197240952396,-4.155451357094423e-05
23056.0,2.8083199999999997,1.36090474403183,0.7159477917439404,48.69319430935475,116.60465878646741,-4.159080402050942e-05
23064.0,2.80808,1.360571872071889,0.7157985218600293,48.69682918350652,116.59733674843861,-4.16272042996984e-05
23072.0,2.8078399999999997,1.3602387084685394,0.7156490372554066,48.70046910637999,116.59000627192698,-4.1663714929350717e-05
23080.0,2.8076,1.3599052523370823,0.7154993372772815,48.70411409316562,116.58266733332403,-4.170033643418244e-05
23088.0,2.80736,1.359571502788306,0.7153494212695843,48.70776415913189,116.57531990890384,-4.173706934181164e-05
23096.0,2.80712,1.3592374589288503,0.7151992885731192,48.71141931961912,116.56796397483247,-4.1773914183369014e-05
23104.0,2.80688,1.3589031198612447,0.7150489385255748,48.71507959003882,116.56059950716889,-4.181087149360891e-05
23112.0,2.80664,1.3585684846833663,0.7148983704612708,48.718744985883134,116.55322648185138,-4.184794181021233e-05
23120.0,2.8064,1.3582335524892069,0.7147475837114948,48.72241552271136,116.54584487471675,-4.1885125674921854e-05
23128.0,2.8061599999999998,1.3578983223680992,0.7145965776041457,48.72609121616374,116.53845466148034,-4.192242363258251e-05
23136.0,2.80592,1.357562793405091,0.714445351463893,48.72977208195474,116.53105581774597,-4.195983623168457e-05
23144.0,2.8056799999999997,1.3572269646809887,0.7142939046121881,48.73345813587222,116.52364831900707,-4.199736402447455e-05
23152.0,2.80544,1.3568908352717888,0.7141422363669986,48.73714939378744,116.51623214063184,-4.203500756624592e-05
23160.0,2.8052,1.3565544042494804,0.7139903460431619,48.740845871641085,116.50880725788413,-4.207276741653875e-05
23168.0,2.80496,1.3562176706812372,0.7138382329520114,48.74454758545732,116.50137364590255,-4.2110644138081905e-05
23176.0,2.8047199999999997,1.3558806336298082,0.7136858964015438,48.748254551337,116.49393127971054,-4.2148638297388276e-05
23184.0,2.80448,1.3555432921535617,0.71353333569643,48.75196678545689,116.48648013421747,-4.218675046489354e-05
23192.0,2.80424,1.3552056453058954,0.7133805501377387,48.75568430408009,116.47902018420345,-4.2224981214253024e-05
23200.0,2.804,1.35486769213607,0.7132275390233053,48.75940712354127,116.47155140434083,-4.2263331123507416e-05
23208.0,2.8037599999999996,1.3545294316883707,0.713074301647342,48.763135260261066,116.46407376917314,-4.2301800773898566e-05
23216.0,2.80352,1.3541908630025112,0.7129208373006118,48.76686873073931,116.45658725312501,-4.2340390750621954e-05
23224.0,2.80328,1.353851985113682,0.7127671452704413,48.77060755155444,116.44909183050311,-4.2379101643002455e-05
23232.0,2.8030399999999998,1.3535127970519347,0.7126132248404309,48.77435173937444,116.44158747548023,-4.241793404377889e-05
23240.0,2.8028,1.3531732978430506,0.7124590752908404,48.77810131094082,116.43407416211848,-4.245688855014948e-05
23248.0,2.8025599999999997,1.3528334865076659,0.7123046958981818,48.78185628308473,116.4265518643458,-4.249596576284665e-05
23256.0,2.80232,1.352493362061694,0.712150085935401,48.785616672719215,116.41902055596732,-4.253516628671991e-05
23264.0,2.80208,1.3521529235163752,0.711995244671891,48.789382496838314,116.41148021066672,-4.257449073084995e-05
23272.0,2.80184,1.3518121698776342,0.7118401713731896,48.79315377252823,116.40393080198974,-4.261393970775296e-05
23280.0,2.8016,1.3514711001469875,0.7116848653013821,48.79693051695173,116.39637230336714,-4.265351383472529e-05
23288.0,2.80136,1.3511297133206295,0.7115293257146758,48.800712747363974,116.3888046880916,-4.269321373269309e-05
23296.0,2.80112,1.3507880083898742,0.71137355186759,48.80450048110478,116.3812279293289,-4.273304002682912e-05
23304.0,2.80088,1.3504459843412064,0.7112175430109703,48.80829373559777,116.37364200011925,-4.27729933467501e-05
23312.0,2.80064,1.350103640155613,0.7110612983916724,48.812092528362065,116.36604687336009,-4.281307432567482e-05
23320.0,2.8004,1.349760974809527,0.710904817252983,48.81589687699572,116.35844252183043,-4.285328360177797e-05
23328.0,2.80016,1.3494179872738763,0.7107480988341747,48.819706799192645,116.35082891816609,-4.2893621817033686e-05
23336.0,2.7999199999999997,1.3490746765145445,0.7105911423707059,48.82352231273431,116.34320603487186,-4.2934089617903247e-05
23344.0,2.79968,1.3487310414924223,0.7104339470942341,48.827343435488785,116.33557384432274,-4.2974687655393686e-05
23352.0,2.7994399999999997,1.3483870811627119,0.7102765122322868,48.83117018542299,116.32793231874619,-4.30154165843207e-05
23360.0,2.7992,1.348042794475911,0.7101188370087006,48.835002580585524,116.32028143024716,-4.3056277064650196e-05
23368.0,2.7989599999999997,1.3476981803768215,0.7099609206431571,48.83884063912384,116.31262115078307,-4.309726976023695e-05
23376.0,2.79872,1.3473532378050286,0.7098027623513906,48.84268437927596,116.30495145217586,-4.3138395339589434e-05
23384.0,2.7984799999999996,1.3470079656949556,0.709644361345203,48.84653381936965,116.29727230611317,-4.31796544760178e-05
23392.0,2.79824,1.3466623629751393,0.7094857168321199,48.85038897783535,116.2895836841297,-4.322104784687222e-05
23400.0,2.798,1.3463164285692537,0.7093268280158487,48.85424987318761,116.281885557634,-4.326257613478256e-05
23408.0,2.79776,1.3459701613950772,0.7091676940957936,48.85811652404393,116.27417789788107,-4.330424002659755e-05
23416.0,2.79752,1.345623560364993,0.7090083142672743,48.86198894911563,116.26646067598568,-4.334604021402313e-05
23424.0,2.7972799999999998,1.3452766243860454,0.7088486877215391,48.865867167206666,116.25873386292417,-4.338797739373352e-05
23432.0,2.79704,1.3449293523591823,0.7086888136454066,48.86975119722685,116.25099742951507,-4.343005226646447e-05
23440.0,2.7968,1.3445817431803266,0.7085286912217454,48.87364105817356,116.2432513464458,-4.347226553862315e-05
23448.0,2.79656,1.3442337957392974,0.708368319628967,48.87753676915015,116.23549558424601,-4.351461792082937e-05
23456.0,2.7963199999999997,1.3438855089203312,0.7082076980412525,48.88143834935698,116.22773011330042,-4.355711012876376e-05
23464.0,2.79608,1.3435368816021416,0.7080468256285695,48.885345818090535,116.21995490385022,-4.359974288332186e-05
23472.0,2.79584,1.3431879126571313,0.7078857015562958,48.88925919475726,116.21216992597301,-4.364251690975688e-05
23480.0,2.7956,1.3428386009525057,0.7077243249857212,48.89317849885372,116.20437514961148,-4.368543293908283e-05
23488.0,2.7953599999999996,1.3424889453491498,0.7075626950735168,48.89710374998691,116.19657054454407,-4.372849170689647e-05
23496.0,2.79512,1.342138944702171,0.707400810971973,48.90103496786432,116.18875608039933,-4.377169395405889e-05
23504.0,2.79488,1.3417885978609627,0.7072386718290169,48.90497217229274,116.18093172665756,-4.3815040426865075e-05
23512.0,2.79464,1.3414379036683783,0.7070762767878171,48.90891538319284,116.17309745262952,-4.3858531876075605e-05
23520.0,2.7944,1.341086860961898,0.7069136249873115,48.912864620578844,116.16525322748628,-4.3902169058581933e-05
23528.0,2.7941599999999998,1.3407354685724524,0.7067507155616491,48.91681990457925,116.15739902022911,-4.394595273598164e-05
23536.0,2.79392,1.3403837253249924,0.706587547640442,48.920781255426654,116.14953479970409,-4.398988367540182e-05
23544.0,2.7936799999999997,1.3400316300385524,0.7064241203487808,48.92474869345659,116.1416605346038,-4.403396264961939e-05
23552.0,2.79344,1.339679181525391,0.7062604328068233,48.92872223912275,116.13377619344543,-4.407819043613278e-05
23560.0,2.7931999999999997,1.3393263785922074,0.7060964841303456,48.93270191297558,116.12588174460157,-4.4122567818805696e-05
23568.0,2.79296,1.3389732200389148,0.7059322734301596,48.93668773568338,116.11797715626965,-4.416709558626349e-05
23576.0,2.79272,1.3386197046592352,0.7057677998123751,48.94067972802224,116.11006239648655,-4.421177453287381e-05
23584.0,2.79248,1.3382658312407638,0.705603062378417,48.944677910875164,116.10213743313007,-4.42566054590057e-05
23592.0,2.79224,1.3379115985640753,0.705438060224595,48.9486823052481,116.0942022338958,-4.430158917004884e-05
23600.0,2.792,1.3375570054039891,0.7052727924426796,48.95269293224659,116.08625676633051,-4.434672647789085e-05
23608.0,2.79176,1.3372020505282922,0.7051072581192925,48.95670981309948,116.07830099779807,-4.4392018199677454e-05
23616.0,2.79152,1.3368467326983569,0.7049414563361811,48.960732969147436,116.07033489549607,-4.443746515858043e-05
23624.0,2.79128,1.3364910506692116,0.704775386170237,48.96476242184154,116.06235842645776,-4.4483068183924036e-05
23632.0,2.7910399999999997,1.3361350031886012,0.7046090466930434,48.96879819276001,116.05437155752752,-4.452882811018891e-05
23640.0,2.7908,1.3357785889983165,0.704442436971481,48.97284030358495,116.04637425539521,-4.4574745778806925e-05
23648.0,2.79056,1.3354218068328536,0.7042755560670881,48.976888776125485,116.03836648656244,-4.462082203648348e-05
23656.0,2.79032,1.3350646554200634,0.7041084030363485,48.98094363230662,116.03034821735852,-4.4667057736215275e-05
23664.0,2.7900799999999997,1.334707133481224,0.7039409769307112,48.98500489416804,116.02231941394234,-4.471345373746913e-05
23672.0,2.78984,1.3343492397300625,0.7037732767961177,48.98907258388092,116.01428004227816,-4.4760010905028594e-05
23680.0,2.7896,1.3339909728741381,0.7036053016736341,48.993146723724074,116.00623006816984,-4.480673011090292e-05
23688.0,2.78936,1.3336323316134475,0.7034370505987835,48.99722733610875,115.99816945722517,-4.48536122328036e-05
23696.0,2.7891199999999996,1.3332733146410998,0.7032685226018459,49.00131444356635,115.99009817487358,-4.490065815501401e-05
23704.0,2.78888,1.332913920643392,0.7030997167078793,49.00540806874701,115.9820161863682,-4.494786876852514e-05
23712.0,2.78864,1.3325541482987862,0.7029306319362233,49.009508234438435,115.97392345675865,-4.499524497016282e-05
23720.0,2.7883999999999998,1.3321939962793579,0.7027612673011641,49.01361496353931,115.96581995092946,-4.5042787664166685e-05
23728.0,2.78816,1.3318334632493327,0.7025916218112306,49.01772827908558,115.95770563356199,-4.5090497760682156e-05
23736.0,2.7879199999999997,1.3314725478657956,0.7024216944695124,49.02184820423792,115.94958046915261,-4.5138376176694856e-05
23744.0,2.78768,1.3311112487787715,0.7022514842736813,49.0259747622803,115.94144442201485,-4.5186423836305086e-05
23752.0,2.78744,1.3307495646301521,0.7020809902154701,49.03010797663846,115.93329745625279,-4.52346416694079e-05
23760.0,2.7872,1.330387494055212,0.7019102112813698,49.034247870853925,115.9251395357983,-4.528303061382719e-05
23768.0,2.78696,1.3300250356810814,0.7017391464518941,49.03839446861067,115.91697062437284,-4.533159161356092e-05
23776.0,2.78672,1.3296621881274844,0.70156779470191,49.04254779372202,115.90879068550623,-4.538032561976799e-05
23784.0,2.78648,1.3292989500068237,0.7013961550006621,49.04670787012924,115.90059968253878,-4.542923359099338e-05
23792.0,2.78624,1.3289353199230591,0.7012242263112248,49.05087472192203,115.89239757859171,-4.547831649220593e-05
23800.0,2.786,1.328571296473293,0.7010520075912353,49.05504837330926,115.88418433660924,-4.552757529639585e-05
23808.0,2.78576,1.3282068782461707,0.7008794977921194,49.059228848647926,115.87595991931687,-4.5577010983075907e-05
23816.0,2.78552,1.3278420638226551,0.7007066958594412,49.06341617242936,115.8677242892413,-4.5626624539252874e-05
23824.0,2.7852799999999998,1.327476851776114,0.7005336007329263,49.06761036927772,115.85947740871262,-4.56764169596835e-05
23832.0,2.78504,1.327111240671147,0.7003602113458886,49.07181146397041,115.85121923983488,-4.5726389245563816e-05
23840.0,2.7847999999999997,1.3267452290652446,0.7001865266259989,49.07601948140921,115.84294974452763,-4.577654240671568e-05
23848.0,2.78456,1.3263788155071157,0.7000125454944737,49.080234446649904,115.83466888448363,-4.582687745978883e-05
23856.0,2.7843199999999997,1.3260119985374954,0.6998382668664402,49.08445638488771,115.82637662118945,-4.5877395429266216e-05
23864.0,2.78408,1.3256447766892387,0.6996636896509627,49.08868532145565,115.81807291592784,-4.5928097347720025e-05
23872.0,2.7838399999999996,1.3252771484860923,0.6994888127504401,49.0929212818466,115.80975772974585,-4.5978984254618156e-05
23880.0,2.7836,1.3249091124444305,0.6993136350614128,49.09716429168217,115.80143102350006,-4.603005719835345e-05
23888.0,2.78336,1.3245406670715025,0.69913815547371,49.10141437674413,115.79309275781105,-4.608131723449513e-05
23896.0,2.78312,1.3241718108662814,0.6989623728708352,49.10567156295922,115.78474289308538,-4.6132765426855814e-05
23904.0,2.78288,1.3238025423195612,0.6987862861299924,49.10993587639727,115.77638138951824,-4.6184402847688886e-05
23912.0,2.78264,1.3234328599126677,0.6986098941214532,49.114207343293934,115.76800820706092,-4.623623057639328e-05
23920.0,2.7824,1.3230627621192814,0.698433195709406,49.11848599001885,115.75962330546633,-4.628824970178321e-05
23928.0,2.78216,1.322692247403599,0.6982561897510592,49.122771843107806,115.75122664424288,-4.6340461320105224e-05
23936.0,2.78192,1.3223213142212233,0.6980788750970465,49.12706492924714,115.74281818267688,-4.639286653622553e-05
23944.0,2.7816799999999997,1.3219499610192647,0.6979012505914547,49.13136527527206,115.73439787983511,-4.644546646388902e-05
23952.0,2.78144,1.3215781862349907,0.6977233150711588,49.13567290819109,115.7259656945299,-4.649826222453505e-05
23960.0,2.7812,1.3212059882977356,0.6975450673667137,49.13998785515109,115.71752158536874,-4.655125494930202e-05
23968.0,2.78096,1.3208333656269735,0.6973665063014128,49.144310143472346,115.70906551070439,-4.6604445777229416e-05
23976.0,2.7807199999999996,1.3204603166332518,0.697187630691713,49.1486398006317,115.70059742865892,-4.6657835856398856e-05
23984.0,2.78048,1.3200868397183276,0.6970084393472797,49.15297685426002,115.69211729712738,-4.671142634423636e-05
23992.0,2.78024,1.3197129332737783,0.6968289310702996,49.15732133216683,115.68362507374246,-4.6765218406090594e-05
24000.0,2.78,1.319338595682524,0.696649104656189,49.161673262313464,115.675120715913,-4.681921321715731e-05
24008.0,2.77976,1.3189638253178706,0.6964689588931132,49.16603267283075,115.66660418079933,-4.687341196173916e-05
24016.0,2.7795199999999998,1.3185886205436324,0.696288492562024,49.17039959201638,115.65807542531671,-4.6927815833446175e-05
24024.0,2.77928,1.318212979714034,0.6961077044365903,49.174774048336054,115.64953440613294,-4.6982426035093975e-05
24032.0,2.7790399999999997,1.3178369011735063,0.6959265932830774,49.17915607042563,115.64098107966274,-4.703724377829362e-05
24040.0,2.7788,1.3174603832568401,0.6957451578603993,49.18354568709143,115.63241540207194,-4.709227028454641e-05
24048.0,2.7785599999999997,1.317083424289001,0.6955633969200058,49.187942927312335,115.62383732927452,-4.714750678490772e-05
24056.0,2.77832,1.3167060225850622,0.6953813092058286,49.19234782024085,115.61524681693004,-4.72029545200672e-05
24064.0,2.77808,1.3163281764501142,0.6951988934542142,49.19676039520446,115.60664382043994,-4.725861474035494e-05
24072.0,2.77784,1.3159498841792507,0.695016148393893,49.20118068170748,115.598028294945,-4.731448870632124e-05
24080.0,2.7776,1.3155711440574325,0.694833072745892,49.205608709431715,115.58940019532723,-4.737057768829563e-05
24088.0,2.77736,1.3151919543594095,0.6946496652234717,49.21004450823878,115.58075947620357,-4.742688296675691e-05
24096.0,2.77712,1.3148123133496594,0.6944659245320738,49.2144881081711,115.5721060919253,-4.74834058323887e-05
24104.0,2.77688,1.3144322192822826,0.6942818493692452,49.21893953945381,115.5634399965761,-4.754014758618733e-05
24112.0,2.77664,1.3140516704008032,0.6940974384245183,49.22339883249706,115.55476114397017,-4.759710953911959e-05
24120.0,2.7763999999999998,1.3136706649387664,0.6939126903796752,49.22786601788741,115.54606948766094,-4.7654293013430246e-05
24128.0,2.77616,1.3132892011183097,0.6937276039080309,49.23234112641043,115.53736498091043,-4.771169934064062e-05
24136.0,2.7759199999999997,1.3129072771511343,0.6935421776748784,49.23682418903514,115.52864757671165,-4.776932986319846e-05
24144.0,2.77568,1.3125248912386767,0.6933564103375477,49.24131523691189,115.51991722779228,-4.7827185935023835e-05
24152.0,2.7754399999999997,1.3121420415704679,0.693170300544583,49.24581430140361,115.51117388657246,-4.788526892061785e-05
24160.0,2.7752,1.3117587263263386,0.6929838469367885,49.250321414040954,115.50241750522335,-4.7943580196009426e-05
24168.0,2.77496,1.3113749436741167,0.6927970481460836,49.254836606567466,115.49364803560384,-4.800212114772834e-05
24176.0,2.77472,1.3109906917707836,0.6926099027960377,49.259359910917865,115.4848654292929,-4.806089317384762e-05
24184.0,2.7744799999999996,1.3106059687626004,0.6924224095019071,49.2638913592153,115.47606963759443,-4.811989768420862e-05
24192.0,2.77424,1.310220772783248,0.6922345668697006,49.26843098380327,115.46726061149097,-4.817913609842887e-05
24200.0,2.774,1.3098351019564873,0.6920463734974498,49.272978817201164,115.45843830170601,-4.82386098495349e-05
24208.0,2.77376,1.3094489543935006,0.691857827973885,49.27753489214958,115.44960265864172,-4.829832038097701e-05
24216.0,2.77352,1.3090623281941653,0.6916689288790293,49.28209924158815,115.44075363240916,-4.835826914822366e-05
24224.0,2.7732799999999997,1.3086752214472044,0.6914796747842445,49.28667189865301,115.43189117283133,-4.8418457619202484e-05
24232.0,2.77304,1.3082876322283024,0.6912900642512821,49.291252896710965,115.42301522939457,-4.847888727271821e-05
24240.0,2.7728,1.3078995586027495,0.6911000958335477,49.29584226931107,115.41412575131874,-4.8539559601064784e-05
24248.0,2.77256,1.3075109986227755,0.6909097680747681,49.30044005023361,115.4052226874865,-4.860047610785117e-05
24256.0,2.7723199999999997,1.3071219503288407,0.6907190795095947,49.305046273466324,115.39630598647736,-4.866163830938297e-05
24264.0,2.77208,1.306732411749781,0.6905280286636446,49.30966097320172,115.38737559657176,-4.872304773498315e-05
24272.0,2.77184,1.3063423809008257,0.6903366140525007,49.31428418387292,115.37843146570097,-4.878470592535754e-05
24280.0,2.7716,1.3059518557864116,0.6901448341830607,49.318915940103025,115.36947354151717,-4.8846614435540024e-05
24288.0,2.77136,1.3055608343973328,0.6899526875521096,49.32355627675629,115.36050177132203,-4.890877483231434e-05
24296.0,2.77112,1.305169314712124,0.6897601726469673,49.32820522891328,115.35151610210163,-4.897118869583316e-05
24304.0,2.77088,1.3047772946972636,0.6895672879455592,49.332862831867295,115.34251648053163,-4.903385762003751e-05
24312.0,2.7706399999999998,1.3043847723051119,0.6893740319153705,49.337529121161374,115.33350285292464,-4.9096783210902016e-05
24320.0,2.7704,1.3039917454761702,0.6891804030145262,49.34220413254766,115.3244751652879,-4.915996708884343e-05
24328.0,2.7701599999999997,1.3035982121376595,0.6889863996910602,49.34688790201403,115.31543336328673,-4.922341088784791e-05
24336.0,2.76992,1.303204170203705,0.6887920203829749,49.351580465780245,115.30637739224936,-4.9287116255773235e-05
24344.0,2.7696799999999997,1.3028096175751889,0.6885972635181353,49.356281860299674,115.29730719716326,-4.935108485422545e-05
24352.0,2.76944,1.3024145521394417,0.688402127514085,49.360992122262175,115.28822272266696,-4.9415318357843357e-05
24360.0,2.7691999999999997,1.3020189717704815,0.6882066107781307,49.365711288594994,115.27912391305628,-4.9479818456071856e-05
24368.0,2.76896,1.3016228743287275,0.6880107117071679,49.370439396465535,115.2700107122809,-4.95445868525605e-05
24376.0,2.76872,1.3012262576609044,0.6878144286876001,49.37517648328307,115.26088306393993,-4.9609625265302336e-05
24384.0,2.76848,1.3008291195999095,0.6876177600952391,49.37992258670084,115.25174091127599,-4.967493542672329e-05
24392.0,2.76824,1.3004314579647855,0.6874207042952574,49.38467774461932,115.24258419717043,-4.974051908457961e-05
24400.0,2.768,1.3000332705605238,0.6872232596420559,49.38944199518636,115.23341286414856,-4.9806378001230086e-05
24408.0,2.76776,1.2996345551779434,0.68702542447917,49.39421537680114,115.22422685436847,-4.9872513954184956e-05
24416.0,2.7675199999999998,1.2992353095936013,0.6868271971391885,49.39899792811563,115.21502610962054,-4.9938928736281696e-05
24424.0,2.76728,1.298835531569634,0.6866285759436402,49.403789688037484,115.20581057132473,-5.0005624155814564e-05
24432.0,2.7670399999999997,1.2984352188534578,0.686429559202809,49.408590695733956,115.19658018052809,-5.0072602036176856e-05
24440.0,2.7668,1.2980343691786662,0.6862301452161435,49.41340099061807,115.1873348779169,-5.013986421749229e-05
24448.0,2.76656,1.2976329802628856,0.6860303322711538,49.41822061238398,115.17807460377058,-5.020741255419415e-05
24456.0,2.76632,1.2972310498092303,0.6858301186440984,49.42304960098268,115.16879929799589,-5.027524891706683e-05
24464.0,2.7660799999999997,1.296828575506565,0.6856295026000772,49.427887996618495,115.15950890013302,-5.034337519406925e-05
24472.0,2.76584,1.296425555027034,0.6854284823917633,49.43273583979546,115.15020334929385,-5.041179328886999e-05
24480.0,2.7656,1.2960219860293802,0.6852270562610187,49.43759317125177,115.14088258424583,-5.0480505122685315e-05
24488.0,2.76536,1.2956178661554802,0.6850252224371277,49.44246003202639,115.1315465433196,-5.054951263251518e-05
24496.0,2.7651199999999996,1.2952131930320845,0.6848229791376262,49.44733646342664,115.12219516445701,-5.061881777271293e-05
24504.0,2.76488,1.2948079642710066,0.6846203245683572,49.452222507024494,115.1128283852183,-5.068842251538006e-05
24512.0,2.76464,1.2944021774663204,0.6844172569220291,49.45711820470623,115.10344614271132,-5.075832884801623e-05
24520.0,2.7643999999999997,1.2939958301983714,0.6842137743801823,49.46202359860211,115.0940483736875,-5.0828538777805995e-05
24528.0,2.76416,1.2935889200299868,0.684009875111252,49.466938731152965,115.08463501445209,-5.089905432816474e-05
24536.0,2.7639199999999997,1.2931814445076848,0.6838055572711317,49.47186364508889,115.07520600089292,-5.0969877540280655e-05
24544.0,2.76368,1.2927734011621865,0.6836008190033889,49.47679838342059,115.0657612684917,-5.104101047397213e-05
24552.0,2.76344,1.2923647875075293,0.683395658438778,49.48174298945803,115.0563007522974,-5.111245520790971e-05
24560.0,2.7632,1.2919556010410305,0.6831900736951805,49.48669750680657,115.04682438693388,-5.118421383878968e-05
24568.0,2.76296,1.2915458392430172,0.6829840628774254,49.491661979371756,115.0373321065873,-5.125628848140187e-05
24576.0,2.76272,1.2911354995767839,0.6827776240772251,49.49663645136112,115.02782384500601,-5.1328681269172424e-05
24584.0,2.76248,1.2907245794885545,0.682570755373112,49.50162096728655,115.01829953550092,-5.1401394354913225e-05
24592.0,2.76224,1.2903130764072688,0.6823634548302868,49.50661557196778,115.00875911095031,-5.147442991083729e-05
24600.0,2.762,1.2899009877443401,0.6821557205004525,49.511620310534354,114.99920250377764,-5.154779012811472e-05
24608.0,2.7617599999999998,1.2894883108936261,0.6819475504217531,49.51663522842976,114.98962964595353,-5.162147721809698e-05
24616.0,2.76152,1.2890750432312406,0.6817389426186342,49.52166037141346,114.98004046899331,-5.1695493412144224e-05
24624.0,2.7612799999999997,1.2886611821153753,0.6815298951017064,49.52669578556346,114.97043490395579,-5.1769840961674645e-05
24632.0,2.76104,1.2882467248860696,0.681320405867582,49.53174151728114,114.96081288143012,-5.184452213847902e-05
24640.0,2.7607999999999997,1.2878316688652207,0.6811104728988339,49.536797613291704,114.9511743315403,-5.1919539235260416e-05
24648.0,2.76056,1.2874160113559538,0.6809000941636281,49.54186412065354,114.94151918393382,-5.19948945649773e-05
24656.0,2.76032,1.2869997496433891,0.6806892676160644,49.54694108674559,114.93184736779658,-5.207059046210488e-05
24664.0,2.76008,1.2865828809941677,0.6804779911958883,49.55202855927604,114.9221588118385,-5.214662928268135e-05
24672.0,2.7598399999999996,1.2861654026538267,0.6802662628271102,49.557126586325815,114.9124534442347,-5.2223013401575535e-05
24680.0,2.7596,1.2857473118516305,0.6800540804204053,49.56223521626749,114.90273119274008,-5.229974521828471e-05
24688.0,2.75936,1.2853286057957338,0.6798414418706102,49.567354497853344,114.89299198457022,-5.237682715357307e-05
24696.0,2.75912,1.2849092816753982,0.6796283450577963,49.57248448017226,114.88323574645729,-5.245426165089964e-05
24704.0,2.75888,1.28448933666118,0.6794147878473151,49.577625212644804,114.87346240465355,-5.2532051176557015e-05
24712.0,2.7586399999999998,1.2840687679014768,0.6792007680879892,49.582776745089205,114.8636718848354,-5.2610198218200344e-05
24720.0,2.7584,1.2836475725275729,0.6789862836146265,49.58793912762803,114.85386411224741,-5.268870528873926e-05
24728.0,2.75816,1.2832257476484108,0.6787713322453067,49.59311241078151,114.84403901156463,-5.276757492227323e-05
24736.0,2.75792,1.2828032903531585,0.6785559117826334,49.59829664542265,114.83419650695537,-5.2846809676941144e-05
24744.0,2.7576799999999997,1.2823801977115177,0.6783400200138384,49.603491882772346,114.82433652208813,-5.292641213568921e-05
24752.0,2.75744,1.2819564667698544,0.6781236547087519,49.60869817446739,114.81445898004168,-5.300638490321474e-05
24760.0,2.7572,1.2815320945566289,0.6779068136225185,49.61391557246392,114.80456380343192,-5.3086730611008446e-05
24768.0,2.75696,1.2811070780769767,0.6776894944927742,49.61914412913619,114.79465091427738,-5.3167451913749275e-05
24776.0,2.75672,1.2806814143153142,0.6774716950409199,49.62438389722831,114.78472023406682,-5.324855149146626e-05
24784.0,2.75648,1.280255100235627,0.6772534129722122,49.62963492984862,114.77477168376772,-5.333003205009981e-05
24792.0,2.75624,1.2798281327775265,0.6770346459736871,49.634897280543484,114.76480518372284,-5.3411896319503306e-05
24800.0,2.756,1.279400508861841,0.6768153917169636,49.640171003193075,114.7548206537949,-5.349414705743991e-05
24808.0,2.75576,1.2789722253849303,0.6765956478552723,49.6454561521161,114.74481801322278,-5.357678704609459e-05
24816.0,2.7555199999999997,1.2785432792214533,0.6763754120248123,49.650752782019254,114.73479718069056,-5.365981909457523e-05
24824.0,2.75528,1.2781136672246798,0.676154681844853,49.65606094799163,114.72475807433474,-5.374324603956334e-05
24832.0,2.7550399999999997,1.2776833862222456,0.6759334549154904,49.66138070558187,114.71470061163876,-5.382707074270502e-05
24840.0,2.7548,1.277252433022171,0.6757117288206782,49.66671211068862,114.7046247095835,-5.391129609539111e-05
24848.0,2.7545599999999997,1.2768208044071248,0.675489501125217,49.67205521966513,114.69453028450286,-5.399592501517361e-05
24856.0,2.75432,1.276388497136265,0.6752667693756353,49.677410089285665,114.68441725213023,-5.4080960447532795e-05
24864.0,2.75408,1.2759555079460188,0.6750435311005278,49.68277677673176,114.67428552761822,-5.416640536702754e-05
24872.0,2.75384,1.2755218335486376,0.674819783809746,49.688155339621936,114.66413502550141,-5.4252262777582105e-05
24880.0,2.7536,1.2750874706322577,0.6745955249943639,49.693545836005555,114.65396565969876,-5.433853571177686e-05
24888.0,2.75336,1.2746524158603891,0.6743707521263467,49.69894832436984,114.64377734349834,-5.442522723046893e-05
24896.0,2.75312,1.2742166658718657,0.674145462658458,49.70436286364314,114.63356998955707,-5.4512340423797566e-05
24904.0,2.7528799999999998,1.273780217280794,0.6739196540241646,49.70978951319887,114.62334350990226,-5.459987841243624e-05
24912.0,2.75264,1.273343066676234,0.6736933236374033,49.715228332860804,114.61309781593766,-5.468784434769441e-05
24920.0,2.7523999999999997,1.272905210621779,0.6734664688922929,49.720679382906134,114.60283281840937,-5.477624141070028e-05
24928.0,2.75216,1.2724666456555425,0.6732390871630568,49.72614272407272,114.5925484274086,-5.486507281455647e-05
24936.0,2.75192,1.2720273682898544,0.6730111758037951,49.731618417562075,114.58224455236805,-5.495434180409949e-05
24944.0,2.75168,1.2715873750109727,0.6727827321482617,49.73710652504303,114.57192110205987,-5.504405165582877e-05
24952.0,2.7514399999999997,1.271146662278712,0.672553753509599,49.742607108659904,114.56157798457473,-5.513420567853274e-05
24960.0,2.7512,1.2707052265264838,0.6723242371802853,49.74812023103318,114.55121510732933,-5.522480721421092e-05
24968.0,2.75096,1.2702630641602697,0.672094180431525,49.753645955274145,114.54083237704891,-5.5315859636997614e-05
24976.0,2.75072,1.2698201715598498,0.6718635805138126,49.75918434496494,114.53042969979016,-5.5407366355089386e-05
24984.0,2.7504799999999996,1.2693765450780539,0.6716324346564672,49.76473546417263,114.52000698091827,-5.549933081091776e-05
24992.0,2.75024,1.2689321810365821,0.671400740065377,49.77029937751893,114.50956412501347,-5.5591756477439226e-05
25000.0,2.75,1.268487075733689,0.6711684939269241,49.77587615004987,114.49910103605362,-5.56846468661196e-05
25008.0,2.7497599999999998,1.2680412254364912,0.6709356934038968,49.781465847377106,114.48861761722684,-5.577800552271516e-05
25016.0,2.74952,1.2675946263844922,0.6707023356372459,49.78706853560888,114.47811377101843,-5.5871836029042836e-05
25024.0,2.7492799999999997,1.267147274789881,0.6704684177461616,49.7926842813423,114.46758939921536,-5.596614200322388e-05
25032.0,2.74904,1.2666991668320338,0.670233936825116,49.798313151769484,114.45704440275365,-5.606092709813567e-05
25040.0,2.7488,1.2662502986655477,0.6699988899479816,49.80395521452698,114.4464786819501,-5.615619500627512e-05
25048.0,2.74856,1.2658006664119057,0.669763274163586,49.809610537847064,114.43589213628132,-5.6251949454802804e-05
25056.0,2.74832,1.2653502661635725,0.6695270864977699,49.8152791904848,114.42528466448414,-5.634819420928373e-05
25064.0,2.74808,1.2648990939844844,0.6692903239535589,49.82096124170985,114.41465616456634,-5.644493307476061e-05
25072.0,2.74784,1.2644471459038549,0.6690529835078258,49.826656761417176,114.404006533664,-5.6542169891985213e-05
25080.0,2.7476,1.263994417924875,0.6688150621157691,49.832365819970214,114.39333566824303,-5.6639908543968755e-05
25088.0,2.74736,1.2635409060160223,0.6685765567062597,49.83808848836055,114.38264346388551,-5.673815295148543e-05
25096.0,2.74712,1.2630866061152402,0.6683374641839446,49.8438248381301,114.3719298153972,-5.683690707599295e-05
25104.0,2.74688,1.2626315141304034,0.6680977814294022,49.849574941362334,114.36119461682063,-5.693617492050835e-05
25112.0,2.7466399999999997,1.2621756259329724,0.667857505295708,49.855338870801695,114.35043776127057,-5.7035960527242656e-05
25120.0,2.7464,1.2617189373669926,0.6676166326130802,49.86111669968431,114.33965914116469,-5.713626798265234e-05
25128.0,2.7461599999999997,1.2612614442399341,0.6673751601839584,49.86690850190956,114.32885864799358,-5.723710141357209e-05
25136.0,2.74592,1.2608031423271555,0.6671330847852585,49.8727143519568,114.31803617243129,-5.7338464990209286e-05
25144.0,2.7456799999999997,1.2603440273724007,0.6668904031685401,49.87853432487587,114.30719160434693,-5.744036292706922e-05
25152.0,2.74544,1.259884095080942,0.666647112056284,49.88436849641411,114.29632483263417,-5.754279948001916e-05
25160.0,2.7451999999999996,1.259423341129312,0.6664032081469361,49.890216942836595,114.28543574545498,-5.764577895234213e-05
25168.0,2.74496,1.2589617611560164,0.6661586881098959,49.896079741097594,114.27452423000622,-5.774930569040092e-05
25176.0,2.74472,1.2584993507645144,0.6659135485869878,49.90195696878553,114.26359017259465,-5.785338408603735e-05
25184.0,2.74448,1.2580361055244835,0.6656677861930296,49.907848704100466,114.25263345866887,-5.7958018578203716e-05
25192.0,2.74424,1.2575720209694674,0.6654213975144793,49.913755025902965,114.2416539727607,-5.806321365378928e-05
25200.0,2.7439999999999998,1.2571070925969865,0.665174379109389,49.91967601370371,114.23065159848703,-5.816897384644526e-05
25208.0,2.74376,1.2566413158676886,0.6649267275068445,49.92561174767544,114.21962621852363,-5.827530373608836e-05
25216.0,2.74352,1.2561746862052747,0.664678439206816,49.93156230865816,114.20857771460587,-5.838220795055989e-05
25224.0,2.74328,1.255707198996417,0.6644295106800043,49.93752777816573,114.19750596753323,-5.848969116761804e-05
25232.0,2.7430399999999997,1.25523884959022,0.6641799383674422,49.94350823839623,114.18641085718076,-5.859775811557006e-05
25240.0,2.7428,1.2547696332975573,0.663929718680027,49.94950377223461,114.17529226243843,-5.870641357150208e-05
25248.0,2.74256,1.254299545391025,0.6636788479983816,49.9555144632657,114.1641500612177,-5.8815662364967526e-05
25256.0,2.74232,1.2538285811044552,0.6634273226724778,49.96154039577911,114.15298413044566,-5.892550937765405e-05
25264.0,2.7420799999999996,1.2533567356324435,0.6631751390212669,49.967581654775685,114.14179434606267,-5.903595954345753e-05
25272.0,2.74184,1.2528840041297247,0.6629222933322264,49.973638325980616,114.13058058298606,-5.914701784940727e-05
25280.0,2.7416,1.2524103817112564,0.6626687818612835,49.97971049584465,114.11934271512418,-5.925868933728817e-05
25288.0,2.74136,1.2519358634505116,0.6624146008317794,49.98579825156962,114.10808061534816,-5.9370979102231334e-05
25296.0,2.74112,1.251460444381507,0.6621597464354302,49.99190168107424,114.09679415552861,-5.94838922954403e-05
25304.0,2.7408799999999998,1.250984119497574,0.6619042148315459,49.99802087301717,114.08548320649722,-5.959743412457036e-05
25312.0,2.74064,1.2505068837444495,0.6616480021431934,50.0041559169139,114.07414763789411,-5.971160984876033e-05
25320.0,2.7403999999999997,1.2500287320329695,0.6613911044638795,50.01030690291939,114.06278731846783,-5.982642478982725e-05
25328.0,2.74016,1.2495496592263509,0.6611335178505937,50.0164739220644,114.05140211576953,-5.994188432735371e-05
25336.0,2.7399199999999997,1.2490696601460247,0.6608752383268073,50.022657066139715,114.03999189629391,-6.005799390061221e-05
25344.0,2.73968,1.2485887295721274,0.6606162618826062,50.02885642768304,114.02855652548499,-6.017475900879951e-05
25352.0,2.73944,1.2481068622343778,0.6603565844696425,50.03507210015763,114.01709586748271,-6.029218521012692e-05
25360.0,2.7392,1.2476240528254168,0.6600962020081812,50.04130417769897,114.00560978551138,-6.04102781274824e-05
25368.0,2.73896,1.2471402959869504,0.6598351103794948,50.04755275537038,113.99409814151188,-6.0529043442860945e-05
25376.0,2.73872,1.246655586316565,0.6595733054293927,50.05381792903935,113.9825607963073,-6.0648486902113876e-05
25384.0,2.73848,1.2461699183685375,0.6593107829685203,50.06009979536341,113.9709976096205,-6.0768614316601845e-05
25392.0,2.73824,1.2456832866435048,0.6590475387666285,50.06639845197733,113.95940843984046,-6.088943155859666e-05
25400.0,2.738,1.2451956856029882,0.6587835685602792,50.07271399722858,113.94779314435245,-6.10109445699626e-05
25408.0,2.7377599999999997,1.2447071096548614,0.6585188680448371,50.07904653044722,113.93615157918553,-6.113315935690446e-05
25416.0,2.73752,1.244217553160347,0.6582534328781011,50.08539615181407,113.92448359919064,-6.12560819937084e-05
25424.0,2.7372799999999997,1.243727010434791,0.6579872586805756,50.09176296234604,113.91278905806278,-6.13797186240772e-05
25432.0,2.73704,1.2432354757370172,0.6577203410295388,50.09814706409985,113.90106780806698,-6.150407545918446e-05
25440.0,2.7367999999999997,1.2427429432844355,0.6574526754670837,50.10454855988258,113.88931970042208,-6.162915878313302e-05
25448.0,2.73656,1.2422494072376453,0.6571842574916005,50.110967553544675,113.87754458491817,-6.175497494930059e-05
25456.0,2.73632,1.2417548617079424,0.6569150825616892,50.11740414983787,113.86574231010039,-6.188153038405895e-05
25464.0,2.73608,1.241259300758154,0.6566451460964545,50.123858454399254,113.85391272328825,-6.200883158818948e-05
25472.0,2.7358399999999996,1.2407627183910719,0.6563744434690394,50.130330573968294,113.84205567029109,-6.213688513392262e-05
25480.0,2.7356,1.2402651085658807,0.6561029700154059,50.13682061607916,113.83017099581508,-6.226569767220358e-05
25488.0,2.73536,1.2397664651824591,0.6558307210256098,50.143328689355215,113.81825854307283,-6.239527592831011e-05
25496.0,2.7351199999999998,1.239266782086422,0.655557691746372,50.14985490341428,113.80631815390886,-6.252562670491174e-05
25504.0,2.73488,1.2387660530712579,0.6552838773820713,50.15639936882993,113.7943496688533,-6.265675688440436e-05
25512.0,2.7346399999999997,1.2382642718743249,0.6550092730923808,50.16296219721604,113.7823529270239,-6.278867343100113e-05
25520.0,2.7344,1.23776143217707,0.6547338739922056,50.16954350120848,113.77032776612849,-6.292138338882042e-05
25528.0,2.73416,1.2372575276035442,0.6544576751506865,50.17614339448516,113.75827402241728,-6.305489388093906e-05
25536.0,2.73392,1.2367525517202922,0.6541806715909524,50.18276199177538,113.74619153068599,-6.318921211236216e-05
25544.0,2.73368,1.236246498036215,0.6539028582898558,50.189399408871864,113.73408012428682,-6.332434537359742e-05
25552.0,2.73344,1.235739360001618,0.6536242301772613,50.19605576264951,113.7219396351557,-6.34603010418887e-05
25560.0,2.7332,1.235231131007122,0.6533447821352515,50.20273117106777,113.7097698936938,-6.359708657811362e-05
25568.0,2.73296,1.2347218043835382,0.6530645089978625,50.2094257531951,113.69757072878329,-6.373470953329987e-05
25576.0,2.73272,1.2342113734010505,0.6527834055504353,50.21613962921695,113.68534196777891,-6.387317754806709e-05
25584.0,2.73248,1.2336998312684142,0.652501466528972,50.222872920447095,113.67308343650616,-6.40124983530246e-05
25592.0,2.73224,1.2331871711318445,0.6522186866193179,50.22962574935257,113.66079495919166,-6.415267977084089e-05
25600.0,2.7319999999999998,1.232673386075206,0.6519350604570587,50.236398239552834,113.64847635849424,-6.429372971842071e-05
25608.0,2.73176,1.2321584691170282,0.6516505826256608,50.24319051586546,113.63612745545768,-6.443565620518127e-05
25616.0,2.7315199999999997,1.231642413214018,0.6513652476581977,50.25000270424648,113.62374806957054,-6.457846733708294e-05
25624.0,2.73128,1.2311252112589428,0.6510790500359672,50.256834931831065,113.61133801869839,-6.472217131774865e-05
25632.0,2.7310399999999997,1.2306068560686763,0.6507919841816516,50.26368732713739,113.59889711882636,-6.486677644188286e-05
25640.0,2.7308,1.2300873404061496,0.6505040444712439,50.27056001968671,113.58642518457044,-6.501229111069429e-05
25648.0,2.7305599999999997,1.229566656958336,0.6502152252216334,50.277453140419055,113.57392202865891,-6.515872382766481e-05
25656.0,2.73032,1.2290447983463562,0.6499255206959705,50.28436682148862,113.5613874621697,-6.530608319975218e-05
25664.0,2.73008,1.2285217571263274,0.6496349251039106,50.2913011962404,113.54882129453742,-6.54543779374856e-05
25672.0,2.72984,1.2279975257735056,0.6493434325925665,50.29825639952606,113.53622333311316,-6.560361685657866e-05
25680.0,2.7296,1.2274720967054886,0.6490510372591624,50.30523256725657,113.5235933838466,-6.575380888322756e-05
25688.0,2.72936,1.22694546225808,0.648757733137372,50.31222983685416,113.5109312506455,-6.59049630490997e-05
25696.0,2.72912,1.2264176146971693,0.648463514203674,50.31924834703338,113.49823673566111,-6.605708849724865e-05
25704.0,2.72888,1.225888546220142,0.6481683743778954,50.32628823777633,113.48550963931842,-6.621019448465542e-05
25712.0,2.72864,1.2253582489378096,0.6478723075128748,50.333349650665575,113.4727497599174,-6.636429037793551e-05
25720.0,2.7283999999999997,1.224826714899836,0.6475753074083908,50.3404327284129,113.45995689419622,-6.65193856631521e-05
25728.0,2.72816,1.2242939360692564,0.6472773677966769,50.34753761534122,113.44713083672286,-6.667548994197032e-05
25736.0,2.72792,1.2237599043347605,0.6469784823490098,50.354664457148814,113.43427138020512,-6.683261293556465e-05
25744.0,2.72768,1.223224611512044,0.6466786446762031,50.361813400883165,113.42137831552988,-6.6990764486642e-05
25752.0,2.7274399999999996,1.2226880493250645,0.6463778483178334,50.368984595305484,113.40845143128549,-6.714995455976548e-05
25760.0,2.7272,1.2221502094326684,0.6460760867568794,50.376178190372706,113.39549051442921,-6.731019324560415e-05
25768.0,2.72696,1.2216110834014162,0.6457733534042078,50.3833943377631,113.38249534962263,-6.74714907600355e-05
25776.0,2.72672,1.2210706627188443,0.6454696416057183,50.39063319062092,113.36946571955087,-6.763385744788335e-05
25784.0,2.72648,1.2205289387949345,0.6451649446428854,50.39789490352799,113.35640140495553,-6.779730378510108e-05
25792.0,2.7262399999999998,1.219985902941618,0.6448592557209359,50.40517963289538,113.34330218413847,-6.796184037784665e-05
25800.0,2.726,1.2194415464019113,0.6445525679849365,50.41248753640743,113.33016783367313,-6.81274779691099e-05
25808.0,2.7257599999999997,1.2188958603220323,0.6442448745038001,50.41981877355432,113.31699812772054,-6.829422743676039e-05
25816.0,2.72552,1.2183488357603627,0.6439361682750113,50.42717350546077,113.30379283824942,-6.846209979709405e-05
25824.0,2.7252799999999997,1.217800463691246,0.6436264422264582,50.434551894816124,113.29055173513099,-6.863110620817915e-05
25832.0,2.72504,1.2172507349978194,0.6433156892120704,50.441954106028916,113.27727458597009,-6.880125797510838e-05
25840.0,2.7248,1.216699640472468,0.6430039020117494,50.44938030519146,113.26396115610444,-6.897256654636894e-05
25848.0,2.72456,1.2161471708140865,0.6426910733294888,50.456830660117575,113.25061120851352,-6.914504351247025e-05
25856.0,2.72432,1.2155933166279158,0.6423771957929438,50.464305340359424,113.23722450382877,-6.93187006115074e-05
25864.0,2.72408,1.2150380684253035,0.642062261952956,50.47180451722995,113.22380080036058,-6.949354973556952e-05
25872.0,2.72384,1.214481416621919,0.6417462642821966,50.47932836384046,113.21033985415903,-6.966960293374365e-05
25880.0,2.7236,1.2139233515358978,0.641429195173761,50.48687705509957,113.19684141877498,-6.98468724061812e-05
25888.0,2.72336,1.2133638633875097,0.6411110469406238,50.49445076776122,113.18330524529708,-7.002537051599884e-05
25896.0,2.7231199999999998,1.2128029422977262,0.640791811814463,50.50204968043884,113.16973108233876,-7.020510978868034e-05
25904.0,2.72288,1.2122405782867858,0.640471481944475,50.50967397362651,113.15611867603997,-7.038610291314041e-05
25912.0,2.7226399999999997,1.2116767612721113,0.6401500493958158,50.51732382974553,113.14246776993147,-7.056836274570926e-05
25920.0,2.7224,1.2111114810687345,0.6398275061494614,50.52499943314144,113.12877810499859,-7.075190231397206e-05
25928.0,2.7221599999999997,1.2105447273838044,0.6395038440986893,50.5327009701698,113.11504941960237,-7.093673481471508e-05
25936.0,2.72192,1.2099764898229952,0.6391790550523437,50.540428629085426,113.10128144957966,-7.112287361987151e-05
25944.0,2.72168,1.2094067578866614,0.6388531307322499,50.5481826001178,113.08747392811705,-7.131033227938954e-05
25952.0,2.72144,1.208835520948041,0.6385260627603306,50.555963075849725,113.07362658529235,-7.149912451393576e-05
25960.0,2.7211999999999996,1.2082627682932656,0.6381978426810893,50.56377025051166,113.05973914899629,-7.168926423409272e-05
25968.0,2.72096,1.2076884890811763,0.6378684619381935,50.571604320757906,113.04581134400567,-7.188076554211991e-05
25976.0,2.72072,1.207112672361794,0.6375379118846208,50.579465485283,113.03184289240366,-7.207364272946808e-05
25984.0,2.72048,1.20653530707786,0.6372061837831252,50.587353944777135,113.01783351358584,-7.226791027633818e-05
25992.0,2.72024,1.2059563820357497,0.6368732687890863,50.5952699025167,113.00378292345756,-7.246358286089018e-05
26000.0,2.7199999999999998,1.2053758859480683,0.6365391579745401,50.60321356353,112.98969083569278,-7.266067536025754e-05
26008.0,2.71976,1.204793807389274,0.6362038423022148,50.611185135442334,112.97555696056251,-7.285920285059045e-05
26016.0,2.71952,1.2042101348175447,0.6358673126376372,50.6191848280655,112.96138100545117,-7.305918061315901e-05
26024.0,2.71928,1.2036248565773564,0.6355295597501674,50.62721285335169,112.94716267491057,-7.326062413831602e-05
26032.0,2.7190399999999997,1.2030379608661184,0.6351905742932669,50.635269426021004,112.93290166994971,-7.346354912527196e-05
26040.0,2.7188,1.202449435781175,0.6348503468311436,50.643354762671976,112.91859768903717,-7.366797148923422e-05
26048.0,2.71856,1.2018592692726113,0.6345088678110083,50.65146908269346,112.90425042700093,-7.387390736530842e-05
26056.0,2.71832,1.2012674491660316,0.6341661275757237,50.659612607817834,112.88985957559535,-7.408137311030553e-05
26064.0,2.71808,1.2006739631650545,0.6338221163647582,50.667785562071565,112.87542482357442,-7.429038530577032e-05
26072.0,2.71784,1.2000787988164239,0.6334768242934445,50.675988172469225,112.86094585581553,-7.450096076697419e-05
26080.0,2.7176,1.1994819435596207,0.6331302413812154,50.684220668026235,112.84642235454093,-7.471311653881658e-05
26088.0,2.7173599999999998,1.198883384676144,0.632782357521652,50.69248328076086,112.83185399810493,-7.492686990588792e-05
26096.0,2.71712,1.1982831093142914,0.6324331624963091,50.7007762452075,112.81724046157534,-7.51422383937957e-05
26104.0,2.7168799999999997,1.197681104491889,0.6320826459757684,50.70909979836293,112.80258141679252,-7.535923977249522e-05
26112.0,2.71664,1.1970773570578703,0.6317307974967046,50.717454180435546,112.78787653146132,-7.557789206347508e-05
26120.0,2.7163999999999997,1.1964718537469474,0.6313776064931499,50.72583963378034,112.77312547045588,-7.579821353922989e-05
26128.0,2.71616,1.1958645811272035,0.6310230622653843,50.73425640392147,112.75832789456213,-7.602022273198172e-05
26136.0,2.7159199999999997,1.1952555256169497,0.6306671539891475,50.742704739223086,112.74348346088281,-7.624393843629217e-05
26144.0,2.71568,1.1946446734918652,0.6303098707192148,50.75118489075505,112.72859182301285,-7.646937971351865e-05
26152.0,2.71544,1.194032010871403,0.6299512013808468,50.759697112593884,112.71365263073156,-7.669656590529132e-05
26160.0,2.7152,1.1934175237197855,0.6295911347697419,50.76824166174971,112.69866552999588,-7.692551662583708e-05
26168.0,2.71496,1.1928011978406372,0.6292296595482579,50.77681879824203,112.68363016275221,-7.715625176053324e-05
26176.0,2.71472,1.1921830188767422,0.6288667642446159,50.78542878513181,112.66854616696655,-7.738879147648235e-05
26184.0,2.71448,1.191562972309611,0.6285024372519893,50.79407188856607,112.6534131766913,-7.762315623507623e-05
26192.0,2.7142399999999998,1.190941043455916,0.6281366668257422,50.80274837785601,112.6382308222123,-7.78593667988054e-05
26200.0,2.714,1.190317217464172,0.6277694410807969,50.81145852546635,112.62299872953061,-7.809744421974968e-05
26208.0,2.7137599999999997,1.1896914793138869,0.6274007479904382,50.82020260711385,112.60771652045759,-7.83374098624766e-05
26216.0,2.71352,1.1890638138128988,0.6270305753840418,50.828980901794175,112.5923838125944,-7.857928540365588e-05
26224.0,2.71328,1.1884342055946566,0.6266589109447538,50.83779369182462,112.57700021934434,-7.882309283500459e-05
26232.0,2.71304,1.187802639114072,0.6262857422063108,50.84664126294076,112.56156534962616,-7.906885447234785e-05
26240.0,2.7127999999999997,1.1871690986485093,0.6259110565528806,50.855523904281085,112.54607880802392,-7.93165929613488e-05
26248.0,2.71256,1.186533568287037,0.6255348412119476,50.86444190856378,112.53054019464368,-7.956633127702746e-05
26256.0,2.71232,1.1858960319428442,0.6251570832608886,50.87339557186562,112.51494910528868,-7.981809273174206e-05
26264.0,2.71208,1.1852564733458377,0.6247777696218244,50.88238519377043,112.49930513121083,-8.0071900982353e-05
26272.0,2.7118399999999996,1.1846148760003996,0.6243968870357466,50.89141107811855,112.48360785825234,-8.032778002641423e-05
26280.0,2.7116,1.183971223262879,0.6240144221076772,50.90047353161143,112.46785686859609,-8.058575422024212e-05
26288.0,2.71136,1.1833254982636543,0.6236303612595939,50.90957286535317,112.45205173903321,-8.084584830209746e-05
26296.0,2.7111199999999998,1.1826776839430049,0.6232446907508709,50.91870939408611,112.4361920417353,-8.110808737770641e-05
26304.0,2.71088,1.1820277630540783,0.6228573966792187,50.92788343610115,112.42027734424742,-8.137249691825893e-05
26312.0,2.7106399999999997,1.1813757181061961,0.622468464946022,50.937095314415416,112.40430720794355,-8.163910279251896e-05
26320.0,2.7104,1.1807215314479589,0.6220778813049838,50.946345355110225,112.38828119049187,-8.190793124829904e-05
26328.0,2.71016,1.1800651851805062,0.6216856313094942,50.95563388902257,112.37219884358525,-8.217900893473579e-05
26336.0,2.70992,1.17940666120031,0.6212917003372186,50.96496125092029,112.35605971392668,-8.245236290261982e-05
26344.0,2.70968,1.1787459412041894,0.6208960735921916,50.97432777940926,112.3398633433321,-8.272802061045575e-05
26352.0,2.70944,1.1780830066237586,0.6204987360646075,50.98373381819941,112.32360926740184,-8.300600994157501e-05
26360.0,2.7092,1.1774178387178877,0.6200996725852163,50.993179714309754,112.30729701739193,-8.32863591933729e-05
26368.0,2.70896,1.1767504184796587,0.6196988677685816,51.00266581991132,112.29092611812469,-8.356909710939707e-05
26376.0,2.70872,1.1760807266813411,0.6192963060390088,51.01219249142321,112.27449608907831,-8.385425287087905e-05
26384.0,2.7084799999999998,1.17540874387929,0.6188919716324953,51.02176008941337,112.25800644453129,-8.414185610140635e-05
26392.0,2.70824,1.1747344503447885,0.6184858485540663,51.03136898000923,112.24145669187261,-8.443193690289686e-05
26400.0,2.7079999999999997,1.1740578261624954,0.6180779206359498,51.041019532888065,112.22484633395055,-8.472452582084881e-05
26408.0,2.70776,1.173378851129618,0.6176681714757779,51.05071212332137,112.2081748667467,-8.501965389149441e-05
26416.0,2.7075199999999997,1.1726975048052304,0.6172565844651599,51.06044713118028,112.19144178048957,-8.53173526307871e-05
26424.0,2.70728,1.1720137665156776,0.6168431427918569,51.0702249408265,112.1746465597646,-8.561765403932658e-05
26432.0,2.7070399999999997,1.1713276152778156,0.6164278293922093,51.08004594264951,112.15778868176405,-8.59205906376639e-05
26440.0,2.7068,1.1706390299083562,0.6160106270160894,51.08991053087878,112.14086761881006,-8.622619543482979e-05
26448.0,2.7065599999999996,1.1699479889188522,0.6155915181621698,51.09981910568941,112.12388283591801,-8.653450197482204e-05
26456.0,2.70632,1.1692544705494998,0.615170485097115,51.10977207252354,112.1068337915818,-8.684554433215548e-05
26464.0,2.70608,1.1685584527834572,0.6147475098630409,51.119769841813834,112.08971993811711,-8.715935711662663e-05
26472.0,2.70584,1.1678599133193333,0.614322574259556,51.12981282961101,112.07254072108188,-8.747597550825177e-05
26480.0,2.7056,1.1671588295734856,0.6138956598438504,51.13990145742412,112.05529557923538,-8.779543524036389e-05
26488.0,2.7053599999999998,1.1664551786687845,0.6134667479225294,51.15003615238159,112.03798394412662,-8.81177725988786e-05
26496.0,2.70512,1.1657489374342676,0.613035819550041,51.16021734729743,112.02060524018178,-8.844302444394048e-05
26504.0,2.70488,1.1650400824043052,0.6126028555267914,51.17044548076738,112.00315888488215,-8.877122823609652e-05
26512.0,2.70464,1.164328589811,0.612167836393105,51.18072099734648,111.98564428914293,-8.91024220537082e-05
26520.0,2.7043999999999997,1.163614435577902,0.6117307424239501,51.191044347501276,111.96806085609833,-8.94366445675242e-05
26528.0,2.70416,1.1628975953177974,0.6112915536261248,51.201415987831226,111.95040798136256,-8.97739350887562e-05
26536.0,2.70392,1.162178044327449,0.6108502497335495,51.211836381122424,111.93268505299797,-9.011433356967413e-05
26544.0,2.70368,1.1614557575820912,0.6104068102023765,51.22230599644005,111.91489145156281,-9.045788061173534e-05
26552.0,2.70344,1.1607307097265753,0.609961214204005,51.232825309341614,111.89702654945884,-9.080461748679614e-05
26560.0,2.7032,1.1600028750778089,0.6095134406249979,51.24339480182714,111.87908971130993,-9.115458614583627e-05
26568.0,2.70296,1.1592722276022405,0.6090634680516207,51.25401496272709,111.86108029370206,-9.150782922547525e-05
26576.0,2.70272,1.1585387409415915,0.608611274784034,51.26468628722971,111.84299764548572,-9.186439005617886e-05
26584.0,2.70248,1.1578023883976085,0.6081568388252705,51.27540927719541,111.82484110724947,-9.222431268106808e-05
26592.0,2.7022399999999998,1.1570631428445455,0.6077001378254644,51.28618444275232,111.80661000964338,-9.25876418729426e-05
26600.0,2.702,1.156320976889623,0.6072411491791644,51.29701229932744,111.7883036768785,-9.295442312485309e-05
26608.0,2.7017599999999997,1.1555758627114026,0.6067798499237497,51.30789337094333,111.76992142333691,-9.332470274671533e-05
26616.0,2.70152,1.1548277721342795,0.6063162167836097,51.318828188576944,111.75146255504588,-9.369852781127934e-05
26624.0,2.7012799999999997,1.1540766766345962,0.6058502261721529,51.32981728996465,111.73292636961494,-9.407594614693143e-05
26632.0,2.70104,1.1533225472224262,0.6053818541165638,51.34086122212974,111.7143121531015,-9.445700643903907e-05
26640.0,2.7008,1.1525653546150325,0.6049110763635142,51.351960537821085,111.69561918512535,-9.484175814128724e-05
26648.0,2.70056,1.1518050690554655,0.6044378682645637,51.363115799155445,111.67684673422899,-9.52302515759593e-05
26656.0,2.70032,1.1510416604021736,0.6039622048297653,51.37432757583392,111.657994059852,-9.562253790618147e-05
26664.0,2.70008,1.1502750981425212,0.6034840607341251,51.385596444878814,111.63906041259492,-9.601866914276298e-05
26672.0,2.69984,1.149505351257333,0.6030034102310247,51.39692299333309,111.62004503169106,-9.641869822121168e-05
26680.0,2.6995999999999998,1.1487323883691287,0.6025202272425041,51.408307815295544,111.60094714775347,-9.682267894237095e-05
26688.0,2.69936,1.147956177648981,0.6020344852989963,51.41975151394027,111.58176598070442,-9.723066606402863e-05
26696.0,2.6991199999999997,1.1471766868286741,0.6015461575446648,51.431254701198895,111.56250074016859,-9.764271529274443e-05
26704.0,2.69888,1.1463938831904845,0.6010552167287267,51.442817997857965,111.54315062533858,-9.805888328028496e-05
26712.0,2.69864,1.1456077335443975,0.6005616351888189,51.45444203380897,111.52371482383526,-9.847922760650472e-05
26720.0,2.6984,1.1448182042478763,0.6000653848610084,51.466127448129505,111.50419251281805,-9.890380688324128e-05
26728.0,2.6981599999999997,1.144025261181695,0.5995664372621992,51.47787488937779,111.4845828591837,-9.933268074166501e-05
26736.0,2.69792,1.1432288697452748,0.5990647634847085,51.489685015681026,111.46488501893896,-9.976590984850375e-05
26744.0,2.69768,1.1424289948482504,0.5985603341884207,51.501558494856326,111.44509813634264,-0.000100203555915603
26752.0,2.69744,1.1416256009037764,0.5980531195939786,51.51349600472237,111.42522134337707,-0.00010064568175581952
26760.0,2.6971999999999996,1.140818651820119,0.5975430894748383,51.525498233118924,111.40525376126746,-0.0001010923512720764
26768.0,2.69696,1.1400081109871691,0.5970302131460465,51.537565878296,111.38519449866399,-0.00010154362950538016
26776.0,2.69672,1.1391939412714702,0.5965144594583318,51.5496996489962,111.36504265193065,-0.00010199958265011102
26784.0,2.6964799999999998,1.1383761050049526,0.5959957967881512,51.561900264664786,111.34479730518039,-0.00010246027807342406
26792.0,2.69624,1.1375545639601095,0.5954741930190511,51.574168455839015,111.32445753060541,-0.00010292578432384415
26800.0,2.6959999999999997,1.1367292794199593,0.5949496155831725,51.58650496294234,111.30402238807598,-0.00010339617114843127
26808.0,2.69576,1.1359002120136368,0.5944220313538043,51.59891053933624,111.28349092287775,-0.00010387150955482655
26816.0,2.69552,1.135067321827722,0.5938914067129596,51.61138594922048,111.26286216780645,-0.00010435187179225203
26824.0,2.69528,1.134230568425594,0.5933577075607083,51.62393196738326,111.24213514369441,-0.0001048373313854588
26832.0,2.69504,1.1333899106557115,0.5928208991897083,51.63654938346433,111.2213088559143,-0.00010532796335371236
26840.0,2.6948,1.1325453069112976,0.5922809464476025,51.649238995767206,111.20038229871712,-0.00010582384387126787
26848.0,2.69456,1.1316967148558241,0.59173781355843,51.66200161750241,111.17935444912693,-0.00010632505060391274
26856.0,2.69432,1.1308440915619165,0.5911914642078474,51.67483807378177,111.15822427062389,-0.00010683166259915932
26864.0,2.69408,1.129987393525888,0.5906418615491029,51.68774920130565,111.13699071393495,-0.00010734376029125945
26872.0,2.69384,1.1291265764393275,0.5900889680529092,51.70073585303838,111.11565271204475,-0.00010786142568329339
26880.0,2.6936,1.1282615955180089,0.5895327457148394,51.71379889151059,111.09420918629556,-0.0001083847421407485
26888.0,2.6933599999999998,1.1273924051877398,0.5889731558499312,51.726939195229896,111.07265904096893,-0.00010891379463176531
26896.0,2.69312,1.1265189591850568,0.5884101591533768,51.74015765662243,111.05100116500105,-0.00010944866967775117
26904.0,2.6928799999999997,1.125641210599873,0.5878437157241503,51.753455181216125,111.02923443255006,-0.00010998945535463224
26912.0,2.69264,1.1247591117970988,0.5872737850105518,51.76683268961993,111.00735770084276,-0.00011053624144771734
26920.0,2.6923999999999997,1.1238726144192135,0.5867003258077451,51.7802911169013,110.98536981154024,-0.00011108911935554954
26928.0,2.69216,1.1229816693554509,0.5861232962336309,51.79383141318733,110.96326958850301,-0.00011164818212954415
26936.0,2.6919199999999996,1.1220862267406944,0.5855426537238102,51.80745454384246,110.9410558382805,-0.00011221352452967885
26944.0,2.69168,1.1211862359530544,0.584958355025642,51.821161489765394,110.91872735079357,-0.00011278524309969883
26952.0,2.69144,1.1202816455884652,0.5843703561773005,51.83495324798323,110.89628290142579,-0.00011336343622473131
26960.0,2.6912,1.1193724034465993,0.5837786124940357,51.84883083144981,110.87372124594172,-0.00011394820406664273
26968.0,2.69096,1.1184584565201623,0.5831830785565251,51.86279526973542,110.85104112189539,-0.00011453964869214005
26976.0,2.69072,1.1175397509805927,0.5825837081967807,51.87684760920548,110.82824124859859,-0.00011513787408528844
26984.0,2.69048,1.1166162321621715,0.5819804544828991,51.89098891333733,110.80532032745008,-0.00011574298618326052
26992.0,2.69024,1.1156878445343323,0.5813732696959641,51.905220263448456,110.78227703948183,-0.00011635509295624156
27000.0,2.69,1.1147545317097185,0.5807621053301872,51.91954275841175,110.75911004704275,-0.00011697430440268015
27008.0,2.6897599999999997,1.113816236376223,0.5801469120431638,51.93395751598404,110.73581799328267,-0.00011760073261736965
27016.0,2.68952,1.1128729003743396,0.5795276397011961,51.94846567127658,110.71239950261335,-0.0001182344917670201
27024.0,2.68928,1.1119244646511686,0.5789042373438167,51.963068377746495,110.68885317904918,-0.00011887569816342498
27032.0,2.68904,1.11097086899626,0.5782766530043664,51.977766812268385,110.66517760203648,-0.00011952447044047719
27040.0,2.6887999999999996,1.1100120525261155,0.5776448340228372,51.992562165712194,110.6413713358186,-0.00012018092928568603
27048.0,2.68856,1.1090479531951716,0.577008726718358,52.007455653478075,110.61743292091731,-0.00012084519797370439
27056.0,2.68832,1.1080785080215734,0.5763682765316793,52.02244851022402,110.59336087755156,-0.00012151740207964427
27064.0,2.68808,1.1071036531055265,0.5757234280314435,52.03754198922521,110.569153705126,-0.00012219766943822382
27072.0,2.68784,1.1061233232693508,0.5750741246697717,52.05273737046958,110.5448098736321,-0.0001228861306225077
27080.0,2.6875999999999998,1.1051374525862228,0.5744203091256909,52.06803594928784,110.52032783845593,-0.0001235829184180347
27088.0,2.68736,1.1041459738261818,0.5737619229317623,52.083439048076066,110.49570602740656,-0.0001242881683990387
27096.0,2.6871199999999997,1.1031488187301253,0.5730989066486828,52.09894801051599,110.47094284596109,-0.00012500201869340854
27104.0,2.68688,1.1021459180416264,0.5724311998798954,52.11456420096168,110.44603667791836,-0.00012572460999172062
27112.0,2.6866399999999997,1.1011372010844007,0.5717587409832109,52.13028901362415,110.42098587970753,-0.00012645608605340523
27120.0,2.6864,1.1001225963594503,0.5710814674612504,52.146123859411865,110.39578878791562,-0.0001271965930319314
27128.0,2.68616,1.099102030939818,0.5703993155507473,52.162070178639915,110.37044370772523,-0.0001279462801010927
27136.0,2.68592,1.0980754307646985,0.569712220410908,52.17812943511332,110.34494892008969,-0.00012870529925143283
27144.0,2.68568,1.0970427206720508,0.5690201161378894,52.194303115846765,110.31930268420562,-0.0001294738053681922
27152.0,2.68544,1.0960038239465826,0.5683229354539429,52.21059274165373,110.29350323240669,-0.00013025195693461278
27160.0,2.6852,1.0949586629618244,0.5676206101297413,52.22699985099667,110.26754877259624,-0.00013103991489438812
27168.0,2.68496,1.0939071585177012,0.566913070531735,52.24352601523349,110.24143747803896,-0.00013183784361802306
27176.0,2.68472,1.0928492301665333,0.5662002458322765,52.26017283176251,110.21516749578386,-0.0001326459106071999
27184.0,2.6844799999999998,1.091784796249122,0.5654820640256989,52.276941923694736,110.18873694994372,-0.0001334642865739989
27192.0,2.68424,1.0907137733856733,0.5647584515759431,52.29383495162966,110.16214393461621,-0.00013429314621398058
27200.0,2.6839999999999997,1.0896360772004006,0.5640293338964989,52.31085359573245,110.1353865175961,-0.00013513266696204193
27208.0,2.68376,1.088551621577608,0.5632946348387118,52.32799957248746,110.10846273020678,-0.00013598303002230257
27216.0,2.6835199999999997,1.0874603190262664,0.5625542769283914,52.34527462723177,110.08137057535245,-0.00013684442006348417
27224.0,2.68328,1.0863620807209025,0.5618081813843206,52.36268053385389,110.05410803057646,-0.00013771702531707267
27232.0,2.68304,1.0852568159379594,0.561056267725369,52.38021910777906,110.02667304126395,-0.00013860103843509516
27240.0,2.6828,1.0841444328559149,0.5602984543040189,52.397892186067914,109.99906352441404,-0.00013949665507285836
27248.0,2.6825599999999996,1.0830248377343419,0.5595346577376994,52.415701646171236,109.97127735705472,-0.00014040407509674193
27256.0,2.68232,1.0818979353162643,0.5587647931716232,52.43364939752099,109.94331238545294,-0.00014132350220007965
27264.0,2.68208,1.0807636288730806,0.5579887742991422,52.45173738116551,109.9151664287937,-0.00014225514399924318
27272.0,2.68184,1.0796218195813616,0.5572065129242151,52.469967584363175,109.88683727231667,-0.0001431992130408979
27280.0,2.6816,1.0784724074081815,0.5564179195558527,52.48834201827612,109.85832266977117,-0.00014415592515333432
27288.0,2.6813599999999997,1.0773152902026297,0.5556229027743111,52.50686273924536,109.82962033243035,-0.00014512550090393158
27296.0,2.68112,1.0761503641410517,0.5548213695239412,52.52553183913938,109.80072793843999,-0.00014610816508965155
27304.0,2.68088,1.074977523776284,0.5540132251355083,52.54435144458518,109.77164313607145,-0.0001471041467650474
27312.0,2.68064,1.0737966613455696,0.5531983728368032,52.56332373209926,109.74236353350828,-0.00014811368016947232
27320.0,2.6803999999999997,1.0726076677552416,0.552376714418569,52.58245090585521,109.71288670758976,-0.00014913700335804204
27328.0,2.68016,1.071410431576612,0.5515481495288983,52.60173522058178,109.68321019461284,-0.00015017435971503536
27336.0,2.67992,1.070204839535527,0.5507125759974343,52.62117897038638,109.65333149553068,-0.0001512259972657933
27344.0,2.67968,1.0689907765658455,0.5498698898595425,52.640784487544536,109.6232480759331,-0.0001522921686284552
27352.0,2.67944,1.0677681250497384,0.5490199848150448,52.660554159921894,109.5929573535439,-0.00015337313220271776
27360.0,2.6792,1.0665367658998754,0.5481627529653609,52.68049040612036,109.56245671809178,-0.00015446915054798425
27368.0,2.67896,1.0652965774539231,0.547298084030873,52.70059570074645,109.53174351370164,-0.00015558049208460846
27376.0,2.6787199999999998,1.064047436014145,0.5464258657108509,52.72087256212745,109.50081504625192,-0.00015670743031945885
27384.0,2.67848,1.062789215906761,0.5455459837105736,52.74132355095235,109.46966858418655,-0.000157850243779419
27392.0,2.6782399999999997,1.0615217886456403,0.5446583211409798,52.761951289176096,109.43830134944245,-0.00015900921728347525
27400.0,2.678,1.0602450241224934,0.5437627593354224,52.78275843315557,109.40671052997598,-0.00016018464020522982
27408.0,2.6777599999999997,1.0589587894641184,0.542859177033805,52.803747699586474,109.37489326696605,-0.00016137680822064175
27416.0,2.67752,1.0576629494002348,0.5419474506229218,52.82492185712995,109.34284665907283,-0.00016258602277544363
27424.0,2.6772799999999997,1.0563573664194246,0.541027454229648,52.84628372290528,109.31056776461524,-0.00016381259087279288
27432.0,2.67704,1.0550419004706415,0.54009905949411,52.86783616976072,109.27805359926987,-0.00016505682563934377
27440.0,2.6768,1.0537164089868747,0.539162135568722,52.88958212507321,109.24530113416354,-0.00016631904618269157
27448.0,2.67656,1.0523807467672475,0.5382165490170084,52.91152457304477,109.2123072950732,-0.00016759957771794113
27456.0,2.67632,1.051034765971472,0.5372621637913049,52.93366655518743,109.17906896257247,-0.00016889875165684853
27464.0,2.67608,1.0496783161100867,0.5362988412073627,52.95601117108793,109.14558297304093,-0.00017021690573260084
27472.0,2.67584,1.0483112439673197,0.5353264398708746,52.97856158074178,109.11184612150112,-0.00017155438423249427
27480.0,2.6755999999999998,1.0469333935278065,0.5343448156061834,53.0013210045417,109.07785515420733,-0.0001729115378046258
27488.0,2.67536,1.045544605959514,0.5333538214245941,53.02429272480193,109.04360677052998,-0.00017428872369372307
27496.0,2.6751199999999997,1.0441447195549178,0.5323533074626788,53.047480086916,109.00909762287617,-0.00017568630579454606
27504.0,2.67488,1.0427335696725726,0.5313431209204437,53.07088650074155,108.97432431791388,-0.0001771046547442824
27512.0,2.67464,1.041310988656395,0.5303231059830898,53.09451544229753,108.93928341783733,-0.00017854414801081619
27520.0,2.6744,1.0398768058431476,0.5292931038056139,53.11837045382825,108.90397143510354,-0.00018000516990283722
27528.0,2.6741599999999996,1.038430847439434,0.5282529524035348,53.142455146557644,108.8683848368028,-0.0001814881117329513
27536.0,2.67392,1.0369729364949616,0.5272024866122087,53.16677320132397,108.83252004305047,-0.00018299337183356253
27544.0,2.67368,1.0355028928599013,0.5261415380345156,53.191328369607334,108.79637342568829,-0.00018452135559704486
27552.0,2.67344,1.0340205330870123,0.5250699349483461,53.21612447614836,108.7599413051271,-0.0001860724756597925
27560.0,2.6732,1.032525670416921,0.5239875022737331,53.24116541879749,108.72321995578824,-0.00018764715178402427
27568.0,2.67296,1.0310181146957151,0.5228940614908499,53.26645517042552,108.68620560565283,-0.0001892458109371954
27576.0,2.67272,1.0294976723248799,0.521789430581056,53.29199778021443,108.64889443485568,-0.00019086888733111436
27584.0,2.6724799999999997,1.0279641462051632,0.5206734239633088,53.317797375132024,108.61128257427754,-0.00019251682246962078
27592.0,2.67224,1.0264173356737099,0.5195458524254329,53.34385816123092,108.57336611052673,-0.0001941900651382975
27600.0,2.6719999999999997,1.0248570364537313,0.5184065230642938,53.37018442477038,108.53514108111644,-0.0001958890713824694
27608.0,2.67176,1.0232830405861024,0.5172552392126093,53.396780534497395,108.49660347613339,-0.0001976143046376302
27616.0,2.67152,1.0216951363763975,0.5160918003768444,53.4236509425566,108.45774923838549,-0.00019936623563870937
27624.0,2.67128,1.0200931083395315,0.5149160021732617,53.450800185441466,108.41857426470072,-0.00020114534231857297
27632.0,2.6710399999999996,1.0184767371330647,0.5137276362555622,53.47823288535856,108.37907440949012,-0.00020295210973993635
27640.0,2.6708,1.0168457995070594,0.5125264902546124,53.505953752319634,108.33924547843472,-0.00020478703018035152
27648.0,2.67056,1.0152000682474447,0.5113123477134374,53.533967584680816,108.29908323589213,-0.00020665060290953052
27656.0,2.67032,1.0135393121157052,0.5100849880195485,53.56227927077007,108.25858340300508,-0.00020854333413462513
27664.0,2.67008,1.0118632957912,0.508844186339299,53.59089379044877,108.21774165712158,-0.0002104657369211637
27672.0,2.6698399999999998,1.0101717798355139,0.5075897135687488,53.61981621683263,108.17655363429222,-0.0002124183311716716
27680.0,2.6696,1.0084645206054457,0.5063213362467227,53.649051716821056,108.13501492916576,-0.00021440164325670704
27688.0,2.6693599999999997,1.006741270238322,0.5050388165217949,53.67860555182109,108.09312110022961,-0.00021641620582369157
27696.0,2.66912,1.0050017765804338,0.5037419120775188,53.70848307959347,108.05086766832346,-0.0002184625576489142
27704.0,2.6688799999999997,1.0032457831296635,0.5024303760685822,53.73868975582537,108.00825011672289,-0.00022054124344808888
27712.0,2.66864,1.0014730290421543,0.501103957105431,53.76923113298738,107.96526390142884,-0.00022265281332908528
27720.0,2.6684,0.9996832490028514,0.49976239913787857,53.80011286433417,107.92190444156404,-0.00022479782280958316
27728.0,2.66816,0.9978761732685169,0.4984054414684523,53.83134070359152,107.87816712801973,-0.00022697683243250166
27736.0,2.6679199999999996,0.9960515275845826,0.4970328186723541,53.86292050634838,107.83404732338994,-0.0002291904073671349
27744.0,2.66768,0.9942090331306082,0.49564426053968985,53.89485823064687,107.78954036452528,-0.00023143911690136354
27752.0,2.66744,0.9923484065832308,0.4942394921075247,53.92715993543171,107.74464157133502,-0.00023372353378105844
27760.0,2.6672,0.9904693599392173,0.4928182335124547,53.95983178603907,107.69934623782818,-0.00023604423420497185
27768.0,2.6669599999999996,0.988571600592843,0.4913802000363576,53.99288004954409,107.6536496557427,-0.000238401796582802
27776.0,2.6667199999999998,0.9866548313946785,0.4899251021405508,54.026311095198814,107.60754709438451,-0.00024079680107805875
27784.0,2.66648,0.9847187505452737,0.4884526453768121,54.06013139763123,107.56103380541528,-0.00024322982922533258
27792.0,2.66624,0.9827630513326391,0.4869625301806018,54.09434754192369,107.51410507337864,-0.0002457014634973094
27800.0,2.666,0.9807874226860535,0.48545445228816647,54.12896621073739,107.46675613057297,-0.0002482122854555581
27808.0,2.6657599999999997,0.9787915487807848,0.4839281024344099,54.16399419406466,107.41898226498158,-0.0002507628757244575
27816.0,2.66552,0.9767751091492176,0.4823831664385512,54.1994383863094,107.3707787609051,-0.00025335381280138886
27824.0,2.66528,0.9747377787178797,0.4808193252367787,54.23530578468011,107.32214089041783,-0.0002559856718747567
27832.0,2.66504,0.9726792279191381,0.4792362549759096,54.2716034834873,107.27306400727115,-0.0002586590230424081
27840.0,2.6648,0.9705991224292443,0.47763362682331284,54.30833868686809,107.2235434175586,-0.0002613744317941477
27848.0,2.66456,0.9684971236826119,0.47601110737800406,54.3455186909109,107.17357452315524,-0.0002641324558464457
27856.0,2.66432,0.9663728885378701,0.4743683584335789,54.3831508937509,107.12315274694171,-0.0002669336448920596
27864.0,2.66408,0.9642260692967265,0.47270503701611727,54.42124279496082,107.0722735275132,-0.00026977853917883876
27872.0,2.66384,0.9620563146700283,0.4710207961627297,54.45980196826659,107.02093245946554,-0.0002726676654158254
27880.0,2.6635999999999997,0.9598632682026002,0.4693152837352677,54.4988361062097,106.96912508305658,-0.000275601539586894
27888.0,2.66336,0.9576465702630458,0.46758814400570425,54.53835296135609,106.91684710393399,-0.0002785806594401434
27896.0,2.6631199999999997,0.9554058569487558,0.4658390168542015,54.57836037938636,106.86409428513977,-0.00028160550611769364
27904.0,2.66288,0.9531407600357701,0.4640675377814178,54.61886630339331,106.81086243932312,-0.00028467654292367583
27912.0,2.6626399999999997,0.9508509092784156,0.46227333976952645,54.65987871784299,106.7571476191078,-0.00028779420849255364
27920.0,2.6624,0.9485359288774899,0.46045605058815264,54.70140572759351,106.70294583305493,-0.0002909589210680645
27928.0,2.66216,0.9461954415688545,0.4586152960752063,54.74345545425419,106.64825333390203,-0.0002941710670174214
27936.0,2.66192,0.9438290664720052,0.4567506985398996,54.78603609556295,106.59306647994714,-0.0002974310042030677
27944.0,2.6616799999999996,0.9414364189469168,0.4548618767416439,54.82915593096259,106.53738172616764,-0.00030073906017651395
27952.0,2.66144,0.9390171147132971,0.45294844925042405,54.872823208085656,106.48119586876776,-0.00030409551875536695
27960.0,2.6612,0.9365707636463934,0.4510100296649241,54.9170463099873,106.42450567773086,-0.0003075006330432759
27968.0,2.6609599999999998,0.9340969763251409,0.44904623191805276,54.96183358034218,106.36730826847086,-0.0003109546062261702
27976.0,2.66072,0.9315953618437525,0.44705666869552557,55.00719338175913,106.30960097998674,-0.0003144575940027893
27984.0,2.6604799999999997,0.9290655269147282,0.4450409508755533,55.05313411909141,106.25138132200728,-0.00031800970354661323
27992.0,2.66024,0.9265070785212822,0.4429986898075766,55.099664165896606,106.19264708511159,-0.0003216109831410685
28000.0,2.66,0.923919622659868,0.4409294964962581,55.146791902642015,106.13339632198114,-0.0003252614225385546
28008.0,2.65976,0.9213027666098729,0.4388329836149595,55.1945256569951,106.0736274039757,-0.0003289609437795114
28016.0,2.6595199999999997,0.9186561185145459,0.436708765391707,55.242873713502995,106.01333901802866,-0.00033270939816544245
28024.0,2.65928,0.9159792874081114,0.4345564578637503,55.29184431066914,105.9525301721946,-0.0003365065618393624
28032.0,2.65904,0.9132718853765164,0.4323756808662477,55.341445583108666,105.89120025824475,-0.0003403521262234782
28040.0,2.6588,0.9105335263630978,0.43016605734411356,55.391685597495474,105.8293490316519,-0.00034424569723321324
28048.0,2.6585599999999996,0.9077638285066755,0.4279272155262516,55.44257228561179,105.76697667387229,-0.00034818678426276926
28056.0,2.65832,0.9049624140520806,0.4256587891674636,55.49411344814935,105.70408379867905,-0.0003521747959137252
28064.0,2.65808,0.9021289098325529,0.4233604182694461,55.54631674285502,105.64067146950343,-0.00035620903406262703
28072.0,2.6578399999999998,0.8992629500611283,0.4210317516995848,55.59918961182456,105.57674125891069,-0.0003602886822163655
28080.0,2.6576,0.8963641742757881,0.418672445901486,55.65273933200356,105.51229523036245,-0.000364412804676041
28088.0,2.6573599999999997,0.8934322312246534,0.4162821684518846,55.706972914820184,105.44733601076098,-0.000368580332141883
28096.0,2.65712,0.8904667785363383,0.4138605982212366,55.76189711423831,105.38186679850887,-0.00037279005689617854
28104.0,2.65688,0.887467483247763,0.4114074262502364,55.81751841293196,105.31589138472881,-0.0003770406258771662
28112.0,2.65664,0.8844340255920154,0.4089223593201849,55.87384292342495,105.24941422575513,-0.00038133052605252477
28120.0,2.6563999999999997,0.8813660965906686,0.4064051184819013,55.93087644940747,105.18244041815,-0.0003856580839196353
28128.0,2.65616,0.8782634026880216,0.40385544337362617,55.98862436651603,105.11497577618482,-0.000390021449008708
28136.0,2.65592,0.8751256656025671,0.4012730926504922,56.04709162502679,105.04702684642972,-0.0003944185880493513
28144.0,2.65568,0.871952623166233,0.39865784524246456,56.106282727067054,104.97860093260407,-0.00039884727682189876
28152.0,2.65544,0.8687440337485337,0.3960095045937267,56.16620161154928,104.90970614486821,-0.00040330508403569704
28160.0,2.6552,0.8654996737464884,0.393327897210636,56.2268517194846,104.84035141574914,-0.0004077893710038968
28168.0,2.65496,0.8622193431049382,0.39061287785495913,56.2882358528687,104.77054654613852,-0.00041229727355727996
28176.0,2.6547199999999997,0.8589028653072002,0.3878643301982861,56.350356173080456,104.70030223242225,-0.00041682569602471655
28184.0,2.65448,0.8555500884895844,0.38508216841701987,56.41321417134647,104.62963009636381,-0.00042137130298424173
28192.0,2.6542399999999997,0.8521608906839399,0.38226634223179057,56.47681054071843,104.55854272269985,-0.0004259305034131448
28200.0,2.654,0.848735177196288,0.379416835435826,56.541145233810205,104.48705368829435,-0.00043049944990095686
28208.0,2.6537599999999997,0.8452728868360344,0.37653367178179936,56.606217314467635,104.41517758033251,-0.00043507402211991525
28216.0,2.65352,0.8417739922112143,0.3736169159499124,56.672024945836526,104.342930036212,-0.00043964982134528683
28224.0,2.6532799999999996,0.8382385011884229,0.37066667548107063,56.73856535254949,104.27032777509176,-0.0004442221634997773
28232.0,2.65304,0.8346664623814762,0.3676831060713733,56.80583469700313,104.19738857588084,-0.0004487860668642815
28240.0,2.6528,0.8310579631759469,0.3646664106311401,56.87382810956554,104.12413137743363,-0.00045333625094686223
28248.0,2.65256,0.8274131358713749,0.3616168451061762,56.94253955783204,104.0505762197541,-0.00045786712579192076
28256.0,2.6523199999999996,0.8237321585343432,0.35853471986387037,57.01196181733637,103.97674430190698,-0.00046237278858212035
28264.0,2.6520799999999998,0.8200152568377288,0.3554204018716386,57.08208642472277,103.90265801212585,-0.00046684702025314654
28272.0,2.65184,0.8162627090487086,0.35227431947835636,57.15290358153571,103.82834084250483,-0.00047128328124042425
28280.0,2.6516,0.8124748454818871,0.3490969625140528,57.22440213575064,103.75381754640365,-0.0004756747110483128
28288.0,2.65136,0.8086520534544245,0.34588888694574166,57.296569507016756,103.67911398732456,-0.000480014129548544
28296.0,2.6511199999999997,0.804794778974935,0.3426507167320378,57.36939163021659,103.60425721508213,-0.0004842940377531271
28304.0,2.65088,0.8009035289300542,0.33938314601894265,57.44285290051349,103.52927549006127,-0.0004885066211923241
28312.0,2.65064,0.7969788742553163,0.33608694207612533,57.516936155254534,103.45419809164572,-0.0004926437611742804
28320.0,2.6504,0.7930214521059026,0.3327629472960908,57.59162255911751,103.37905556860322,-0.0004966970344562415
28328.0,2.6501599999999996,0.7890319677971348,0.32941208089016,57.66689163934593,103.3038794654014,-0.0005006577335623159
28336.0,2.64992,0.7850111976832832,0.32603534125108974,57.74272119652592,103.22870241038203,-0.0005045168750564683
28344.0,2.64968,0.7809599915981629,0.32263380781368817,57.8190872479112,103.15355812430792,-0.0005082652138051742
28352.0,2.64944,0.7768792724361717,0.31920864036904745,57.89596412491077,103.07848112823496,-0.000511893274176767
28360.0,2.6492,0.7727700424852962,0.31576108388991675,57.97332423830541,103.00350706029819,-0.0005153913533664851
28368.0,2.6489599999999998,0.7686333801255849,0.3122924651000041,58.05113828606313,102.92867227971449,-0.0005187495667497232
28376.0,2.64872,0.7644704441673041,0.3088041952778026,58.129375122657564,102.85401395789651,-0.0005219578661721452
28384.0,2.6484799999999997,0.760282476321692,0.3052977712998557,58.20800170453182,102.77957006917991,-0.0005250060679169151
28392.0,2.64824,0.7560707952143679,0.30177476940908005,58.286983364489494,102.70537901825423,-0.0005278839085083016
28400.0,2.6479999999999997,0.751836808167008,0.29823685365414354,58.36628342293898,102.63147996922036,-0.0005305810533568643
28408.0,2.64776,0.7475820004279863,0.2946857652493688,58.44586360857989,102.557912372608,-0.0005330871670580279
28416.0,2.64752,0.7433079409956228,0.2911233256107166,58.52568389839877,102.4847160367254,-0.0005353919445012311
28424.0,2.64728,0.7390162847476984,0.287551436072009,58.605702482448464,102.41193109407136,-0.0005374851540954135
28432.0,2.6470399999999996,0.7347087593441746,0.28397206472723635,58.685876223329885,102.33959760106865,-0.0005393567127575907
28440.0,2.6468,0.7303871828244783,0.2803872586119196,58.76616013802016,102.26775580450716,-0.0005409967048795224
28448.0,2.64656,0.7260534426906408,0.2767991236650163,58.846508134245525,102.19644551181541,-0.0005423954777096938
28456.0,2.64632,0.7217095072951134,0.27320983135404686,58.92687251246291,102.12570668958755,-0.0005435436560384517
28464.0,2.64608,0.7173574246130775,0.26962161460781536,59.00720410719022,102.05557915876298,-0.0005444322092955706
28472.0,2.6458399999999997,0.7129992882235355,0.26603673663451943,59.087453796854,101.98610070115238,-0.0005450526030254393
28480.0,2.6456,0.708637294232606,0.26245753451520343,59.167569884288326,101.91731049006393,-0.0005453966756883699
28488.0,2.6453599999999997,0.7042736715402753,0.2588863584241537,59.24750111405126,101.8492454549546,-0.0005454568842441005
28496.0,2.64512,0.6999107193882855,0.2553255990582335,59.327195117434606,101.78194203325445,-0.0005452262597156107
28504.0,2.6448799999999997,0.6955508089359135,0.25177768523329014,59.40659829509805,101.71543636019176,-0.0005446984546632955
28512.0,2.64464,0.6911963050187455,0.24824501670123175,59.48565866421572,101.64976158076435,-0.0005438679254508058
28520.0,2.6444,0.686849686610677,0.24473005854434177,59.56432161246162,101.58495167742343,-0.0005427297914608054
28528.0,2.64416,0.6825134097145227,0.24123522639713374,59.642534440747404,101.52103780331232,-0.0005412800594631278
28536.0,2.6439199999999996,0.6781899786798077,0.23776294100682638,59.72024408785893,101.45804997973025,-0.0005395155798702873
28544.0,2.64368,0.6738819555573191,0.2343156321505601,59.79739680869749,101.39601735907304,-0.000537434083032712
28552.0,2.64344,0.6695918359067975,0.23089563615347752,59.873941814574,101.3349659427938,-0.0005350342874563432
28560.0,2.6431999999999998,0.6653221899326295,0.22750530606887523,59.94982721808093,101.27492101816674,-0.000532315850270358
28568.0,2.64296,0.6610755665820511,0.22414693225663404,60.02500264467981,101.21590582519099,-0.0005292794296150702
28576.0,2.6427199999999997,0.6568545081626783,0.22082275179333458,60.09941887545478,101.15794166605178,-0.000525926700037544
28584.0,2.64248,0.6526615421909183,0.2175349399645583,60.17302806616031,101.10104774187575,-0.0005222603665213146
28592.0,2.64224,0.6484991520638791,0.21428558562737823,60.2457841237513,101.04524135844682,-0.0005182841288854086
28600.0,2.642,0.6443698012562931,0.21107670891582528,60.317642596413904,100.99053755008069,-0.0005140027340691059
28608.0,2.6417599999999997,0.640275907748803,0.20791024026591823,60.38856080791103,100.93694953484028,-0.0005094219152967711
28616.0,2.64152,0.636219838545879,0.20478801567301036,60.45849814188057,100.8844884252222,-0.0005045483906082168
28624.0,2.64128,0.6322039012562705,0.20171177009142888,60.52741628161178,100.8331630808891,-0.0004993898418311986
28632.0,2.64104,0.6282303455314406,0.19868313878904645,60.59527885317697,100.78298069406465,-0.0004939548609657356
28640.0,2.6408,0.6243013423721645,0.19570364219723774,60.66205221375126,100.73394607466084,-0.00048825293145560785
28648.0,2.64056,0.6204189879645234,0.19277468996742428,60.727704950322625,100.6860622695918,-0.0004822943557174112
28656.0,2.64032,0.6165852925921761,0.18989757403091642,60.79220824052681,100.63933035791099,-0.0004760902127518069
28664.0,2.6400799999999998,0.6128021728725044,0.18707346464843824,60.85553603223721,100.59374940860353,-0.0004696523020484258
28672.0,2.63984,0.6090714539098323,0.1843034142292516,60.91766457843613,100.54931692557827,-0.0004629930572468765
28680.0,2.6395999999999997,0.6053948503447684,0.18158834577954092,60.978573241324305,100.50602837462485,-0.000456125500144207
28688.0,2.63936,0.601773977917784,0.1789290643620113,61.038243776299026,100.46387772910568,-0.0004490631555854731
28696.0,2.6391199999999997,0.5982103398846079,0.1763262501409751,61.096660694662994,100.42285734073357,-0.0004418199765768186
28704.0,2.63888,0.5947053194387814,0.17378045626677285,61.153811403122496,100.38295793392727,-0.00043441026413153537
28712.0,2.6386399999999997,0.5912602004871288,0.17129212749910366,61.209685480394924,100.34416900243885,-0.00042684861323255704
28720.0,2.6384,0.5878761300091319,0.1688615765954939,61.26427561437901,100.30647851437195,-0.0004191497917000402
28728.0,2.63816,0.584554149457962,0.16648901086318119,61.31757669314981,100.26987329982094,-0.0004113287080124012
28736.0,2.63792,0.5812951787905845,0.16417452445957245,61.36958610921485,100.23433903152696,-0.00040340031313048426
28744.0,2.6376799999999996,0.578100009787752,0.16191809764891785,61.42030383629187,100.19986027611135,-0.0003953795134486845
28752.0,2.63744,0.574969332335882,0.15971961930256579,61.469731771344684,100.16642071765474,-0.00038728115262052744
28760.0,2.6372,0.571903699795982,0.1575788663417442,61.51787437637378,100.1340031123121,-0.0003791198666303434
28768.0,2.63696,0.568903561170754,0.1554955302088587,61.56473797541,100.10258946597345,-0.00037091009032855227
28776.0,2.63672,0.5659692492321684,0.1534692121988971,61.61033089350309,100.0721611055639,-0.0003626659642094558
28784.0,2.6364799999999997,0.5631009772423675,0.15149942487330653,61.654663442667626,100.04269876010065,-0.000354401262381323
28792.0,2.63624,0.5602988645913456,0.14958561314597127,61.69774746382713,100.0141826080222,-0.0003461294098980929
28800.0,2.636,0.5575629090794214,0.14772713854232425,61.73959662409889,99.98659244953002,-0.0003378633407377744
28808.0,2.63576,0.5548930167876618,0.14592330275624965,61.780225979780965,99.9599076748474,-0.0003296155431334741
28816.0,2.6355199999999996,0.5522889947093537,0.14417334546503946,61.81965197039975,99.93410739876349,-0.00032139798634337374
28824.0,2.63528,0.5497505502700128,0.14247644676486548,61.857892342003844,99.90917055967684,-0.0003132220728254405
28832.0,2.63504,0.5472773123913924,0.1408317437641351,61.8949659172067,99.88507586078131,-0.0003050986794046658
28840.0,2.6348,0.544868815039544,0.13923832184422388,61.93089257221785,99.86180201754676,-0.000297038050360897
28848.0,2.63456,0.542524518447964,0.13769523085129656,61.965693085998815,99.8393276469021,-0.00028904985425025494
28856.0,2.6343199999999998,0.5402438074966571,0.1362014857974944,61.99938902060637,99.81763140564365,-0.00028114314391288847
28864.0,2.63408,0.5380259940767224,0.13475607005144344,62.03200260659076,99.79669207513233,-0.00027332633774821487
28872.0,2.6338399999999997,0.535870329715971,0.13335794498877224,62.06355672472544,99.77648844082817,-0.0002656072611085371
28880.0,2.6336,0.5337760019307,0.13200604879989317,62.09407464782909,99.75699958014539,-0.00025799309490891827
28888.0,2.6333599999999997,0.5317421449970273,0.13069930448828534,62.12358011564883,99.73820467681401,-0.000250490422453666
28896.0,2.63312,0.5297678430321435,0.12943662265471773,62.15209715567203,99.72008315768684,-0.00024310522266036662
28904.0,2.63288,0.5278521341706579,0.12821690481945847,62.17964995943916,99.70261476865448,-0.00023584287561259013
28912.0,2.63264,0.5259940156763878,0.12703904716805345,62.20626299309817,99.68577944008629,-0.00022870819353538248
28920.0,2.6323999999999996,0.5241924496071285,0.1259019444718887,62.23196064333376,99.66955752690089,-0.00022170542103986914
28928.0,2.63216,0.5224463649733846,0.12480449163886968,62.256767404201234,99.65392965044305,-0.00021483826185253308
28936.0,2.63192,0.520754663743327,0.1237455875616881,62.280707693365855,99.63887679783771,-0.0002081098981624344
28944.0,2.63168,0.5191162257862784,0.1227241381505839,62.30380574354321,99.6243803715055,-0.0002015230125721591
28952.0,2.63144,0.5175299079831803,0.12173905562387546,62.32608576636133,99.61042207638874,-0.0001950798020528015
28960.0,2.6311999999999998,0.5159945558292379,0.12078926547750486,62.347571597310846,99.59698410468653,-0.00018878201855256072
28968.0,2.63096,0.5145089993674746,0.11987370361341092,62.36828692349182,99.58404899052903,-0.00018263097374775835
28976.0,2.6307199999999997,0.5130720604346871,0.11899132042725753,62.38825512159125,99.57159968628794,-0.0001766275739890278
28984.0,2.63048,0.5116825575297366,0.1181410833214882,62.40749917113366,99.55961959817412,-0.00017077234995816696
28992.0,2.6302399999999997,0.5103393013200225,0.11732197343967311,62.42604182465313,99.54809248429929,-0.00016506545607781955
29000.0,2.63,0.5090411083540772,0.11653299348999972,62.4439053092844,99.5370025901211,-0.00015950673284258123
29008.0,2.62976,0.507786793840122,0.11577316273440488,62.46111153278525,99.52633454893042,-0.0001540956950989205
29016.0,2.62952,0.5065751786856026,0.11504152065950844,62.47768196242992,99.51607342263566,-0.0001488315726926731
29024.0,2.6292799999999996,0.5054050936864488,0.11433712885443142,62.493637566421604,99.50620471513626,-0.00014371334117449044
29032.0,2.62904,0.5042753735243327,0.1136590667414088,62.50899895703755,99.4967143098421,-0.0001387397113806253
29040.0,2.6288,0.50318486993205,0.11300643883368487,62.52378616896141,99.48758854935961,-0.0001339091975348989
29048.0,2.62856,0.5021324435625767,0.11237836917788781,62.53801882667949,99.47881415643144,-0.00012922009671951213
29056.0,2.6283199999999995,0.5011169700014717,0.11177400429956022,62.55171606143923,99.4703782611343,-0.00012467052771260236
29064.0,2.6280799999999997,0.5001373430230633,0.11119251447204012,62.56489647518061,99.46226840951108,-0.00012025845830043426
29072.0,2.62784,0.4991924684890862,0.11063308944146856,62.5775782521909,99.45447251210219,-0.00011598169043898256
29080.0,2.6276,0.49828127548039886,0.11009494439145981,62.58977900914151,99.44697888969438,-0.00011183792304081936
29088.0,2.62736,0.4974027087110324,0.10957731481691055,62.60151591632215,99.4397762303881,-0.00010782472879639071
29096.0,2.6271199999999997,0.4965557331563664,0.10907945865596122,62.61280564875086,99.43285359554527,-0.00010393958712889454
29104.0,2.62688,0.4957393363403505,0.10860065703450542,62.6236643689336,99.42620041629733,-0.00010017990617550616
29112.0,2.62664,0.49495252297916925,0.10814021054846916,62.634107803565094,99.41980646892816,-9.654300731373127e-05
29120.0,2.6264,0.49419432348370956,0.10769744369425466,62.644151155336964,99.4136618898884,-9.302617690200144e-05
29128.0,2.62616,0.493463787656941,0.10727170064077114,62.65380918507236,99.40775714480175,-8.962664493405143e-05
29136.0,2.62592,0.4927599879283893,0.1068623466115264,62.663096186954355,99.40208302967974,-8.634161038049596e-05
29144.0,2.62568,0.4920820209438699,0.1064687683129896,62.672025986208375,99.39663066294571,-8.316825850303068e-05
29152.0,2.6254399999999998,0.4914290033995089,0.10609037104353244,62.68061199325278,99.39139146050294,-8.010374827393775e-05
29160.0,2.6252,0.4908000755665174,0.1057265802953841,62.68886711317584,99.38635719970473,-7.71452336718796e-05
29168.0,2.6249599999999997,0.4901944014080641,0.10537684138991749,62.696803894228424,99.38151987825985,-7.428988233816602e-05
29176.0,2.62472,0.48961116739012156,0.10504061838145198,62.704434435897085,99.37687180828546,-7.153486854326858e-05
29184.0,2.6244799999999997,0.48904958174018076,0.10471739324592025,62.71177037922115,99.37240563127303,-6.887737439418114e-05
29192.0,2.62424,0.4885088750802038,0.10440666588209026,62.718823087153595,99.3681141510385,-6.631461266887801e-05
29200.0,2.6239999999999997,0.4879883011212257,0.10410795416346623,62.725603380735116,99.36399056433646,-6.384381735110208e-05
29208.0,2.62376,0.48748713444121394,0.10382079233491052,62.7321218123877,99.36002821447349,-6.14622556787912e-05
29216.0,2.62352,0.4870046719770881,0.10354473156124148,62.738388531804574,99.35622071644323,-5.9167232235193666e-05
29224.0,2.62328,0.4865402329942494,0.10327933961584186,62.74441326935373,99.35256197812947,-5.6956092337819474e-05
29232.0,2.6230399999999996,0.48609315498524364,0.10302419826384845,62.750205535541376,99.34904603648438,-5.48262164132601e-05
29240.0,2.6228,0.48566280024332525,0.10277890675870784,62.755774342733005,99.34566726873418,-5.2775043326190904e-05
29248.0,2.62256,0.4852485485719257,0.1025430774374393,62.761128472015244,99.34242019359594,-5.080004999231869e-05
29256.0,2.6223199999999998,0.4848497997578226,0.10231633690817798,62.76627638711712,99.3392995355332,-4.889876356973922e-05
29264.0,2.62208,0.48446597465995656,0.10209832645444622,62.771226197123255,99.33630025230154,-4.706876879277369e-05
29272.0,2.6218399999999997,0.48409651238468,0.1018887002284198,62.77598572286662,99.33341748242722,-4.530769899296288e-05
29280.0,2.6216,0.4837408713387702,0.10168712566281363,62.78056249723834,99.3306465491423,-4.361324548304383e-05
29288.0,2.62136,0.48339852749692447,0.1014932823133725,62.784963775550004,99.32798295359416,-4.198315064231196e-05
29296.0,2.62112,0.4830689745508883,0.10130686178126148,62.78919654377425,99.32542236716426,-4.04152120301593e-05
29304.0,2.6208799999999997,0.4827517238723283,0.10112756753919994,62.79326752333884,99.3229606284442,-3.8907284971399165e-05
29312.0,2.62064,0.4824463037300043,0.10095511434586484,62.79718316650358,99.3205937634131,-3.745727976954395e-05
29320.0,2.6204,0.4821522587034091,0.10078922778192469,62.80094969423945,99.3183179348409,-3.606316301339729e-05
29328.0,2.62016,0.48186914958322796,0.10062964406996065,62.804573083975065,99.31612945545531,-3.472295808298115e-05
29336.0,2.6199199999999996,0.4815965528140092,0.10047610964433981,62.80805908392347,99.31402478088619,-3.3434744650957804e-05
29344.0,2.61968,0.48133405997055345,0.1003283807485278,62.811413222023674,99.31200050862637,-3.2196657865198814e-05
29352.0,2.61944,0.4810812772705621,0.10018622306063617,62.81464080763051,99.31005337018621,-3.100688710511091e-05
29360.0,2.6191999999999998,0.4808378253691939,0.10004941148460539,62.817746949177256,99.30818021920486,-2.986367750237322e-05
29368.0,2.61896,0.4806033386419138,0.0999177296602873,62.82073655213601,99.30637804562645,-2.8765326799410876e-05
29376.0,2.6187199999999997,0.4803774648411495,0.09979096969018655,62.823614330806826,99.30464396109359,-2.7710185391500997e-05
29384.0,2.61848,0.480159864725987,0.09966893185675739,62.826384817476665,99.3029751864762,-2.6696655922089457e-05
29392.0,2.61824,0.4799502116856039,0.09955142434157074,62.829052362109195,99.3013690525744,-2.572319207224841e-05
29400.0,2.618,0.47974819108834055,0.0994382627958981,62.83162114899239,99.29982299965629,-2.478829679682027e-05
29408.0,2.6177599999999996,0.4795535002490924,0.09932927026260871,62.83409519338843,99.2983345687684,-2.389052285428936e-05
29416.0,2.61752,0.4793658478345219,0.09922427678735866,62.83647835272352,99.29690139763825,-2.3028470849654575e-05
29424.0,2.61728,0.47918495337997724,0.09912311909678097,62.8387743346155,99.29552121730458,-2.220078766696483e-05
29432.0,2.61704,0.4790105473469822,0.0990256405827725,62.840986691855214,99.29419185818483,-2.1406167244859984e-05
29440.0,2.6168,0.4788423701902546,0.09893169073647513,62.84311884326301,99.29291122911613,-2.064334703177212e-05
29448.0,2.6165599999999998,0.478680172461149,0.09884112516512722,62.845174066561334,99.29167732893067,-1.991110878393842e-05
29456.0,2.61632,0.47852371426556556,0.09875380525109499,62.84715550871552,99.29048823777696,-1.9208276577428894e-05
29464.0,2.6160799999999997,0.4783727648504108,0.09866959788581615,62.849066193082265,99.28934211154362,-1.8533715336377684e-05
29472.0,2.61584,0.47822710258081375,0.0985883754243856,62.85090901768863,99.28823718241522,-1.7886331106221282e-05
29480.0,2.6155999999999997,0.47808651417461184,0.09851001522831611,62.85268676870951,99.28717175306409,-1.7265067769384344e-05
29488.0,2.61536,0.47795079481524744,0.09843439970054964,62.85440211698412,99.28614419517245,-1.666890795770648e-05
29496.0,2.6151199999999997,0.47781974764062196,0.09836141597457101,62.856057626401984,99.28515294542468,-1.6096870909049518e-05
29504.0,2.61488,0.47769318336138133,0.0982909556778479,62.85765575979805,99.2841965028641,-1.5548010913493363e-05
29512.0,2.6146399999999996,0.4775709203837796,0.09822291497798322,62.85919887511541,99.28327343270439,-1.5021418173267712e-05
29520.0,2.6144,0.4774527839605166,0.09815719408944548,62.86068924048836,99.28238235284721,-1.4516214941273796e-05
29528.0,2.61416,0.4773386064279543,0.0980936973866266,62.86212902838021,99.28152194193046,-1.4031556895198935e-05
29536.0,2.61392,0.47722822672504656,0.09803233311854413,62.863520323343,99.28069093307317,-1.3566630992661249e-05
29544.0,2.6136799999999996,0.47712149005105486,0.09797301320228653,62.864865127281554,99.27988810961118,-1.3120653986802165e-05
29552.0,2.6134399999999998,0.477018247985424,0.09791565327455072,62.866165356980964,99.27911230548268,-1.2692873252014014e-05
29560.0,2.6132,0.4769183577631598,0.0978601722750075,62.86742285494376,99.27836240193973,-1.2282563273323851e-05
29568.0,2.61296,0.47682168247502404,0.09780649254468232,62.86863938614679,99.27763732601764,-1.188902688232765e-05
29576.0,2.61272,0.47672809065548144,0.09775453958511739,62.86981664402556,99.27693604787812,-1.151159331569704e-05
29584.0,2.6124799999999997,0.47663745599241614,0.0977042418862205,62.87095625452768,99.27625757902614,-1.114961687846848e-05
29592.0,2.61224,0.47654965745538563,0.09765553098721959,62.872059773367866,99.27560097527858,-1.0802477725599391e-05
29600.0,2.612,0.4764645786378418,0.09760834110220369,62.87312869663111,99.2749653269717,-1.0469578667949811e-05
29608.0,2.61176,0.476382107972411,0.09756260923086568,62.87416445637357,99.27434976506926,-1.0150346355432425e-05
29616.0,2.61152,0.4763021383661503,0.09751827494807312,62.87516842612123,99.27375345670438,-9.84422952772898e-06
29624.0,2.61128,0.47622456694868126,0.09747528025677737,62.87614192455783,99.27317560220925,-9.550697829777133e-06
29632.0,2.61104,0.47614929520364924,0.0974335696539529,62.87708621343732,99.27261543567172,-9.269242608118801e-06
29640.0,2.6108,0.4760762283952584,0.09739308980636074,62.87800250541475,99.27207222250212,-8.999373988008276e-06
29648.0,2.61056,0.47600527576214674,0.09735378965209009,62.87889196152378,99.27154525820562,-8.740622013241204e-06
29656.0,2.6103199999999998,0.4759363502087544,0.09731562022406424,62.87975569533104,99.27103386674891,-8.49253510469781e-06
29664.0,2.61008,0.4758693680945845,0.0972785345282793,62.880594775708445,99.27053739948771,-8.254679025606553e-06
29672.0,2.6098399999999997,0.4758042493486798,0.09724248760248765,62.881410224899305,99.27005523684285,-8.02663754690233e-06
29680.0,2.6096,0.4757409169845681,0.0972074362433038,62.882203025771865,99.2695867819058,-7.808009996938814e-06
29688.0,2.6093599999999997,0.47567929727170033,0.09717333909710499,62.8829741186969,99.26913146487985,-7.598412188310353e-06
29696.0,2.60912,0.47561931947431507,0.09714015651175886,62.88372440533057,99.26868873986034,-7.39747511510239e-06
29704.0,2.60888,0.475560915674542,0.09710785043531682,62.884454751135586,99.26825808267363,-7.204844083410273e-06
29712.0,2.60864,0.4755040208785164,0.09707638447151343,62.88516598379902,99.2678389917343,-7.020179325150737e-06
29720.0,2.6083999999999996,0.47544857260132783,0.0970457236472275,62.885858898686564,99.26743098607564,-6.8431538308441e-06
29728.0,2.60816,0.4753945110193624,0.09701583449401045,62.88653425704466,99.26703360435003,-6.673454231033438e-06
29736.0,2.60792,0.47534177875127814,0.09698668492441614,62.88719278880592,99.26664640391587,-6.510779665756805e-06
29744.0,2.6076799999999998,0.4752903207108753,0.09695824414832202,62.88783519444055,99.26626896027435,-6.354841034209178e-06
29752.0,2.60744,0.4752400841975946,0.09693048272076174,62.888462143649875,99.26590086780249,-6.205361513539651e-06
29760.0,2.6071999999999997,0.4751910185517065,0.09690337234932854,62.88907428025179,99.26554173574657,-6.062074773231168e-06
29768.0,2.60696,0.47514307528261573,0.09687688596321244,62.88967222000025,99.2651911913732,-5.9247256643932885e-06
29776.0,2.60672,0.47509620788731677,0.09685099761113626,62.8902565531573,99.26484887766341,-5.793069292698973e-06
29784.0,2.60648,0.4750503717289989,0.09682568239268918,62.890827846200665,99.26451445175027,-5.6668704058244265e-06
29792.0,2.6062399999999997,0.47500552411530345,0.09680091650004576,62.891386640667186,99.26418758589251,-5.545903834555357e-06
29800.0,2.606,0.47496162400986397,0.09677667705726,62.89193345688137,99.26386796584156,-5.429952965839424e-06
29808.0,2.60576,0.47491863214243435,0.09675294217979596,62.89246879272586,99.2635552901202,-5.318810376055909e-06
29816.0,2.60552,0.4748765108583264,0.09672969089018313,62.89299312550451,99.26324926952604,-5.212277037638781e-06
29824.0,2.6052799999999996,0.4748352240182328,0.096706903061605,62.89350691316345,99.26294962684784,-5.110161795844768e-06
29832.0,2.60504,0.4747947370642945,0.09668455945332481,62.89401059345029,99.26265609699801,-5.0122817476933035e-06
29840.0,2.6048,0.4747550167821327,0.09666264157837871,62.89450458713871,99.2623684246874,-4.918460987836228e-06
29848.0,2.6045599999999998,0.47471603139239144,0.09664113175320388,62.89498929654442,99.26208636652987,-4.828531100026543e-06
29856.0,2.60432,0.4746777504270579,0.09662001302854926,62.895465107256314,99.2618096894292,-4.742330516204392e-06
29864.0,2.6040799999999997,0.4746401446474543,0.09659926914345855,62.895932389283686,99.26153816947547,-4.659704095865167e-06
29872.0,2.60384,0.47460318609965196,0.09657888455511272,62.89639149621177,99.2612715929467,-4.580503432027718e-06
29880.0,2.6036,0.4745668479180809,0.09655884432982537,62.89684276774973,99.26100975486314,-4.504585804551555e-06
29888.0,2.60336,0.4745311044022712,0.09653913418474633,62.89728652889168,99.2607524585637,-4.431814619620944e-06
29896.0,2.6031199999999997,0.4744959309151883,0.09651974043120327,62.8977230911439,99.26049951543742,-4.362058866506615e-06
29904.0,2.60288,0.4744613038160146,0.09650064993709517,62.898152753324155,99.26025074479084,-4.295192760757041e-06
29912.0,2.60264,0.4744272005062951,0.09648185015182319,62.89857580104816,99.26000597361778,-4.23109601135202e-06
29920.0,2.6024,0.47439359926895763,0.09646332901706559,62.89899250881428,99.25976503541175,-4.169652959945998e-06
29928.0,2.60216,0.4743604793315123,0.09644507500117705,62.89940313902128,99.25952777148555,-4.110752921364986e-06
29936.0,2.60192,0.47432782078300184,0.09642707705299261,62.89980794312293,99.25929402986326,-4.0542897490190085e-06
29944.0,2.60168,0.4742956045192288,0.09640932457125724,62.900207162392924,99.2590636645114,-4.000161550911683e-06
29952.0,2.6014399999999998,0.47426381228096937,0.09639180742532072,62.900601027305946,99.25883653629693,-3.948270896398438e-06
29960.0,2.6012,0.4742324265220241,0.09637451588209044,62.900989759288,99.25861251169525,-3.89852411176851e-06
29968.0,2.6009599999999997,0.474201430461602,0.09635744063458093,62.901373570136215,99.25839146261399,-3.8508315787099e-06
29976.0,2.60072,0.4741708080164192,0.09634057276420467,62.90175266282504,99.25817326624224,-3.805107367962758e-06
29984.0,2.6004799999999997,0.474140543755998,0.09632390371587347,62.90212723202776,99.25795780499166,-3.7612689992945635e-06
29992.0,2.60024,0.47411062293415285,0.09630742531507992,62.902497463819884,99.25774496608268,-3.7192376266498604e-06
30000.0,2.5999999999999996,0.4740810313814116,0.09629112970840209,62.902863537000314,99.25753464108216,-3.678937454991735e-06
30008.0,2.59976,0.47405175554778917,0.09627500938683427,62.90322562245837,99.25732672665607,-3.640295972491856e-06
30016.0,2.59952,0.4740227824475584,0.09625905715515651,62.90358388393783,99.25712112382797,-3.603243659450812e-06
30024.0,2.59928,0.47399409962295885,0.09624326611175325,62.90393847854384,99.25691773745662,-3.567713798722906e-06
30032.0,2.5990399999999996,0.473965695170062,0.09622762966266422,62.9042895562901,99.25671647710637,-3.5336426127061116e-06
30040.0,2.5987999999999998,0.47393755765095485,0.09621214147306145,62.90463726130545,99.2565172558915,-3.5009687954393496e-06
30048.0,2.59856,0.4739096761289996,0.09619679548649467,62.90498173142614,99.25631999049435,-3.469633712017818e-06
30056.0,2.59832,0.47388204012381646,0.09618158589995345,62.90532309872597,99.25612460106775,-3.439581154122653e-06
30064.0,2.59808,0.4738546395817385,0.09616650714746057,62.90566148985734,99.25593101120502,-3.410757180116433e-06
30072.0,2.5978399999999997,0.4738274648970077,0.09615155391159788,62.90599702589041,99.25573914745677,-3.3831102421367284e-06
30080.0,2.5976,0.47380050684042624,0.09613672108411249,62.90632982313383,99.25554893931202,-3.356590793873583e-06
30088.0,2.59736,0.47377375658796694,0.09612200378153898,62.906659992739854,99.25536031955438,-3.331151447814873e-06
30096.0,2.59712,0.47374720568428147,0.09610739732500369,62.90698764120528,99.25517322378255,-3.306746781713616e-06
30104.0,2.5968799999999996,0.47372084601878295,0.09609289722695898,62.90731287070448,99.25498759006621,-3.283333212869092e-06
30112.0,2.59664,0.4736946698429373,0.09607849920059207,62.907635778757374,99.25480335970515,-3.2608690874720415e-06
30120.0,2.5964,0.4736686697122107,0.09606419912779478,62.90795645906829,99.25462047620837,-3.2393143730883066e-06
30128.0,2.59616,0.4736428385095699,0.09604999307199925,62.90827500123196,99.25443888544842,-3.2186307899835664e-06
30136.0,2.59592,0.4736171694157946,0.09603587726176262,62.9085914910837,99.25425853558363,-3.1987816492643852e-06
30144.0,2.5956799999999998,0.4735916558900354,0.0960218480799944,62.90890601092349,99.25407937703497,-3.179731747115592e-06
30152.0,2.59544,0.47356629168395875,0.09600790207165767,62.90921863943827,99.25390136200757,-3.1614474516505588e-06
30160.0,2.5951999999999997,0.4735410707946679,0.0959940359178089,62.909529452198186,99.25372444471608,-3.143896440026581e-06
30168.0,2.59496,0.47351598748369855,0.09598024644597472,62.90983852142116,99.2535485814785,-3.127047804807326e-06
30176.0,2.5947199999999997,0.47349103625301286,0.09596653061688769,62.910145916297985,99.25337373042092,-3.110871925813028e-06
30184.0,2.59448,0.47346621182929705,0.09595288551579362,62.910451703208885,99.25319985126067,-3.0953403870688666e-06
30192.0,2.59424,0.47344150917542416,0.09593930835869394,62.91075594547986,99.2530269059421,-3.080426034350757e-06
30200.0,2.594,0.4734169234522629,0.09592579647129858,62.91105870397105,99.25285485775547,-3.066102774821703e-06
30208.0,2.5937599999999996,0.4733924500342327,0.09591234729752388,62.9113600368589,99.25268367157616,-3.0523456623655445e-06
30216.0,2.59352,0.47336808448980033,0.09589895838872371,62.911659999869364,99.25251331379037,-3.0391307911119424e-06
30224.0,2.59328,0.4733438225687283,0.09588562739663595,62.91195864642638,99.25234375226722,-3.0264352258863036e-06
30232.0,2.59304,0.47331966021146027,0.09587235207849501,62.91225602762185,99.25217495592823,-3.0142370613923786e-06
30240.0,2.5928,0.473295593518166,0.09585913027998126,62.91255219250622,99.25200689508684,-3.0025152463066743e-06
30248.0,2.5925599999999998,0.47327161876129176,0.09584595994207704,62.91284718795684,99.25183954137641,-2.991249655335784e-06
30256.0,2.59232,0.47324773236981843,0.09583283909238004,62.913141058886374,99.2516728675835,-2.9804210045487734e-06
30264.0,2.5920799999999997,0.47322393091898113,0.09581976583942044,62.91343384838199,99.25150684752117,-2.9700107966231424e-06
30272.0,2.59184,0.4732002111378252,0.09580673837677692,62.913725597528064,99.25134145654488,-2.960001357616334e-06
30280.0,2.5915999999999997,0.4731765698841693,0.09579375496929272,62.914016345820336,99.25117667080528,-2.9503757072454276e-06
30288.0,2.59136,0.4731530041548506,0.09578081395867195,62.914306131001105,99.25101246753076,-2.9411176136473483e-06
30296.0,2.59112,0.47312951107294965,0.09576791375643397,62.914594989216404,99.25084882495177,-2.9322115237354987e-06
30304.0,2.59088,0.4731060878794482,0.09575505283930529,62.91488295511588,99.25068572226714,-2.9236425177407555e-06
30312.0,2.5906399999999996,0.4730827319394315,0.09574222975259827,62.91517006184737,99.25052313928146,-2.9153963493668464e-06
30320.0,2.5904,0.47305944072178846,0.09572944309904025,62.91545634122035,99.25036105677343,-2.907459328212335e-06
30328.0,2.59016,0.4730362117991855,0.09571669153873642,62.91574182374687,99.25019945625856,-2.8998183232223362e-06
30336.0,2.5899199999999998,0.4730130428641904,0.09570397379799751,62.91602653843327,99.25003832014575,-2.8924608519411944e-06
30344.0,2.5896799999999995,0.47298993171219195,0.09569128865993987,62.91631051299087,99.24987763161441,-2.8853749867942412e-06
30352.0,2.5894399999999997,0.4729668761746582,0.09567863492783457,62.916593774582935,99.24971737451487,-2.8785489809719325e-06
30360.0,2.5892,0.47294387424867534,0.09566601149618673,62.916876348361455,99.24955753363864,-2.871971995393093e-06
30368.0,2.58896,0.472920923971184,0.09565341728169048,62.91715825906767,99.24939809386689,-2.865633406889482e-06
30376.0,2.58872,0.4728980234745193,0.09564085125369469,62.91743953024912,99.249239040794,-2.8595231091487083e-06
30384.0,2.5884799999999997,0.4728751709921329,0.09562831243732267,62.91772018410812,99.2490803609897,-2.8536315393187176e-06
30392.0,2.58824,0.4728523647814071,0.09561579987110552,62.91800024237431,99.24892204166422,-2.8479492453268985e-06
30400.0,2.588,0.4728296032329438,0.09560331266693088,62.91827972526803,99.24876407059878,-2.8424675138823594e-06
30408.0,2.58776,0.47280688476390226,0.09559084995150677,62.91855865270827,99.24860643574199,-2.837177772404954e-06
30416.0,2.58752,0.4727842078682386,0.09557841089391282,62.9188370436449,99.24844912564431,-2.832071864369845e-06
30424.0,2.58728,0.47276157112376627,0.09556599470945698,62.91911491593215,99.24829212955031,-2.8271420861792415e-06
30432.0,2.58704,0.47273897312579316,0.09555360062326305,62.91939228723033,99.24813543651543,-2.8223808254609906e-06
30440.0,2.5867999999999998,0.47271641257618197,0.09554122791910723,62.91966917386573,99.24797903659525,-2.817781052425534e-06
30448.0,2.58656,0.47269388820070857,0.09552887589407968,62.919945591817175,99.24782292027449,-2.813335859561271e-06
30456.0,2.5863199999999997,0.47267139878680614,0.0955165438792755,62.920221556287046,99.24766707850839,-2.8090386739223114e-06
30464.0,2.58608,0.47264894318839074,0.09550423124242823,62.92049708166397,99.24751150260612,-2.8048832859025228e-06
30472.0,2.5858399999999997,0.4726265202757713,0.09549193736043493,62.9207721821419,99.24735618397229,-2.8008635715695253e-06
30480.0,2.5856,0.47260412900402454,0.09547966165683673,62.92104687082383,99.24720111478383,-2.796973868842176e-06
30488.0,2.5853599999999997,0.47258176834728144,0.09546740356577972,62.92132116060782,99.24704628716374,-2.793208618278679e-06
30496.0,2.58512,0.4725594373295438,0.0954551625489028,62.92159506376727,99.2468916936032,-2.7895625316439065e-06
30504.0,2.58488,0.4725371350287084,0.09544293809753361,62.9218685918861,99.2467373270806,-2.7860306135456413e-06
30512.0,2.58464,0.47251486053450703,0.09543072970962642,62.92214175638703,99.24658318075417,-2.7826079285737782e-06
30520.0,2.5843999999999996,0.47249261300598394,0.09541853692125896,62.92241456784234,99.2464292481769,-2.7792899224546927e-06
30528.0,2.58416,0.4724703916546508,0.09540635929738839,62.92268703614358,99.24627552341424,-2.7760723260863366e-06
30536.0,2.58392,0.47244819564249585,0.09539419637595423,62.92295917180887,99.24612200013313,-2.7729505918903477e-06
30544.0,2.58368,0.4724260241691665,0.09538204771565671,62.92323098492447,99.24596867215664,-2.769920379907007e-06
30552.0,2.58344,0.4724038766777742,0.09536991300870697,62.92350248268635,99.24581553469173,-2.7669787093185607e-06
30560.0,2.5831999999999997,0.47238175233613755,0.09535779179658148,62.923773675546954,99.24566258142127,-2.764121053818982e-06
30568.0,2.58296,0.4723596505566554,0.09534568375486557,62.924044570571304,99.2455098088673,-2.7613442186651896e-06
30576.0,2.58272,0.4723375707009905,0.09533358853144083,62.92431517558087,99.2453572128014,-2.758644732755691e-06
30584.0,2.58248,0.47231551209332057,0.09532150575375256,62.924585499114535,99.24520478795463,-2.7560189309682673e-06
30592.0,2.5822399999999996,0.47229347427307183,0.09530943516723916,62.924855547310216,99.24505252976404,-2.753464362278968e-06
30600.0,2.582,0.4722714565688065,0.09529737640192514,62.92512532849997,99.24490043345922,-2.7509773691150906e-06
30608.0,2.58176,0.4722494585127927,0.0952853291994904,62.92539484854528,99.24474849529615,-2.7485554291848465e-06
30616.0,2.58152,0.472227479593262,0.09527329327757063,62.92566411387679,99.24459671122634,-2.7461957740885287e-06
30624.0,2.58128,0.4722055192646346,0.09526126833536408,62.9259331313587,99.24444507710182,-2.7438954454001943e-06
30632.0,2.58104,0.47218357716165105,0.09524925417087929,62.9262019055068,99.244293590706,-2.7416524791306875e-06
30640.0,2.5808,0.4721616527436755,0.09523725048616341,62.9264704431245,99.24414224780526,-2.73946393959976e-06
30648.0,2.5805599999999997,0.4721397456342701,0.09522525707323364,62.926738748956254,99.24399104547354,-2.73732780247532e-06
30656.0,2.58032,0.4721178554220232,0.09521327370501806,62.92700682817654,99.24383998056616,-2.735241846167944e-06
30664.0,2.5800799999999997,0.4720959816684522,0.09520130013968774,62.927274686290666,99.24368904977531,-2.7332036956145215e-06
30672.0,2.57984,0.4720741240771665,0.09518933621325125,62.927542327046844,99.24353825071168,-2.731211766835193e-06
30680.0,2.5796,0.472052282213805,0.09517738168624953,62.92780975590149,99.24338758008784,-2.729263704023821e-06
30688.0,2.57936,0.47203045577428443,0.09516543639058421,62.92807697667166,99.2432370356337,-2.7273578748379966e-06
30696.0,2.5791199999999996,0.47200864442665896,0.09515350014295491,62.92834399352772,99.24308661484427,-2.725492490347604e-06
30704.0,2.57888,0.4719868478176152,0.09514157274841793,62.92861081091245,99.24293631502367,-2.7236656411270944e-06
30712.0,2.57864,0.4719650657080552,0.09512965407457566,62.92887743182779,99.24278613438412,-2.721876052319704e-06
30720.0,2.5784,0.4719432977477715,0.09511774392827542,62.929143860675836,99.24263607026549,-2.7201218285511427e-06
30728.0,2.57816,0.47192154369161543,0.09510584217389216,62.92941010054263,99.24248612079244,-2.718401658949475e-06
30736.0,2.5779199999999998,0.47189980327195497,0.09509394866353761,62.92967615479507,99.24233628392568,-2.716714105841419e-06
30744.0,2.57768,0.47187807620388045,0.0950820632399118,62.92994202701553,99.24218655750232,-2.7150576336759658e-06
30752.0,2.5774399999999997,0.4718563622944728,0.09507018579607338,62.930207719635696,99.24203694004099,-2.713431219271577e-06
30760.0,2.5772,0.4718346612613597,0.09505831617618384,62.93047323620655,99.24188742939525,-2.7118333387407545e-06
30768.0,2.5769599999999997,0.4718129729066368,0.09504645427064215,62.93073857922036,99.24173802405818,-2.710262938620626e-06
30776.0,2.57672,0.47179129701433453,0.09503459995999705,62.93100375139602,99.24158872238492,-2.7087188635205936e-06
30784.0,2.57648,0.4717696333545959,0.09502275311723489,62.93126875562665,99.24143952262472,-2.707199879359918e-06
30792.0,2.57624,0.4717479817714506,0.09501091365577698,62.93153359387871,99.24129042359208,-2.7057051638711907e-06
30800.0,2.5759999999999996,0.47172634203708513,0.09499908144978628,62.93179826901968,99.24114142355168,-2.7042334923496614e-06
30808.0,2.57576,0.4717047139915396,0.0949872564105566,62.93206278306644,99.24099252128391,-2.702784018393677e-06
30816.0,2.57552,0.471683097460341,0.09497543844147106,62.93232713821779,99.24084371545925,-2.7013558136077595e-06
30824.0,2.57528,0.4716614922578612,0.09496362743984037,62.932591336812294,99.24069500466308,-2.699947886305238e-06
30832.0,2.5750399999999996,0.4716398982578436,0.09495182333545607,62.93285538044454,99.24054638792784,-2.6985595761169767e-06
30840.0,2.5747999999999998,0.4716183152762998,0.09494002602657305,62.93311927143256,99.2403978638518,-2.697189898876524e-06
30848.0,2.57456,0.4715967431837641,0.09492823544127224,62.933383011411415,99.24024943144371,-2.69583817477042e-06
30856.0,2.57432,0.4715751818391089,0.09491645150128047,62.93364660216221,99.24010108962446,-2.694503658010975e-06
30864.0,2.57408,0.47155363109224246,0.09490467412344634,62.93391004557838,99.23995283724801,-2.693185551890582e-06
30872.0,2.5738399999999997,0.4715320908407707,0.09489290325070443,62.93417334295621,99.23980467353063,-2.6918833262014175e-06
30880.0,2.5736,0.4715105609359204,0.09488113880066269,62.93443649617255,99.2396565973357,-2.690596190282736e-06
30888.0,2.57336,0.4714890412727151,0.09486938071487987,62.934699506555404,99.23950860785885,-2.689323598190845e-06
30896.0,2.57312,0.47146753173681105,0.09485762892981253,62.9349623755502,99.23936070422482,-2.6880649509403784e-06
30904.0,2.57288,0.47144603220666326,0.09484588337800005,62.9352251046929,99.23921288550352,-2.68681960861189e-06
30912.0,2.57264,0.4714245425990347,0.0948341440129257,62.93548769504024,99.23906515105423,-2.685587145577484e-06
30920.0,2.5724,0.47140306279344046,0.09482241076773922,62.935750148114685,99.2389174999551,-2.6843669267610627e-06
30928.0,2.57216,0.4713815927045675,0.09481068359481855,62.93601246499816,99.23876993154994,-2.683158513838867e-06
30936.0,2.57192,0.4713601322395807,0.09479896244244597,62.93627464686687,99.2386224451258,-2.681961425846091e-06
30944.0,2.5716799999999997,0.4713386812998612,0.09478724725575872,62.936536694969625,99.23847503992592,-2.680775148881314e-06
30952.0,2.57144,0.4713172398175517,0.09477553799670695,62.93679861017012,99.23832771542578,-2.6795993412926746e-06
30960.0,2.5711999999999997,0.4712958076948851,0.09476383461091847,62.93706039370641,99.23818047087512,-2.678433493074555e-06
30968.0,2.57096,0.4712743848623357,0.0947521370594557,62.93732204646291,99.23803330573773,-2.6772772523857136e-06
30976.0,2.5707199999999997,0.471252971244338,0.09474044530009366,62.93758356939969,99.23788621943156,-2.6761302330905825e-06
30984.0,2.57048,0.4712315667606821,0.0947287592880829,62.937844963535056,99.23773921133895,-2.674992022574004e-06
30992.0,2.57024,0.47121017135585475,0.09471707899216776,62.93810622957838,99.23759228102831,-2.6738623466656306e-06
31000.0,2.57,0.47118878495033034,0.0947054043679932,62.93836736853933,99.2374454278875,-2.6727407958758906e-06
31008.0,2.5697599999999996,0.4711674074872551,0.09469373538359088,62.93862838114383,99.23729865147608,-2.6716270878164738e-06
31016.0,2.56952,0.47114603890492684,0.09468207200435459,62.93888926817847,99.2371519513168,-2.670520912546264e-06
31024.0,2.56928,0.4711246791379147,0.09467041419365223,62.93915003047649,99.2370053269038,-2.669421938811719e-06
31032.0,2.5690399999999998,0.4711033281406131,0.09465876192568055,62.93941066862246,99.23685877788067,-2.6683299465781986e-06
31040.0,2.5688,0.47108198584814065,0.09464711516412437,62.93967118344279,99.23671230374596,-2.6672446071040404e-06
31048.0,2.5685599999999997,0.4710606522138139,0.09463547388260794,62.93993157553659,99.23656590413546,-2.6661656938135416e-06
31056.0,2.56832,0.47103932718705754,0.0946238380526389,62.940191845551475,99.23641957865559,-2.6650929579612336e-06
31064.0,2.56808,0.47101801071430394,0.09461220764409976,62.94045199417224,99.23627332689024,-2.6640261336641213e-06
31072.0,2.56784,0.47099670275789646,0.09460058263556126,62.94071202188473,99.23612714854387,-2.6629650444298967e-06
31080.0,2.5675999999999997,0.4709754032647084,0.09458896299716052,62.940971929368324,99.23598104320364,-2.6619094263785924e-06
31088.0,2.56736,0.4709541121660714,0.09457734869056483,62.94123171750643,99.23583501033147,-2.660858928426848e-06
31096.0,2.56712,0.4709328294693085,0.09456573971890071,62.94149138620566,99.23568904998399,-2.659813625773e-06
31104.0,2.56688,0.47091155515309063,0.09455413606966681,62.941750935711866,99.23554316206885,-2.6587734306916954e-06
31112.0,2.5666399999999996,0.4708902890698253,0.09454253766150383,62.94201036779338,99.23539734577437,-2.6577375390715276e-06
31120.0,2.5664,0.47086903129160684,0.09453094453287812,62.94226968158644,99.23525160149705,-2.6567063937850874e-06
31128.0,2.56616,0.4708477817195029,0.09451935662898402,62.94252887855772,99.23510592788674,-2.6556794863587097e-06
31136.0,2.5659199999999998,0.470826540340108,0.09450777394166553,62.94278795890597,99.23496032476045,-2.6546567766069475e-06
31144.0,2.56568,0.4708053071566006,0.094496196471811,62.94304692252046,99.23481479235669,-2.6536383106896357e-06
31152.0,2.5654399999999997,0.47078408205977407,0.09448462415903608,62.94330577072547,99.23466933008923,-2.652623502183118e-06
31160.0,2.5652,0.47076286510297244,0.09447305703158926,62.94356450287413,99.23452393824444,-2.6516126866538457e-06
31168.0,2.56496,0.4707416562000789,0.09446149504168729,62.94382312007834,99.234378616238,-2.650605413035165e-06
31176.0,2.56472,0.4707204553394246,0.09444993818214059,62.94408162248878,99.2342333639908,-2.6496016484035668e-06
31184.0,2.5644799999999996,0.47069926252380184,0.09443838645364377,62.94434001007444,99.23408818148387,-2.6486014414446436e-06
31192.0,2.56424,0.4706780776582691,0.09442683980362379,62.94459828408465,99.23394306789766,-2.6476042924177145e-06
31200.0,2.564,0.4706569007892024,0.09441529825653804,62.944856443909146,99.23379802363249,-2.646610493702326e-06
31208.0,2.56376,0.47063573184320623,0.09440376177156734,62.94511449050921,99.2336530480949,-2.645619665672363e-06
31216.0,2.56352,0.47061457081033525,0.0943922303424786,62.945372424015105,99.2335081412045,-2.644631784633817e-06
31224.0,2.56328,0.4705934176931337,0.09438070396984553,62.945630244393634,99.23336330298525,-2.6436468970032612e-06
31232.0,2.56304,0.4705722724114456,0.09436918260918274,62.9458879526952,99.23321853280487,-2.642664584619049e-06
31240.0,2.5627999999999997,0.4705511350044247,0.09435766628101792,62.946145548406726,99.23307383097219,-2.641685099280533e-06
31248.0,2.56256,0.4705300054101199,0.09434615495079372,62.94640303234435,99.23292919698842,-2.6407081250760645e-06
31256.0,2.5623199999999997,0.4705088836201367,0.09433464861313634,62.94666040461866,99.23278463078594,-2.639733646568918e-06
31264.0,2.56208,0.47048776963656774,0.09432314726838593,62.94691766520325,99.23264013238004,-2.6387617072613314e-06
31272.0,2.5618399999999997,0.4704666633915023,0.09431165087875347,62.947174814998135,99.23249570121655,-2.637791957634281e-06
31280.0,2.5616,0.4704455649181127,0.09430015946151357,62.947431853563685,99.23235133756617,-2.6368246153323414e-06
31288.0,2.5613599999999996,0.47042447416365574,0.09428867298714648,62.94768878160195,99.23220704099687,-2.6358594159142656e-06
31296.0,2.56112,0.4704033911209846,0.09427719145097041,62.94794559920806,99.23206281145012,-2.634896350583079e-06
31304.0,2.56088,0.4703823157918175,0.09426571485313216,62.94820230635983,99.23191864893963,-2.633935460317575e-06
31312.0,2.56064,0.4703612481180431,0.09425424316120144,62.94845890383389,99.23177455298776,-2.6329764503196177e-06
31320.0,2.5603999999999996,0.47034018812804684,0.09424277638985067,62.948715391250865,99.23163052382783,-2.6320195109631584e-06
31328.0,2.5601599999999998,0.47031913577646095,0.09423131451359516,62.9489717692202,99.23148656108444,-2.6310644189384003e-06
31336.0,2.55992,0.4702980910571379,0.09421985752830804,62.94922803782449,99.2313426647067,-2.6301111707412018e-06
31344.0,2.55968,0.47027705397149805,0.09420840543398326,62.94948419704528,99.23119883470599,-2.6291598053326815e-06
31352.0,2.55944,0.47025602446928916,0.0941969582024881,62.94974024756054,99.23105507066454,-2.628210071824023e-06
31360.0,2.5591999999999997,0.4702350025750579,0.0941855158464094,62.94999618903911,99.23091137278642,-2.6272621386668994e-06
31368.0,2.55896,0.47021398824935523,0.09417407834350078,62.950252022016805,99.23076774074059,-2.6263158156076335e-06
31376.0,2.55872,0.4701929814868357,0.09416264569008151,62.95050774656622,99.2306241744822,-2.6253711033632435e-06
31384.0,2.55848,0.47017198228868096,0.09415121788602376,62.95076336267191,99.23048067402085,-2.624428039253415e-06
31392.0,2.5582399999999996,0.4701509906109475,0.09413979490664495,62.95101887093349,99.23033723898644,-2.6234864076882557e-06
31400.0,2.558,0.47013000647510034,0.09412837676285855,62.951274271058075,99.23019386955973,-2.6225463594537848e-06
31408.0,2.55776,0.47010902984644437,0.09411696343501975,62.951529563521426,99.23005056544604,-2.6216077307643514e-06
31416.0,2.55752,0.47008806072027826,0.09410555491980671,62.95178474838802,99.22990732660541,-2.6206705256977115e-06
31424.0,2.55728,0.4700670990975923,0.09409415121699487,62.95203982564486,99.22976415304592,-2.619734780234343e-06
31432.0,2.5570399999999998,0.47004614493951163,0.09408275230467392,62.95229479582768,99.22962104443566,-2.618800307055722e-06
31440.0,2.5568,0.4700251982650254,0.09407135819241398,62.95254965867481,99.22947800093675,-2.6178672427647673e-06
31448.0,2.5565599999999997,0.47000425905059356,0.09405996886665074,62.95280441451247,99.22933502234679,-2.616935485900973e-06
31456.0,2.55632,0.46998332728011866,0.09404858431787128,62.953059063563764,99.22919210852739,-2.6160049765485325e-06
31464.0,2.5560799999999997,0.46996240294881164,0.09403720454271501,62.95331360590039,99.22904925942431,-2.6150757184035625e-06
31472.0,2.55584,0.4699414860499206,0.09402582953675485,62.95356804164847,99.22890647490026,-2.6141477060568106e-06
31480.0,2.5556,0.46992057657283026,0.09401445929346415,62.95382237095567,99.22876375486253,-2.613220910155984e-06
31488.0,2.55536,0.46989967450720416,0.09400309380646951,62.954076593923276,99.22862109934998,-2.6122952998584704e-06
31496.0,2.5551199999999996,0.4698787798429909,0.09399173306955419,62.95433071066515,99.22847850835561,-2.6113708470232e-06
31504.0,2.55488,0.4698578925706587,0.09398037707678555,62.95458472132205,99.22833598177729,-2.610447528771098e-06
31512.0,2.55464,0.46983701268104133,0.0939690258224313,62.95483862607113,99.22819351939611,-2.609525327138139e-06
31520.0,2.5544,0.46981614016430673,0.09395767930039861,62.95509242503636,99.22805112116848,-2.6086042159762576e-06
31528.0,2.55416,0.4697952750060657,0.0939463375021192,62.95534611841949,99.22790878693561,-2.6076841445459484e-06
31536.0,2.5539199999999997,0.4697744172076764,0.09393500042758605,62.95559970619967,99.22776651670934,-2.6067651500859423e-06
31544.0,2.55368,0.46975356676471014,0.0939236680736472,62.95585318843295,99.22762431048167,-2.605847237109604e-06
31552.0,2.55344,0.4697327236460333,0.09391234042263842,62.95610656552381,99.22748216809131,-2.6049302586927947e-06
31560.0,2.5532,0.4697118878668538,0.09390101748208304,62.95635983727468,99.22734008961704,-2.6040143307474236e-06
31568.0,2.5529599999999997,0.469691059405209,0.0938896992393046,62.95661300404119,99.22719807474087,-2.6030993632097313e-06
31576.0,2.55272,0.46967023825812293,0.09387838569194622,62.95686606587153,99.22705612341971,-2.602185369416273e-06
31584.0,2.55248,0.4696494244259945,0.09386707683948535,62.957119022745665,99.2269142357,-2.6012723801348745e-06
31592.0,2.55224,0.4696286178831594,0.09385577266723992,62.95737187501625,99.22677241139858,-2.6003602804790404e-06
31600.0,2.5519999999999996,0.4696078186421539,0.09384447318128397,62.95762462251102,99.22663065060493,-2.5994491704521097e-06
31608.0,2.55176,0.4695870266815814,0.09383317836925731,62.95787726553715,99.22648895314603,-2.598538959994179e-06
31616.0,2.55152,0.46956624199854274,0.09382188822885021,62.95812980413625,99.22634731899844,-2.5976296622976268e-06
31624.0,2.5512799999999998,0.4695454645934379,0.09381060275954557,62.95838223830362,99.22620574815765,-2.59672130904313e-06
31632.0,2.55104,0.4695246944413165,0.09379932194705842,62.95863456840219,99.22606424038618,-2.595813790455074e-06
31640.0,2.5507999999999997,0.4695039315543661,0.09378804579727613,62.95888679425468,99.22592279580002,-2.594907203781286e-06
31648.0,2.55056,0.46948317591701244,0.09377677430100881,62.95913891608696,99.22578141425682,-2.5940014913873135e-06
31656.0,2.55032,0.4694624275186055,0.09376550745174278,62.95939093405347,99.22564009565917,-2.5930966230465634e-06
31664.0,2.55008,0.4694416863558972,0.09375424524698514,62.95964284820505,99.22549883996909,-2.5921926100794555e-06
31672.0,2.5498399999999997,0.46942095242393583,0.09374298768331867,62.95989465863631,99.22535764709043,-2.5912894555992403e-06
31680.0,2.5496,0.46940022571568973,0.09373173475619784,62.96014636544962,99.22521651695801,-2.590387149499804e-06
31688.0,2.54936,0.4693795062237686,0.09372048646088363,62.96039796872316,99.22507544959039,-2.5894856775517886e-06
31696.0,2.54912,0.4693587939410966,0.09370924279280886,62.960649468542,99.2249344449767,-2.588585028052364e-06
31704.0,2.54888,0.46933808886104245,0.093698003747649,62.96090086500799,99.2247935030435,-2.587685193370289e-06
31712.0,2.54864,0.46931739097672553,0.09368676932094516,62.961152158253206,99.2246526236349,-2.586786166322266e-06
31720.0,2.5484,0.46929670028129783,0.09367553950825742,62.96140334836846,99.22451180671635,-2.585887936986448e-06
31728.0,2.5481599999999998,0.4692760167640595,0.09366431430305654,62.961654435509544,99.22437105216851,-2.5849904745009478e-06
31736.0,2.54792,0.4692553404259166,0.09365309370511311,62.96190541966203,99.22423035999978,-2.5840938127460712e-06
31744.0,2.5476799999999997,0.46923467126359286,0.09364187771192833,62.96215630086872,99.22408973020195,-2.5831979619559163e-06
31752.0,2.54744,0.4692140092537818,0.09363066631013586,62.962407079443395,99.22394916264251,-2.5823028188319398e-06
31760.0,2.5471999999999997,0.46919335440786797,0.09361945950519457,62.96265775523279,99.22380865738617,-2.5814084767415856e-06
31768.0,2.54696,0.46917270670906414,0.09360825728727828,62.962908328515866,99.2236682141873,-2.580514872989634e-06
31776.0,2.5467199999999997,0.4691520661550957,0.09359705965443611,62.96315879933044,99.22352783301261,-2.5796220239272036e-06
31784.0,2.54648,0.46913143274618596,0.0935858666060728,62.963409167662725,99.2233875138957,-2.5787299588040443e-06
31792.0,2.54624,0.4691108064623404,0.09357467813062666,62.963659433798384,99.22324725668453,-2.5778385939910652e-06
31800.0,2.546,0.4690901873133257,0.09356349423268105,62.963909597597876,99.22310706145336,-2.576948013036404e-06
31808.0,2.5457599999999996,0.46906957528217846,0.09355231490232108,62.96415965931255,99.2229669280577,-2.5760581498871873e-06
31816.0,2.54552,0.46904897036660026,0.0935411401375874,62.96440961897646,99.22282685647795,-2.5751690203178345e-06
31824.0,2.54528,0.4690283725668365,0.09352996993790075,62.964659476586455,99.22268684671074,-2.5742806543236415e-06
31832.0,2.54504,0.46900778186277453,0.0935188042916429,62.96490923244275,99.22254689855936,-2.5733929682600973e-06
31840.0,2.5448,0.46898719826423885,0.09350764320343088,62.9651588863987,99.22240701211986,-2.572506045469485e-06
31848.0,2.5445599999999997,0.46896662175847287,0.09349648666563763,62.96540843864421,99.22226718727202,-2.5716198432367463e-06
31856.0,2.54432,0.4689460523367533,0.0934853346728246,62.96565788930917,99.22212742393363,-2.5707343413080195e-06
31864.0,2.54408,0.4689254899963822,0.09347418722282116,62.96590723843677,99.22198772207238,-2.5698495532665753e-06
31872.0,2.54384,0.46890493473307476,0.09346304431259692,62.966156486109305,99.22184808160618,-2.568965484888657e-06
31880.0,2.5435999999999996,0.4688843865410674,0.09345190593832084,62.96640563241292,99.22170850247994,-2.5680821323810035e-06
31888.0,2.54336,0.46886384541404214,0.0934407720958623,62.966654677416585,99.2215689847052,-2.5671994870275926e-06
31896.0,2.54312,0.4688433113459993,0.09342964278126435,62.96690362119434,99.22142952826981,-2.566317542544099e-06
31904.0,2.54288,0.4688227843313521,0.09341851799079466,62.96715246383371,99.22129013311094,-2.565436296299912e-06
31912.0,2.54264,0.4688022643640714,0.09340739772048237,62.96740120545055,99.22115079909696,-2.5645557446821795e-06
31920.0,2.5423999999999998,0.46878175143838413,0.09339628196649626,62.96764984612324,99.22101152619669,-2.563675883110461e-06
31928.0,2.54216,0.4687612455449583,0.09338517072307774,62.96789838599041,99.22087231430523,-2.5627966875599936e-06
31936.0,2.5419199999999997,0.46874074668453963,0.09337406398992994,62.968146825039994,99.22073316342959,-2.5619181903243883e-06
31944.0,2.54168,0.468720254854278,0.09336296176480786,62.96839516330993,99.22059407356166,-2.561040403314643e-06
31952.0,2.5414399999999997,0.468699770033781,0.0933518640359639,62.96864340108051,99.22045504457996,-2.5601632388354742e-06
31960.0,2.5412,0.4686792922330097,0.0933407708080959,62.96889153821483,99.22031607654384,-2.5592867815837916e-06
31968.0,2.54096,0.4686588214371293,0.09332968207246944,62.969139574961936,99.2201771692356,-2.5584109785264006e-06
31976.0,2.54072,0.46863835764412964,0.09331859782729865,62.9693875113556,99.22003832262575,-2.557535846722957e-06
31984.0,2.5404799999999996,0.46861790085417426,0.09330751807197529,62.96963534738415,99.21989953674301,-2.556661414478751e-06
31992.0,2.54024,0.4685974510494363,0.0932964427961484,62.96988308330555,99.21976081144777,-2.5557876093440203e-06
32000.0,2.54,0.46857700823862364,0.09328537200383902,62.97013071899378,99.2196221468082,-2.554914508380579e-06
32008.0,2.53976,0.4685565724064938,0.09327430568609815,62.970378254677506,99.21948354269243,-2.554042054180645e-06
32016.0,2.53952,0.4685361435509814,0.093263243841114,62.970625690387706,99.21934499908261,-2.553170263103045e-06
32024.0,2.5392799999999998,0.46851572167227823,0.09325218646829733,62.97087302612202,99.2192065159754,-2.5522991641700898e-06
32032.0,2.53904,0.4684953067521781,0.09324113355709847,62.9711202621559,99.21906809319026,-2.5514286833892686e-06
32040.0,2.5387999999999997,0.46847489879957416,0.09323008511164103,62.971367398354786,99.21892973081538,-2.550558898378278e-06
32048.0,2.53856,0.4684544978028408,0.09321904112494019,62.97161443489315,99.21879142874032,-2.5496897717981593e-06
32056.0,2.5383199999999997,0.46843410375402805,0.0932080015920025,62.971861371890284,99.21865318688958,-2.5488212868706664e-06
32064.0,2.53808,0.4684137166506621,0.09319696651079987,62.972108209386285,99.21851500523312,-2.5479534576933194e-06
32072.0,2.53784,0.4683933364887464,0.09318593587848054,62.97235494745915,99.21837688369301,-2.547086290863464e-06
32080.0,2.5376,0.46837296326302674,0.09317490969151285,62.972601586188055,99.21823882221864,-2.5462197846502313e-06
32088.0,2.5373599999999996,0.4683525969676426,0.093163887946038,62.97284812563821,99.21810082082023,-2.545353932263529e-06
32096.0,2.53712,0.46833223759704645,0.0931528706383675,62.97309456587913,99.2179628794861,-2.5444887292748e-06
32104.0,2.53688,0.46831188514608607,0.09314185776502774,62.973340906992185,99.21782499815778,-2.543624174680218e-06
32112.0,2.53664,0.4682915396091148,0.09313084932227843,62.9735871490847,99.21768717671311,-2.542760265981011e-06
32120.0,2.5363999999999995,0.4682712009808071,0.09311984530655402,62.97383329222993,99.21754941512289,-2.541897000380803e-06
32128.0,2.5361599999999997,0.4682508692560611,0.09310884571441087,62.97407933650309,99.21741171332836,-2.5410343766938158e-06
32136.0,2.53592,0.46823054442967293,0.0930978505423511,62.97432528198202,99.21727407127113,-2.540172393198432e-06
32144.0,2.53568,0.46821022649636856,0.09308685978683966,62.97457112874659,99.21713648890109,-2.539311047813754e-06
32152.0,2.53544,0.468189915451329,0.09307587344458858,62.97481687686538,99.21699896620748,-2.538450340683186e-06
32160.0,2.5351999999999997,0.46816961128928464,0.09306489151206712,62.97506252641801,99.216861503133,-2.537590269668778e-06
32168.0,2.53496,0.4681493140052379,0.09305391398589244,62.97530807748122,99.21672409962422,-2.536730834230838e-06
32176.0,2.53472,0.4681290235941486,0.09304294086265956,62.97555353013159,99.21658675563098,-2.5358720334912107e-06
32184.0,2.53448,0.46810874005092235,0.0930319721389351,62.975798884445595,99.21644947110643,-2.53501386618162e-06
32192.0,2.53424,0.46808846337052823,0.09302100781132086,62.97604414050041,99.21631224599433,-2.5341563314670856e-06
32200.0,2.534,0.46806819354789597,0.09301004787639822,62.97628929837253,99.21617508024677,-2.533299428174164e-06
32208.0,2.53376,0.4680479305779855,0.09299909233076581,62.97653435813752,99.21603797381896,-2.5324431552358072e-06
32216.0,2.5335199999999998,0.46802767445575116,0.09298814117102003,62.97677931987132,99.21590092666432,-2.5315875115410213e-06
32224.0,2.53328,0.46800742517614763,0.09297719439375843,62.97702418365025,99.21576393873401,-2.530732495974186e-06
32232.0,2.5330399999999997,0.46798718273417905,0.09296625199560613,62.97726894954978,99.21562700998221,-2.529878107666398e-06
32240.0,2.5328,0.46796694712479636,0.09295531397316033,62.97751361764609,99.21549014036106,-2.529024345405664e-06
32248.0,2.5325599999999997,0.46794671834301543,0.09294438032305424,62.977758188014214,99.21535332982245,-2.528171208309202e-06
32256.0,2.53232,0.46792649638383677,0.0929334510419136,62.9780026607295,99.21521657831855,-2.5273186953747275e-06
32264.0,2.5320799999999997,0.46790628124224987,0.09292252612635912,62.97824703586748,99.21507988580187,-2.5264668055120632e-06
32272.0,2.53184,0.46788607291331175,0.09291160557304876,62.978491313502424,99.2149432522246,-2.525615537967183e-06
32280.0,2.5316,0.46786587139201286,0.09290068937860546,62.978735493709834,99.2148066775391,-2.5247648915920843e-06
32288.0,2.53136,0.46784567667340726,0.09288977753968736,62.97897957656462,99.21467016169865,-2.5239148655941925e-06
32296.0,2.5311199999999996,0.4678254887525353,0.09287887005294605,62.97922356214174,99.21453370465622,-2.523065459059886e-06
32304.0,2.53088,0.4678053076244272,0.09286796691502847,62.979467450516125,99.21439730636442,-2.5222166709753155e-06
32312.0,2.53064,0.4677851332841704,0.0928570681226134,62.9797112417619,99.21426096677651,-2.5213685006265454e-06
32320.0,2.5303999999999998,0.4677649657267963,0.0928461736723502,62.97995493595406,99.2141246858452,-2.5205209469519255e-06
32328.0,2.53016,0.46774480494739223,0.09283528356091916,62.98019853316685,99.21398846352376,-2.519674009180468e-06
32336.0,2.5299199999999997,0.4677246509410332,0.09282439778499497,62.98044203347465,99.21385229976526,-2.5188276864401837e-06
32344.0,2.52968,0.4677045037027857,0.09281351634124836,62.98068543695195,99.2137161945228,-2.5179819777781323e-06
32352.0,2.52944,0.46768436322777046,0.09280263922638035,62.98092874367245,99.21358014774998,-2.51713688252047e-06
32360.0,2.5292,0.4676642295110545,0.09279176643706377,62.98117195371066,99.21344415939984,-2.5162923996579735e-06
32368.0,2.5289599999999997,0.4676441025477593,0.09278089797000168,62.981415067139785,99.21330822942605,-2.515448528425822e-06
32376.0,2.52872,0.4676239823329941,0.09277003382189135,62.98165808403339,99.21317235778214,-2.5146052679728446e-06
32384.0,2.52848,0.4676038688618598,0.09275917398942644,62.98190100446551,99.2130365444214,-2.5137626173946722e-06
32392.0,2.52824,0.4675837621295083,0.09274831846932902,62.982143828509955,99.21290078929707,-2.512920576080682e-06
32400.0,2.5279999999999996,0.46756366213104145,0.09273746725829486,62.98238655624052,99.21276509236259,-2.5120791430586578e-06
32408.0,2.52776,0.4675435688616124,0.09272662035304838,62.9826291877302,99.21262945357252,-2.5112383176100392e-06
32416.0,2.52752,0.4675234823163631,0.09271577775030869,62.98287172305225,99.21249387288105,-2.5103980989283716e-06
32424.0,2.5272799999999997,0.46750340249042704,0.09270493944679128,62.98311416228016,99.21235835024171,-2.5095584861439812e-06
32432.0,2.52704,0.46748332937898746,0.09269410543923921,62.98335650548653,99.21222288560774,-2.5087194786223443e-06
32440.0,2.5267999999999997,0.4674632629771786,0.09268327572437007,62.983598752744804,99.21208747893301,-2.507881075431336e-06
32448.0,2.52656,0.4674432032801844,0.09267245029892895,62.98384090412776,99.21195213017202,-2.5070432758978836e-06
32456.0,2.52632,0.46742315028317777,0.09266162915965592,62.98408295970831,99.21181683927897,-2.506206079250999e-06
32464.0,2.52608,0.4674031039813238,0.0926508123032876,62.98432491955938,99.21168160620778,-2.5053694846425956e-06
32472.0,2.5258399999999996,0.46738306436983595,0.09263999972658764,62.984566783753,99.21154643091293,-2.5045334914543404e-06
32480.0,2.5256,0.46736303144388003,0.09262919142629464,62.98480855236215,99.21141131334846,-2.503698098785719e-06
32488.0,2.52536,0.4673430051986694,0.09261838739917386,62.985050225459396,99.21127625346867,-2.5028633059937276e-06
32496.0,2.52512,0.467322985629407,0.09260758764198561,62.98529180311733,99.21114125122774,-2.502029112346698e-06
32504.0,2.52488,0.4673029727312884,0.09259679215148718,62.98553328540842,99.21100630658006,-2.501195517018131e-06
32512.0,2.5246399999999998,0.4672829664995563,0.092586000924462,62.985774672404226,99.21087141948078,-2.5003625194058854e-06
32520.0,2.5244,0.46726296692940666,0.09257521395766914,62.98601596417735,99.21073658988415,-2.4995301186364306e-06
32528.0,2.5241599999999997,0.46724297401608195,0.09256443124789364,62.98625716079952,99.21060181774453,-2.498698314061366e-06
32536.0,2.52392,0.4672229877548143,0.09255365279191569,62.98649826234264,99.21046710301637,-2.497867104949024e-06
32544.0,2.5236799999999997,0.46720300814082905,0.09254287858651264,62.986739268878765,99.21033244565439,-2.4970364904929507e-06
32552.0,2.52344,0.4671830351693974,0.09253210862848751,62.98698018047914,99.21019784561436,-2.4962064701187594e-06
32560.0,2.5232,0.4671630688357451,0.09252134291461947,62.98722099721578,99.21006330285078,-2.495377042968341e-06
32568.0,2.52296,0.46714310913514306,0.09251058144171294,62.98746171916009,99.20992881731831,-2.4945482084148818e-06
32576.0,2.5227199999999996,0.4671231560628524,0.0924998242065678,62.98770234638359,99.20979438897166,-2.4937199657429045e-06
32584.0,2.52248,0.4671032096141272,0.09248907120598113,62.987942878958,99.20966001776576,-2.4928923141775662e-06
32592.0,2.52224,0.46708326978426534,0.09247832243677417,62.98818331695512,99.20952570365591,-2.492065253216954e-06
32600.0,2.522,0.46706333656852145,0.09246757789574583,62.98842366044657,99.20939144659694,-2.4912387820214607e-06
32608.0,2.5217599999999996,0.4670434099621945,0.09245683757971974,62.98866390950267,99.20925724654435,-2.4904128999326627e-06
32616.0,2.5215199999999998,0.46702348996057375,0.09244610148551498,62.988904064194166,99.20912310345354,-2.4895876062296865e-06
32624.0,2.52128,0.4670035765589412,0.09243536960994761,62.98914412459232,99.20898901727956,-2.488762900146941e-06
32632.0,2.5210399999999997,0.4669836697526224,0.09242464194985793,62.98938409076748,99.20885498797743,-2.487938781120833e-06
32640.0,2.5208,0.46696376953689994,0.09241391850206394,62.989623962790695,99.20872101550239,-2.4871152483179246e-06
32648.0,2.5205599999999997,0.4669438759071003,0.09240319926340802,62.989863740732915,99.20858709981042,-2.4862923011661423e-06
32656.0,2.52032,0.4669239888585402,0.09239248423072816,62.990103424665065,99.20845324085727,-2.485469938998582e-06
32664.0,2.52008,0.4669041083865294,0.09238177340085937,62.990343014657896,99.20831943859828,-2.484648161054278e-06
32672.0,2.51984,0.46688423448642036,0.09237106677066045,62.99058251078171,99.20818569298886,-2.483826966809729e-06
32680.0,2.5196,0.4668643671535234,0.09236036433696831,62.99082191310738,99.20805200398456,-2.4830063554615653e-06
32688.0,2.51936,0.46684450638319175,0.09234966609664377,62.991061221704626,99.20791837154124,-2.4821863263860576e-06
32696.0,2.51912,0.46682465217076907,0.09233897204654329,62.99130043664348,99.20778479561461,-2.4813668788939425e-06
32704.0,2.51888,0.46680480451159245,0.0923282821835206,62.991539557994315,99.20765127616033,-2.4805480122443003e-06
32712.0,2.51864,0.46678496340104064,0.0923175965044526,62.991778585826815,99.20751781313436,-2.4797297258966685e-06
32720.0,2.5183999999999997,0.4667651288344512,0.0923069150061949,62.99201752021123,99.20738440649237,-2.4789120190530736e-06
32728.0,2.51816,0.46674530080720417,0.09229623768562667,62.99225636121715,99.20725105619091,-2.4780948911183134e-06
32736.0,2.5179199999999997,0.4667254793146702,0.09228556453962289,62.99249510891433,99.20711776218633,-2.477278341421628e-06
32744.0,2.51768,0.466705664352213,0.09227489556505558,62.99273376337273,99.2069845244345,-2.4764623692328914e-06
32752.0,2.5174399999999997,0.46668585591523803,0.09226423075881997,62.99297232466213,99.20685134289121,-2.475646974060213e-06
32760.0,2.5172,0.46666605399910965,0.09225357011779002,62.993210792852366,99.2067182175126,-2.4748321551102467e-06
32768.0,2.5169599999999996,0.4666462585992333,0.09224291363886256,62.99344916801311,99.20658514825485,-2.474017911828651e-06
32776.0,2.51672,0.4666264697110053,0.09223226131893027,62.993687450214054,99.20645213507404,-2.473204243573193e-06
32784.0,2.5164799999999996,0.46660668732981586,0.09222161315488335,62.993925639524775,99.20631917792642,-2.472391149622999e-06
32792.0,2.51624,0.46658691145109576,0.09221096914363464,62.99416373601365,99.20618627676888,-2.4715786294183314e-06
32800.0,2.516,0.4665671420702356,0.09220032928207607,62.9944017397504,99.20605343155754,-2.4707666821989957e-06
32808.0,2.5157599999999998,0.46654737918266664,0.0921896935671223,62.99463965080385,99.2059206422489,-2.469955307381354e-06
32816.0,2.51552,0.4665276227838113,0.09217906199568399,62.99487746924293,99.20578790879948,-2.4691445043092952e-06
32824.0,2.5152799999999997,0.46650787286908585,0.09216843456466921,62.995115195136755,99.20565523116576,-2.4683342722642586e-06
32832.0,2.51504,0.46648812943394724,0.0921578112710088,62.99535282855381,99.20552260930508,-2.4675246107327655e-06
32840.0,2.5148,0.46646839247381194,0.09214719211161254,62.99559036956317,99.20539004317382,-2.466715518944599e-06
32848.0,2.51456,0.4664486619841376,0.0921365770834131,62.99582781823325,99.20525753272887,-2.4659069963284573e-06
32856.0,2.5143199999999997,0.46642893796037266,0.09212596618333903,62.99606517463261,99.20512507792698,-2.4650990422351673e-06
32864.0,2.51408,0.46640922039795907,0.09211535940831612,62.99630243883004,99.20499267872485,-2.464291655963131e-06
32872.0,2.51384,0.4663895092923782,0.09210475675529223,62.996539610894246,99.20486033507902,-2.463484837039731e-06
32880.0,2.5136,0.4663698046390726,0.09209415822119493,62.99677669089389,99.20472804694623,-2.4626785847009193e-06
32888.0,2.5133599999999996,0.46635010643352487,0.09208356380297422,62.99701367889693,99.2045958142841,-2.4618728983784774e-06
32896.0,2.51312,0.46633041467120867,0.0920729734975761,62.99725057497154,99.20446363704998,-2.4610677774270875e-06
32904.0,2.51288,0.46631072934759144,0.09206238730194385,62.99748737918609,99.20433151520074,-2.460263221152861e-06
32912.0,2.5126399999999998,0.4662910504581802,0.09205180521304296,62.99772409160806,99.20419944869327,-2.4594592290292126e-06
32920.0,2.5124,0.46627137799844276,0.09204122722781848,62.99796071230578,99.20406743748472,-2.4586558003067416e-06
32928.0,2.5121599999999997,0.46625171196388665,0.09203065334323762,62.99819724134701,99.20393548153245,-2.4578529344295655e-06
32936.0,2.51192,0.4662320523500107,0.09202008355626368,62.99843367879958,99.20380358079376,-2.4570506307693295e-06
32944.0,2.5116799999999997,0.4662123991523076,0.09200951786385743,62.99867002473146,99.20367173522588,-2.4562488886282886e-06
32952.0,2.51144,0.46619275236630947,0.09199895626300156,62.99890627921036,99.20353994478678,-2.4554477075392243e-06
32960.0,2.5111999999999997,0.46617311198750927,0.09198839875065849,62.999142442304205,99.20340820943369,-2.4546470867535066e-06
32968.0,2.51096,0.46615347801143925,0.09197784532381252,62.99937851408051,99.2032765291239,-2.4538470257314446e-06
32976.0,2.51072,0.466133850433623,0.0919672959794441,62.99961449460691,99.20314490381473,-2.4530475238577888e-06
32984.0,2.51048,0.466114229249578,0.09195675071453104,62.99985038395101,99.2030133334637,-2.452248580449444e-06
32992.0,2.51024,0.46609461445486056,0.09194620952607284,63.00008618217959,99.20288181802881,-2.4514501949960164e-06
33000.0,2.51,0.46607500604498864,0.09193567241104915,63.00032188936032,99.20275035746747,-2.4506523667673796e-06
33008.0,2.50976,0.466055404015519,0.09192513936646121,63.000557505559954,99.20261895173752,-2.4498550951991704e-06
33016.0,2.5095199999999998,0.46603580836199987,0.09191461038930646,63.00079303084545,99.2024876007968,-2.4490583796684304e-06
33024.0,2.50928,0.46601621907997365,0.09190408547657988,63.00102846528393,99.20235630460307,-2.448262219478186e-06
33032.0,2.5090399999999997,0.46599663616502185,0.09189356462529828,63.00126380894177,99.20222506311491,-2.447466614140402e-06
33040.0,2.5088,0.4659770596126872,0.09188304783245836,63.00149906188607,99.20209387629006,-2.4466715629079907e-06
33048.0,2.5085599999999997,0.46595748941855114,0.09187253509507837,63.00173422418339,99.2019627440863,-2.4458770652443443e-06
33056.0,2.50832,0.4659379255781867,0.09186202641017277,63.00196929590037,99.20183166646149,-2.4450831205311306e-06
33064.0,2.5080799999999996,0.465918368087161,0.09185152177475361,63.002204277103814,99.20170064337368,-2.4442897280891083e-06
33072.0,2.50784,0.46589881694107915,0.09184102118585412,63.0024391678604,99.20156967478154,-2.4434968874718755e-06
33080.0,2.5076,0.46587927213550867,0.091830524640488,63.00267396823685,99.20143876064297,-2.4427045979423678e-06
33088.0,2.50736,0.465859733666055,0.09182003213569012,63.00290867829966,99.2013079009162,-2.4419128589909613e-06
33096.0,2.5071199999999996,0.4658402015283153,0.09180954366849162,63.00314329811541,99.20117709555943,-2.441121670023225e-06
33104.0,2.5068799999999998,0.46582067571788066,0.09179905923592116,63.00337782775059,99.20104634453082,-2.4403310303707115e-06
33112.0,2.50664,0.46580115623037927,0.091788578835028,63.00361226727085,99.2009156477885,-2.4395409395322785e-06
33120.0,2.5063999999999997,0.4657816430614027,0.09177810246284251,63.003846616742806,99.20078500529067,-2.438751396802472e-06
33128.0,2.50616,0.46576213620658063,0.09176763011641628,63.00408087623212,99.20065441699639,-2.437962401638516e-06
33136.0,2.5059199999999997,0.4657426356615342,0.09175716179279698,63.00431504580469,99.20052388286443,-2.437173953430559e-06
33144.0,2.50568,0.46572314142187854,0.09174669748902989,63.004549125526566,99.20039340285318,-2.4363860515132384e-06
33152.0,2.50544,0.46570365348326664,0.09173623720218127,63.004783115463184,99.20026297692117,-2.4355986954023733e-06
33160.0,2.5052,0.4656841718413141,0.09172578092929802,63.00501701568056,99.20013260502698,-2.4348118843855705e-06
33168.0,2.5049599999999996,0.46566469649167475,0.09171532866744837,63.00525082624397,99.20000228712954,-2.434025617924681e-06
33176.0,2.50472,0.46564522742999365,0.09170488041369655,63.005484547218884,99.19987202318765,-2.4332398954106228e-06
33184.0,2.50448,0.46562576465191013,0.09169443616510442,63.005718178670996,99.19974181315999,-2.432454716183431e-06
33192.0,2.50424,0.46560630815310033,0.09168399591875437,63.005951720665735,99.19961165700524,-2.4316700797905354e-06
33200.0,2.504,0.46558685792920407,0.09167355967170993,63.006185173268705,99.19948155468215,-2.4308859855203135e-06
33208.0,2.5037599999999998,0.46556741397589835,0.09166312742105541,63.006418536545226,99.19935150615008,-2.430102432862371e-06
33216.0,2.50352,0.46554797628885203,0.09165269916387145,63.0066518105607,99.1992215113682,-2.4293194212361547e-06
33224.0,2.5032799999999997,0.465528544863728,0.09164227489723617,63.0068849953805,99.19909157029532,-2.428536949993263e-06
33232.0,2.50304,0.46550911969622555,0.091631854618248,63.00711809106931,99.19896168289014,-2.4277550186518274e-06
33240.0,2.5027999999999997,0.465489700782008,0.09162143832398677,63.007351097692556,99.19883184911167,-2.426973626515647e-06
33248.0,2.50256,0.465470288116776,0.091611026011553,63.007584015314784,99.1987020689195,-2.426192773054281e-06
33256.0,2.5023199999999997,0.4654508816962217,0.09160061767804352,63.00781684400072,99.19857234227305,-2.425412457670214e-06
33264.0,2.50208,0.4654314815160314,0.09159021332055262,63.00804958381538,99.19844266913138,-2.4246326797127313e-06
33272.0,2.5018399999999996,0.4654120875719281,0.09157981293619498,63.008282234823255,99.19831304945366,-2.4238534387254084e-06
33280.0,2.5016,0.46539269985959847,0.0915694165220666,63.00851479708926,99.1981834831991,-2.423074734004333e-06
33288.0,2.50136,0.46537331837476625,0.091559024075284,63.00874727067799,99.19805397032744,-2.422296565049905e-06
33296.0,2.50112,0.4653539431131469,0.09154863559296003,63.008979655654116,99.19792451079825,-2.4215189312869665e-06
33304.0,2.50088,0.4653345740704501,0.09153825107220517,63.00921195208224,99.19779510457086,-2.4207418320709717e-06
33312.0,2.5006399999999998,0.4653152112424218,0.09152787051014996,63.00944416002629,99.19766575160479,-2.419965266931618e-06
33320.0,2.5004,0.46529585462477235,0.09151749390390668,63.00967627955095,99.19753645185949,-2.419189235181184e-06
33328.0,2.5001599999999997,0.4652765042132481,0.09150712125060756,63.009908310720334,99.19740720529465,-2.4184137363162138e-06
33336.0,2.49992,0.4652571600035876,0.09149675254738134,63.010140253598664,99.19727801186991,-2.4176387697553826e-06
33344.0,2.4996799999999997,0.4652378219915237,0.09148638779135447,63.01037210825007,99.19714887154491,-2.4168643348533735e-06
33352.0,2.49944,0.46521849017282607,0.09147602697967387,63.01060387473734,99.1970197842801,-2.416090431092082e-06
33360.0,2.4992,0.46519916454322796,0.09146567010946755,63.01083555312478,99.19689075003505,-2.415317057786871e-06
33368.0,2.49896,0.46517984509849897,0.09145531717788377,63.01106714347642,99.19676176876952,-2.414544214456644e-06
33376.0,2.4987199999999996,0.4651605318344007,0.09144496818206722,63.01129864585624,99.19663284044331,-2.4137719005401205e-06
33384.0,2.49848,0.46514122474668934,0.09143462311916033,63.01153006032806,99.19650396501638,-2.4130001153950686e-06
33392.0,2.49824,0.4651219238311572,0.09142428198632568,63.01176138695525,99.19637514244945,-2.4122288585727724e-06
33400.0,2.498,0.46510262908356076,0.09141394478070729,63.01199262580173,99.19624637270233,-2.4114581293978465e-06
33408.0,2.4977599999999995,0.46508334049969213,0.091403611499469,63.012223776930746,99.19611765573478,-2.4106879273583546e-06
33416.0,2.4975199999999997,0.46506405807533563,0.09139328213977117,63.01245484040569,99.19598899150667,-2.4099182518760555e-06
33424.0,2.49728,0.4650447818062701,0.09138295669877192,63.01268581629033,99.19586037997804,-2.4091491023387848e-06
33432.0,2.49704,0.46502551168830863,0.0913726351736484,63.01291670464901,99.19573182110918,-2.408380478382636e-06
33440.0,2.4968,0.4650062477172304,0.09136231756156034,63.01314750554526,99.19560331486002,-2.4076123793291394e-06
33448.0,2.4965599999999997,0.46498698988885023,0.09135200385968724,63.01337821904147,99.19547486119149,-2.40684480463629e-06
33456.0,2.49632,0.46496773819897474,0.09134169406520488,63.01360884520044,99.19534646006419,-2.4060777537142828e-06
33464.0,2.49608,0.46494849264340515,0.09133138817528687,63.01383938408542,99.19521811143832,-2.405311225940929e-06
33472.0,2.49584,0.4649292532179782,0.09132108618712653,63.01406983575837,99.19508981527405,-2.404545220821255e-06
33480.0,2.4955999999999996,0.4649100199184954,0.09131078809789904,63.014300200282406,99.19496157153176,-2.403779737672936e-06
33488.0,2.49536,0.4648907927407945,0.09130049390479959,63.014530477720314,99.1948333801725,-2.403014776019501e-06
33496.0,2.49512,0.464871571680705,0.09129020360501972,63.01476066813488,99.194705241157,-2.4022503352981296e-06
33504.0,2.4948799999999998,0.4648523567340509,0.09127991719574871,63.014990771588856,99.1945771544458,-2.4014864148812364e-06
33512.0,2.49464,0.46483314789669133,0.09126963467419534,63.01522078814493,99.19444911999967,-2.400723014352488e-06
33520.0,2.4943999999999997,0.46481394516445074,0.09125935603755045,63.01545071786587,99.19432113777926,-2.3999601330434376e-06
33528.0,2.49416,0.4647947485331885,0.09124908128302434,63.01568056081422,99.1941932077452,-2.399197770478386e-06
33536.0,2.49392,0.46477555799875614,0.09123881040782376,63.0159103170526,99.19406532985816,-2.3984359261099308e-06
33544.0,2.49368,0.46475637355699995,0.09122854340915336,63.01613998664354,99.19393750407886,-2.397674599326679e-06
33552.0,2.4934399999999997,0.4647371952038001,0.09121828028423659,63.016369569648596,99.19380973036813,-2.39691378965293e-06
33560.0,2.4932,0.46471802293500325,0.09120802103027971,63.01659906613042,99.19368200868668,-2.3961534964364285e-06
33568.0,2.49296,0.4646988567464909,0.09119776564450818,63.016828476150884,99.19355433899602,-2.395393719186055e-06
33576.0,2.49272,0.4646796966341369,0.09118751412414416,63.01705779977203,99.1934267212575,-2.394634457345156e-06
33584.0,2.4924799999999996,0.4646605425938095,0.0911772664664075,63.017287037055986,99.19329915543199,-2.3938757102961696e-06
33592.0,2.49224,0.46464139462141163,0.09116702266853721,63.01751618806432,99.19317164148049,-2.393117477599633e-06
33600.0,2.492,0.464622252712812,0.09115678272775472,63.01774525285916,99.19304417936414,-2.3923597585978927e-06
33608.0,2.49176,0.46460311686391437,0.09114654664130088,63.017974231502045,99.19291676904433,-2.3916025528013716e-06
33616.0,2.4915199999999995,0.4645839870706147,0.09113631440641311,63.01820312405465,99.19278941048242,-2.3908458596580417e-06
33624.0,2.4912799999999997,0.4645648633288034,0.09112608602032639,63.01843193057879,99.19266210363953,-2.390089678558823e-06
33632.0,2.49104,0.46454574563440487,0.09111586148029466,63.018660651136,99.19253484847684,-2.389334009088152e-06
33640.0,2.4908,0.46452663398331,0.09110564078355463,63.01888928578804,99.1924076449556,-2.388578850587606e-06
33648.0,2.49056,0.4645075283714437,0.09109542392736182,63.0191178345964,99.1922804930374,-2.3878242025915066e-06
33656.0,2.4903199999999996,0.46448842879472335,0.09108521090896843,63.01934629762263,99.19215339268374,-2.3870700645640183e-06
33664.0,2.49008,0.46446933524906125,0.0910750017256246,63.01957467492821,99.192026343856,-2.3863164359006852e-06
33672.0,2.48984,0.4644502477304037,0.09106479637459938,63.01980296657372,99.1918993465162,-2.385563316146625e-06
33680.0,2.4896,0.4644311662346633,0.09105459485314436,63.020031172620754,99.19177240062574,-2.3848107046580627e-06
33688.0,2.48936,0.4644120907577864,0.09104439715852994,63.02025929313017,99.19164550614595,-2.3840586009562146e-06
33696.0,2.4891199999999998,0.4643930212957119,0.09103420328802317,63.02048732816296,99.19151866303827,-2.3833070044890524e-06
33704.0,2.48888,0.4643739578443737,0.09102401323888909,63.02071527778028,99.1913918712644,-2.382555914654435e-06
33712.0,2.48864,0.46435490039973953,0.09101382700841153,63.02094314204316,99.19126513078696,-2.3818053310607e-06
33720.0,2.4884,0.4643358489577435,0.09100364459385693,63.02117092101267,99.19113844156746,-2.381055253053278e-06
33728.0,2.4881599999999997,0.4643168035143535,0.09099346599251056,63.02139861474952,99.19101180356759,-2.3803056801680354e-06
33736.0,2.48792,0.46429776406552997,0.09098329120165431,63.021626223314506,99.1908852167491,-2.3795566118683632e-06
33744.0,2.48768,0.46427873060722824,0.09097312021856799,63.021853746768514,99.19075868107386,-2.378808047560601e-06
33752.0,2.48744,0.4642597031354372,0.09096295304055006,63.02208118517178,99.19063219650415,-2.3780599868191635e-06
33760.0,2.4871999999999996,0.4642406816461124,0.0909527896648818,63.0223085385852,99.19050576300178,-2.37731242901184e-06
33768.0,2.48696,0.46422166613524307,0.09094263008886312,63.02253580706885,99.19037938052887,-2.376565373649824e-06
33776.0,2.48672,0.46420265659881116,0.09093247430979075,63.022762990683,99.1902530490475,-2.3758188201926533e-06
33784.0,2.48648,0.4641836530327933,0.0909223223249592,63.02299008948818,99.1901267685197,-2.37507276804975e-06
33792.0,2.4862399999999996,0.46416465543319885,0.09091217413168112,63.02321710354471,99.19000053890774,-2.3743272168178877e-06
33800.0,2.4859999999999998,0.4641456637960049,0.09090202972725264,63.02344403291299,99.18987436017362,-2.3735821658625434e-06
33808.0,2.48576,0.4641266781172219,0.0908918891089883,63.023670877652904,99.18974823228,-2.372837614708788e-06
33816.0,2.4855199999999997,0.46410769839285304,0.09088175227419942,63.023897637824476,99.18962215518937,-2.3720935628254106e-06
33824.0,2.48528,0.464088724618896,0.09087161922019507,63.024124313487924,99.18949612886388,-2.3713500096249186e-06
33832.0,2.4850399999999997,0.4640697567913814,0.09086148994430258,63.02435090470309,99.18937015326567,-2.370606954701001e-06
33840.0,2.4848,0.4640507949063074,0.09085136444383254,63.02457741153011,99.18924422835704,-2.369864397425302e-06
33848.0,2.48456,0.46403183895970573,0.09084124271611414,63.02480383402833,99.18911835410091,-2.3691223373159542e-06
33856.0,2.48432,0.46401288894760045,0.09083112475847314,63.02503017225733,99.18899253045997,-2.368380773830182e-06
33864.0,2.4840799999999996,0.46399394486601064,0.09082101056823332,63.02525642627695,99.18886675739661,-2.3676397063905155e-06
33872.0,2.48384,0.4639750067109879,0.09081090014273638,63.02548259614669,99.18874103487339,-2.3668991345929567e-06
33880.0,2.4836,0.4639560744785517,0.09080079347930761,63.02570868192628,99.18861536285283,-2.366159057805295e-06
33888.0,2.4833600000000002,0.463937148164754,0.0907906905752903,63.025934683675366,99.18848974129774,-2.3654194755896093e-06
33896.0,2.4831199999999995,0.46391822776563973,0.09078059142802448,63.02616060145356,99.1883641701708,-2.364680387433963e-06
33904.0,2.4828799999999998,0.4638993132772487,0.0907704960348483,63.02638643532037,99.18823864943465,-2.3639417927639707e-06
33912.0,2.48264,0.46388040469565295,0.09076040439311764,63.02661218533448,99.1881131790523,-2.3632036911370847e-06
33920.0,2.4824,0.4638615020168925,0.09075031650017194,63.02683785155551,99.18798775898635,-2.3624660819442244e-06
33928.0,2.48216,0.46384260523704024,0.09074023235336882,63.02706343404254,99.18786238919985,-2.3617289647335905e-06
33936.0,2.4819199999999997,0.46382371435216146,0.0907301519500626,63.02728893285472,99.1877370696557,-2.3609923389832243e-06
33944.0,2.48168,0.46380482935831674,0.09072007528760558,63.027514348051284,99.18761180031676,-2.3602562041264493e-06
33952.0,2.48144,0.46378595025159874,0.0907100023633679,63.027739679691116,99.1874865811463,-2.3595205597623514e-06
33960.0,2.4812,0.46376707702806835,0.09069993317470337,63.02796492783342,99.18736141210718,-2.3587854052772242e-06
33968.0,2.4809599999999996,0.4637482096838188,0.09068986771898367,63.028190092536576,99.1872362931626,-2.3580507401969105e-06
33976.0,2.48072,0.46372934821493617,0.09067980599357735,63.02841517385916,99.18711122427563,-2.3573165639894276e-06
33984.0,2.48048,0.4637104926175016,0.09066974799585095,63.02864017186006,99.18698620540943,-2.356582876085015e-06
33992.0,2.48024,0.4636916428876287,0.09065969372318892,63.02886508659773,99.1868612365276,-2.3558496760866152e-06
34000.0,2.48,0.4636727990213989,0.09064964317295927,63.02908991813094,99.18673631759327,-2.355116963374352e-06
34008.0,2.4797599999999997,0.4636539610149258,0.09063959634254773,63.02931466651838,99.1866114485696,-2.354384737519557e-06
34016.0,2.47952,0.46363512886431585,0.09062955322933688,63.029539331818725,99.1864866294198,-2.353652998021859e-06
34024.0,2.47928,0.46361630256567077,0.09061951383070742,63.02976391409052,99.18636186010721,-2.3529217443176645e-06
34032.0,2.47904,0.4635974821151236,0.09060947814405733,63.029988413391756,99.18623714059551,-2.352190975996809e-06
34040.0,2.4787999999999997,0.4635786675087763,0.09059944616676874,63.030212829781064,99.1861124708479,-2.351460692451753e-06
34048.0,2.47856,0.4635598587427626,0.0905894178962413,63.03043716331647,99.18598785082798,-2.3507308932384075e-06
34056.0,2.47832,0.46354105581320915,0.09057939332987146,63.03066141405611,99.18586328049922,-2.3500015778425234e-06
34064.0,2.47808,0.46352225871623765,0.09056937246505377,63.030885582058325,99.18573875982509,-2.3492727457059056e-06
34072.0,2.4778399999999996,0.4635034674480012,0.09055935529920012,63.03110966738118,99.18561428876932,-2.3485443964499983e-06
34080.0,2.4776,0.4634846820046218,0.09054934182970636,63.031333670082944,99.18548986729537,-2.3478165294688047e-06
34088.0,2.47736,0.46346590238225366,0.09053933205398629,63.03155759022102,99.18536549536736,-2.3470891442989615e-06
34096.0,2.4771199999999998,0.4634471285770437,0.09052932596945028,63.03178142785308,99.18524117294918,-2.346362240421593e-06
34104.0,2.4768799999999995,0.4634283605851338,0.09051932357350681,63.032005183037136,99.18511690000443,-2.345635817283901e-06
34112.0,2.4766399999999997,0.4634095984026972,0.09050932486358151,63.03222885583094,99.18499267649656,-2.3449098745088726e-06
34120.0,2.4764,0.4633908420258761,0.09049932983708428,63.03245244629234,99.18486850238934,-2.3441844114874266e-06
34128.0,2.47616,0.4633720914508444,0.09048933849144244,63.03267595447876,99.184744377647,-2.3434594277801e-06
34136.0,2.47592,0.4633533466737689,0.09047935082408008,63.032899380447766,99.18462030223354,-2.342734922886521e-06
34144.0,2.4756799999999997,0.4633346076908114,0.09046936683241946,63.033122724256984,99.18449627611282,-2.3420108962515784e-06
34152.0,2.47544,0.4633158744981653,0.09045938651390006,63.033345985963535,99.18437229924908,-2.3412873474797555e-06
34160.0,2.4752,0.4632971470919928,0.0904494098659455,63.03356916562505,99.18424837160623,-2.340564275975078e-06
34168.0,2.47496,0.4632784254684873,0.0904394368859966,63.03379226329871,99.18412449314826,-2.3398416813011667e-06
34176.0,2.4747199999999996,0.46325970962383534,0.09042946757149113,63.03401527904179,99.18400066383917,-2.3391195629622762e-06
34184.0,2.47448,0.46324099955421877,0.09041950191986502,63.03423821291165,99.1838768836431,-2.3383979204102337e-06
34192.0,2.47424,0.46322229525585035,0.09040953992857126,63.03446106496548,99.18375315252469,-2.3376767532780495e-06
34200.0,2.474,0.46320359672491224,0.09039958159504713,63.034683835260594,99.18362947044798,-2.336956060972062e-06
34208.0,2.47376,0.46318490395761747,0.090389626916747,63.034906523853735,99.18350583737723,-2.3362358430543497e-06
34216.0,2.4735199999999997,0.4631662169501723,0.09037967589112225,63.03512913080178,99.18338225327669,-2.3355160990199163e-06
34224.0,2.47328,0.4631475356987783,0.09036972851562236,63.03535165616182,99.18325871811065,-2.334796828331382e-06
34232.0,2.47304,0.4631288601996676,0.09035978478771367,63.035574099990406,99.1831352318437,-2.3340780305970853e-06
34240.0,2.4728,0.463110190449042,0.09034984470484707,63.035796462344564,99.18301179444012,-2.333359705231075e-06
34248.0,2.4725599999999996,0.46309152644313417,0.0903399082644904,63.0360187432807,99.18288840586445,-2.332641851793117e-06
34256.0,2.47232,0.4630728681781698,0.09032997546410844,63.036240942855365,99.18276506608123,-2.3319244697820687e-06
34264.0,2.47208,0.46305421565037,0.09032004630116415,63.03646306112523,99.18264177505498,-2.331207558656697e-06
34272.0,2.47184,0.4630355688559873,0.0903101207731378,63.0366850981463,99.18251853275089,-2.3304911180184e-06
34280.0,2.4715999999999996,0.4630169277912429,0.0903001988774936,63.03690705397523,99.18239533913344,-2.3297751472727466e-06
34288.0,2.47136,0.4629982924523888,0.09029028061171278,63.037128928668324,99.18227219416698,-2.3290596460049448e-06
34296.0,2.47112,0.4629796628356703,0.09028036597327356,63.03735072228196,99.18214909781598,-2.328344613720791e-06
34304.0,2.4708799999999997,0.46296103893732804,0.0902704549596523,63.0375724348726,99.18202605004521,-2.3276300498929294e-06
34312.0,2.47064,0.462942420753633,0.0902605475683422,63.03779406649697,99.1819030508201,-2.3269159541890647e-06
34320.0,2.4703999999999997,0.462923808280826,0.09025064379682092,63.03801561721147,99.18178010010521,-2.326202326029413e-06
34328.0,2.47016,0.46290520151517844,0.09024074364258299,63.038237087071884,99.18165719786536,-2.325489164976824e-06
34336.0,2.46992,0.46288660045295477,0.09023084710311989,63.038458476134245,99.18153434406537,-2.324776470546346e-06
34344.0,2.46968,0.46286800509041487,0.09022095417592127,63.038679784454715,99.18141153867005,-2.324064242205227e-06
34352.0,2.4694399999999996,0.46284941542384844,0.09021106485849319,63.038901012088424,99.18128878164438,-2.323352479538675e-06
34360.0,2.4692,0.4628308314495157,0.0902011791483267,63.03912215909153,99.18116607295319,-2.3226411819692193e-06
34368.0,2.46896,0.46281225316370694,0.0901912970429294,63.03934322551993,99.18104341256182,-2.3219303490959464e-06
34376.0,2.46872,0.46279368056270587,0.09018141853980602,63.039564211429486,99.18092080043546,-2.3212199804416146e-06
34384.0,2.4684799999999996,0.4627751136427915,0.09017154363645931,63.03978511687594,99.18079823653919,-2.320510075471158e-06
34392.0,2.4682399999999998,0.46275655240027336,0.09016167233040896,63.04000594191437,99.18067572083866,-2.319800633792144e-06
34400.0,2.468,0.4627379968314308,0.09015180461915913,63.04022668660064,99.18055325329898,-2.3190916548340403e-06
34408.0,2.46776,0.46271944693257283,0.0901419405002304,63.04044735099034,99.1804308338849,-2.3183831381951633e-06
34416.0,2.4675199999999995,0.46270090270000197,0.09013207997114044,63.040667935139076,99.18030846256137,-2.317675083402896e-06
34424.0,2.4672799999999997,0.4626823641300164,0.0901222230294052,63.040888439102424,99.18018613929371,-2.3169674899352808e-06
34432.0,2.46704,0.4626638312189437,0.09011236967255695,63.0411088629357,99.18006386404801,-2.3162603574345777e-06
34440.0,2.4668,0.4626453039630822,0.0901025198981129,63.0413292066945,99.17994163678932,-2.3155536853333404e-06
34448.0,2.46656,0.4626267823587598,0.09009267370360663,63.04154947043375,99.17981945748308,-2.314847473209838e-06
34456.0,2.4663199999999996,0.4626082664022981,0.09008283108656889,63.04176965420856,99.17969732609468,-2.314141720582203e-06
34464.0,2.46608,0.4625897560900139,0.0900729920445286,63.04198975807416,99.17957524258962,-2.3134364269238503e-06
34472.0,2.46584,0.4625712514182542,0.0900631565750312,63.04220978208497,99.1794532069338,-2.3127315918454306e-06
34480.0,2.4656,0.4625527523833363,0.09005332467560696,63.042429726296206,99.17933121909263,-2.312027214778726e-06
34488.0,2.46536,0.4625342589816067,0.09004349634380228,63.042649590763034,99.17920927903162,-2.3113232953343876e-06
34496.0,2.4651199999999998,0.4625157712094058,0.0900336715771609,63.04286937554056,99.17908738671628,-2.310619833061387e-06
34504.0,2.46488,0.46249728906306914,0.09002385037322456,63.04308908068369,99.17896554211222,-2.309916827431597e-06
34512.0,2.46464,0.46247881253896156,0.09001403272955116,63.04330870624676,99.1788437451855,-2.3092142780649206e-06
34520.0,2.4644,0.4624603416334191,0.0900042186436839,63.04352825228482,99.17872199590167,-2.308512184404705e-06
34528.0,2.4641599999999997,0.46244187634280726,0.08999440811318214,63.043747718851975,99.17860029422673,-2.3078105460222796e-06
34536.0,2.46392,0.462423416663485,0.08998460113560247,63.043967106002576,99.17847864012658,-2.3071093624257545e-06
34544.0,2.46368,0.46240496259180675,0.0899747977084995,63.044186413791316,99.17835703356705,-2.306408633104736e-06
34552.0,2.46344,0.4623865141241562,0.08996499782944417,63.044405642272935,99.17823547451411,-2.305708357730011e-06
34560.0,2.4631999999999996,0.46236807125688806,0.0899552014959924,63.044624791501946,99.1781139629336,-2.305008535736446e-06
34568.0,2.46296,0.46234963398638607,0.08994540870571621,63.044843861532804,99.1779924987915,-2.3043091667300663e-06
34576.0,2.46272,0.4623312023090275,0.0899356194561848,63.045062852419974,99.17787108205377,-2.303610250259843e-06
34584.0,2.46248,0.46231277622118544,0.08992583374496567,63.04528176421794,99.17774971268636,-2.302911785820008e-06
34592.0,2.4622399999999995,0.462294355719261,0.08991605156964173,63.04550059698069,99.17762839065543,-2.302213773046655e-06
34600.0,2.4619999999999997,0.46227594079962736,0.08990627292778182,63.04571935076273,99.17750711592691,-2.3015162113939245e-06
34608.0,2.46176,0.4622575314586866,0.08989649781697047,63.04593802561778,99.17738588846711,-2.3008191004439404e-06
34616.0,2.46152,0.4622391276928341,0.08988672623478938,63.04615662159975,99.17726470824222,-2.3001224397271714e-06
34624.0,2.46128,0.46222072949846105,0.08987695817881858,63.04637513876286,99.17714357521837,-2.299426228737849e-06
34632.0,2.4610399999999997,0.46220233687198703,0.08986719364665369,63.04659357716128,99.17702248936193,-2.2987304671529295e-06
34640.0,2.4608,0.4621839498098034,0.08985743263587595,63.046811936849075,99.17690145063905,-2.29803515441653e-06
34648.0,2.46056,0.46216556830833044,0.08984767514408262,63.047030217879296,99.17678045901627,-2.297340290086103e-06
34656.0,2.46032,0.46214719236398216,0.08983792116886805,63.04724842030534,99.17665951446003,-2.2966458736828653e-06
34664.0,2.4600799999999996,0.462128821973168,0.08982817070782478,63.047466544181034,99.17653861693665,-2.2959519046979646e-06
34672.0,2.45984,0.46211045713232624,0.08981842375856129,63.04768458955999,99.17641776641292,-2.295258382791395e-06
34680.0,2.4596,0.46209209783786664,0.08980868031867147,63.047902556495835,99.17629696285518,-2.294565307403419e-06
34688.0,2.45936,0.46207374408622753,0.08979894038576491,63.04812044504231,99.17617620622993,-2.2938726781662755e-06
34696.0,2.45912,0.4620553958738411,0.0897892039574485,63.04833825525311,99.17605549650365,-2.293180494637417e-06
34704.0,2.4588799999999997,0.4620370531971349,0.08977947103132732,63.04855598718174,99.17593483364288,-2.2924887563141594e-06
34712.0,2.45864,0.4620187160525647,0.0897697416050219,63.0487736408811,99.17581421761435,-2.2917974628225733e-06
34720.0,2.4584,0.4620003844365585,0.08976001567613862,63.04899121640484,99.17569364838454,-2.2911066136306767e-06
34728.0,2.45816,0.4619820583455727,0.08975029324229954,63.049208713805605,99.1755731259204,-2.2904162083144263e-06
34736.0,2.4579199999999997,0.46196373777605754,0.08974057430112398,63.049426133136265,99.17545265018877,-2.2897262463981224e-06
34744.0,2.45768,0.46194542272445865,0.08973085885022938,63.04964347445021,99.17533222115631,-2.2890367273937292e-06
34752.0,2.45744,0.46192711318724966,0.08972114688724861,63.04986073780132,99.17521183878985,-2.2883476510229198e-06
34760.0,2.4572,0.46190880916087657,0.08971143840980043,63.05007792324269,99.17509150305612,-2.2876590167305834e-06
34768.0,2.4569599999999996,0.4618905106418133,0.08970173341551899,63.050295030826966,99.17497121392202,-2.2869708241150346e-06
34776.0,2.45672,0.46187221762652775,0.08969203190203577,63.05051206060704,99.17485097135442,-2.2862830727283298e-06
34784.0,2.45648,0.4618539301114833,0.08968233386698049,63.05072901263601,99.17473077532014,-2.2855957620754938e-06
34792.0,2.4562399999999998,0.46183564809317096,0.08967263930799801,63.05094588696659,99.1746106257863,-2.284908891818063e-06
34800.0,2.456,0.4618173715680546,0.08966294822271935,63.05116268365178,99.17449052271974,-2.284222461421743e-06
34808.0,2.4557599999999997,0.46179910053262563,0.08965326060879081,63.05137940274422,99.17437046608758,-2.283536470503352e-06
34816.0,2.45552,0.46178083498336947,0.0896435764638559,63.05159604429661,99.1742504558569,-2.2828509186157174e-06
34824.0,2.45528,0.46176257491676725,0.08963389578555651,63.05181260836162,99.17413049199475,-2.2821658052661774e-06
34832.0,2.45504,0.461744320329328,0.0896242185715499,63.05202909499096,99.17401057446855,-2.2814811300653834e-06
34840.0,2.4547999999999996,0.46172607121753306,0.08961454481947917,63.05224550423738,99.17389070324536,-2.2807968924852076e-06
34848.0,2.45456,0.46170782757789186,0.08960487452700282,63.05246183615327,99.17377087829256,-2.2801130921455538e-06
34856.0,2.45432,0.4616895894069078,0.08959520769177683,63.052678090791,99.17365109957741,-2.279429728604645e-06
34864.0,2.45408,0.4616713567010764,0.08958554431145341,63.052894268203,99.17353136706716,-2.2787468013497748e-06
34872.0,2.4538399999999996,0.4616531294569179,0.08957588438369854,63.05311036844172,99.17341168072919,-2.278064310023975e-06
34880.0,2.4536,0.4616349076667215,0.08956622790393656,63.05332639161627,99.17329204049568,-2.2773822283057085e-06
34888.0,2.45336,0.46161669133236216,0.08955657487267235,63.05354233770054,99.17317244638252,-2.276700588145497e-06
34896.0,2.45312,0.461598480449259,0.08954692528698997,63.05375820676441,99.17305289834589,-2.2760193825581885e-06
34904.0,2.4528799999999995,0.4615802750118033,0.08953727914342952,63.05397399889324,99.17293339633231,-2.2753385983506315e-06
34912.0,2.4526399999999997,0.4615620750235386,0.08952763644338084,63.0541897140331,99.17281394037558,-2.274658277292655e-06
34920.0,2.4524,0.4615438804705631,0.08951799717899149,63.0544053523945,99.17269453034345,-2.2739783562457217e-06
34928.0,2.45216,0.4615256913581756,0.08950836135258207,63.05462091389719,99.17257516628634,-2.273298887522923e-06
34936.0,2.45192,0.4615075076806787,0.08949872896064794,63.05483639862758,99.17245584815062,-2.272619857298128e-06
34944.0,2.4516799999999996,0.46148932943089666,0.08948909999890216,63.05505180669444,99.17233657586874,-2.271941242807909e-06
34952.0,2.45144,0.46147115661336285,0.08947947446926063,63.05526713802905,99.1722173494834,-2.2712630917371167e-06
34960.0,2.4512,0.461452989213488,0.08946985236351099,63.05548239285003,99.17209816885794,-2.270585336487817e-06
34968.0,2.45096,0.4614348272368329,0.0894602336841141,63.05569757107405,99.17197903404443,-2.269908030962109e-06
34976.0,2.45072,0.4614166706793559,0.08945061842844516,63.05591267276165,99.17185994500502,-2.26923117113235e-06
34984.0,2.4504799999999998,0.46139851953247607,0.08944100659147637,63.05612769804138,99.17174090165942,-2.2685547255568705e-06
34992.0,2.45024,0.46138037379543045,0.08943139817232064,63.05634264692467,99.17162190400045,-2.2678787099453257e-06
35000.0,2.4499999999999997,0.46136223346571403,0.08942179316916875,63.056557519454294,99.17150295200213,-2.2672031298418918e-06
35008.0,2.44976,0.46134409853992286,0.08941219157973603,63.056772315681535,99.17138404563241,-2.266527985003708e-06
35016.0,2.4495199999999997,0.4613259690144347,0.08940259340162267,63.056987035659795,99.17126518485756,-2.265853273770836e-06
35024.0,2.44928,0.4613078448852333,0.08939299863222101,63.05720167944626,99.17114636964091,-2.2651789919367647e-06
35032.0,2.44904,0.46128972614907043,0.0893834072693304,63.05741624709075,99.17102759995142,-2.2645051401930702e-06
35040.0,2.4488,0.4612716128021524,0.08937381931046204,63.05763073864686,99.17090887575615,-2.263831715623104e-06
35048.0,2.4485599999999996,0.4612535048409499,0.08936423475326766,63.057845154167005,99.17079019702219,-2.263158717071926e-06
35056.0,2.44832,0.4612354022619951,0.08935465359543204,63.05805949370289,99.17067156371738,-2.2624861437485024e-06
35064.0,2.44808,0.46121730506193365,0.08934507583470062,63.058273757305265,99.17055297581047,-2.2618139955811312e-06
35072.0,2.44784,0.4611992132371899,0.08933550146870221,63.05848794502667,99.17043443326861,-2.2611422710401718e-06
35080.0,2.4475999999999996,0.46118112678457107,0.08932593049526885,63.05870205691592,99.17031593606103,-2.260470971023825e-06
35088.0,2.4473599999999998,0.46116304570059574,0.08931636291208023,63.05891609302477,99.17019748415552,-2.2598000945706695e-06
35096.0,2.44712,0.461144969981892,0.08930679871687462,63.05913005340373,99.17007907752053,-2.2591296413915837e-06
35104.0,2.4468799999999997,0.46112689962513376,0.08929723790741508,63.05934393810271,99.16996071612469,-2.258459611458812e-06
35112.0,2.4466399999999995,0.46110883462692076,0.08928768048142588,63.059557747172605,99.16984239993627,-2.2577900042704423e-06
35120.0,2.4463999999999997,0.4610907749838833,0.08927812643664804,63.05977148066329,99.16972412892393,-2.257120819447147e-06
35128.0,2.44616,0.4610727206926469,0.08926857577082058,63.05998513862527,99.16960590305608,-2.2564520566011203e-06
35136.0,2.44592,0.46105467174983705,0.08925902848168302,63.06019872110936,99.16948772230114,-2.2557837153499508e-06
35144.0,2.44568,0.4610366281520783,0.08924948456697492,63.06041222816676,99.16936958662751,-2.2551157953042903e-06
35152.0,2.4454399999999996,0.4610185898959972,0.08923994402443744,63.0606256598479,99.16925149600364,-2.2544482960223623e-06
35160.0,2.4452,0.4610005569782375,0.0892304068518213,63.06083901620258,99.16913345039816,-2.2537812171202146e-06
35168.0,2.44496,0.460982529395426,0.08922087304686889,63.06105229728144,99.16901544977952,-2.2531145581306287e-06
35176.0,2.44472,0.4609645071442051,0.08921134260733131,63.06126550313459,99.16889749411638,-2.2524483186395835e-06
35184.0,2.4444799999999995,0.46094649022122863,0.0892018155309662,63.061478633811795,99.16877958337757,-2.2517824982754628e-06
35192.0,2.4442399999999997,0.46092847862312963,0.08919229181552082,63.06169168936341,99.16866171753162,-2.251117096536353e-06
35200.0,2.444,0.46091047234657934,0.08918277145876309,63.06190466983982,99.16854389654738,-2.2504521131747676e-06
35208.0,2.44376,0.4608924713882197,0.08917325445844598,63.062117575291204,99.16842612039346,-2.2497875477049833e-06
35216.0,2.44352,0.4608744757447103,0.08916374081233232,63.0623304057676,99.16830838903864,-2.2491233997337966e-06
35224.0,2.4432799999999997,0.46085648541272123,0.089154230518191,63.06254316131891,99.16819070245175,-2.2484596689158044e-06
35232.0,2.44304,0.46083850038890395,0.08914472357378161,63.06275584199532,99.16807306060147,-2.2477963547699106e-06
35240.0,2.4428,0.4608205206699429,0.08913521997688166,63.062968447845904,99.16795546345698,-2.2471334569599635e-06
35248.0,2.44256,0.4608025462524974,0.08912571972525594,63.06318097892068,99.167837910987,-2.2464709750094934e-06
35256.0,2.4423199999999996,0.46078457713324283,0.08911622281667822,63.063393435269525,99.16772040316052,-2.245808908536089e-06
35264.0,2.44208,0.46076661330886465,0.08910672924892812,63.06360581694238,99.16760293994655,-2.245147257203601e-06
35272.0,2.44184,0.46074865477603033,0.0890972390197763,63.06381812398904,99.16748552131396,-2.244486020529389e-06
35280.0,2.4415999999999998,0.4607307015314403,0.08908775212701131,63.06403035645877,99.16736814723191,-2.2438251981996623e-06
35288.0,2.4413599999999995,0.4607127535717698,0.08907826856840895,63.0642425144014,99.16725081766937,-2.243164789748743e-06
35296.0,2.4411199999999997,0.4606948108937101,0.089068788341754,63.064454597866366,99.16713353259541,-2.2425047947764886e-06
35304.0,2.44088,0.46067687349396297,0.08905931144483725,63.06466660690289,99.16701629197931,-2.2418452129189926e-06
35312.0,2.4406399999999997,0.4606589413692118,0.08904983787544041,63.06487854156061,99.16689909579006,-2.2411860436982424e-06
35320.0,2.4404,0.460641014516173,0.089040367631363,63.06509040188905,99.16678194399692,-2.240527286842079e-06
35328.0,2.4401599999999997,0.4606230929315379,0.08903090071039196,63.06530218793771,99.16666483656903,-2.2398689418755744e-06
35336.0,2.43992,0.46060517661201383,0.08902143711032307,63.065513899755736,99.1665477734756,-2.2392110083978135e-06
35344.0,2.43968,0.46058726555431834,0.0890119768289581,63.06572553739193,99.16643075468609,-2.238553486034097e-06
35352.0,2.43944,0.46056935975515095,0.08900251986408979,63.06593710089571,99.16631378016965,-2.2378963743118085e-06
35360.0,2.4391999999999996,0.4605514592112442,0.08899306621352877,63.066148590316004,99.16619684989585,-2.2372396729364308e-06
35368.0,2.43896,0.4605335639193053,0.08898361587507293,63.066360005702016,99.16607996383398,-2.2365833814291802e-06
35376.0,2.43872,0.46051567387605763,0.0889741688465291,63.06657134710275,99.16596312195344,-2.2359274994014788e-06
35384.0,2.4384799999999998,0.4604977890782348,0.08896472512571008,63.06678261456711,99.16584632422374,-2.2352720265056105e-06
35392.0,2.4382399999999995,0.4604799095225523,0.0889552847104196,63.0669938081442,99.16572957061423,-2.234616962262792e-06
35400.0,2.4379999999999997,0.4604620352057587,0.0889458475984793,63.067204927882415,99.16561286109466,-2.233962306363086e-06
35408.0,2.43776,0.46044416612457706,0.088936413787698,63.06741597383075,99.16549619563446,-2.2333080583346476e-06
35416.0,2.43752,0.46042630227574693,0.08892698327589361,63.06762694603796,99.16537957420323,-2.232654217788128e-06
35424.0,2.4372799999999994,0.4604084436560177,0.08891755606088977,63.0678378445527,99.16526299677062,-2.2320007843796654e-06
35432.0,2.4370399999999997,0.4603905902621209,0.08890813214050128,63.06804866942378,99.16514646330617,-2.231347757631249e-06
35440.0,2.4368,0.4603727420908205,0.08889871151256043,63.06825942070001,99.1650299737796,-2.230695137273802e-06
35448.0,2.43656,0.46035489913885574,0.08888929417488703,63.06847009843015,99.16491352816048,-2.2300429228416487e-06
35456.0,2.43632,0.46033706140298153,0.08887988012530974,63.06868070266269,99.16479712641853,-2.22939111394544e-06
35464.0,2.4360799999999996,0.4603192288799629,0.08887046936166294,63.06889123344591,99.16468076852355,-2.2287397102336047e-06
35472.0,2.43584,0.46030140156654703,0.08886106188177217,63.06910169082852,99.16456445444517,-2.2280887112327563e-06
35480.0,2.4356,0.4602835794595136,0.08885165768348062,63.06931207485858,99.16444818415343,-2.2274381166483773e-06
35488.0,2.4353599999999997,0.46026576255561746,0.08884225676461881,63.06952238558462,99.16433195761806,-2.226787926017104e-06
35496.0,2.43512,0.4602479508516294,0.08883285912302624,63.06973262305477,99.16421577480897,-2.2261381389372515e-06
35504.0,2.4348799999999997,0.4602301443443304,0.08882346475654833,63.06994278731683,99.16409963569627,-2.2254887550510813e-06
35512.0,2.43464,0.4602123430304834,0.08881407366302137,63.07015287841917,99.16398354024982,-2.224839773881351e-06
35520.0,2.4344,0.460194546906884,0.0888046858402994,63.07036289640998,99.16386748843969,-2.2241911951605286e-06
35528.0,2.43416,0.46017675597030283,0.08879530128622388,63.07057284133742,99.16375148023583,-2.2235430184175398e-06
35536.0,2.4339199999999996,0.4601589702175263,0.08878591999864502,63.07078271324971,99.16363551560822,-2.2228952432823103e-06
35544.0,2.43368,0.46014118964535056,0.0887765419754187,63.07099251219511,99.16351959452687,-2.2222478694379643e-06
35552.0,2.43344,0.4601234142505544,0.0887671672143921,63.0712022382218,99.16340371696175,-2.2216008964188247e-06
35560.0,2.4332,0.46010564402994825,0.08875779571342955,63.071411891377274,99.16328788288311,-2.2209543239234345e-06
35568.0,2.4329599999999996,0.4600878789803184,0.08874842747038329,63.07162147170969,99.16317209226095,-2.220308151497683e-06
35576.0,2.4327199999999998,0.4600701190984665,0.08873906248311403,63.07183097926668,99.1630563450655,-2.219662378749907e-06
35584.0,2.43248,0.46005236438120456,0.08872970074948844,63.07204041409548,99.16294064126718,-2.2190170053108035e-06
35592.0,2.4322399999999997,0.46003461482532665,0.0887203422673643,63.072249776244036,99.16282498083608,-2.2183720307185505e-06
35600.0,2.4319999999999995,0.460016870427659,0.08871098703461676,63.07245906576017,99.16270936374265,-2.2177274547133252e-06
35608.0,2.4317599999999997,0.4599991311850033,0.08870163504910862,63.07266828269159,99.16259378995711,-2.2170832768325345e-06
35616.0,2.43152,0.4599813970941722,0.08869228630870882,63.072877427086134,99.16247825944973,-2.21643949667912e-06
35624.0,2.43128,0.45996366815199247,0.08868294081129435,63.07308649899183,99.16236277219072,-2.21579611395625e-06
35632.0,2.43104,0.4599459443552873,0.08867359855474079,63.07329549845575,99.16224732815044,-2.215153128259928e-06
35640.0,2.4307999999999996,0.45992822570088243,0.08866425953692547,63.07350442552464,99.1621319272995,-2.2145105391607126e-06
35648.0,2.43056,0.4599105121856058,0.08865492375572748,63.07371328024559,99.16201656960853,-2.2138683462453548e-06
35656.0,2.43032,0.45989280380629116,0.08864559120902936,63.07392206266607,99.16190125504806,-2.2132265491576577e-06
35664.0,2.43008,0.45987510055977504,0.08863626189471566,63.07413077283357,99.16178598358864,-2.212585147544509e-06
35672.0,2.4298399999999996,0.45985740244288686,0.08862693581066772,63.07433941079529,99.16167075520084,-2.21194414095488e-06
35680.0,2.4295999999999998,0.4598397094524798,0.08861761295477977,63.07454797659822,99.16155556985527,-2.211303529085002e-06
35688.0,2.42936,0.45982202158538715,0.08860829332493612,63.07475647028966,99.1614404275225,-2.2106633114884723e-06
35696.0,2.42912,0.45980433883845645,0.08859897691902908,63.07496489191705,99.16132532817306,-2.210023487809095e-06
35704.0,2.42888,0.45978666120854506,0.08858966373495661,63.075173241528006,99.1612102717775,-2.2093840577639166e-06
35712.0,2.4286399999999997,0.45976898869249294,0.08858035377060797,63.0753815191698,99.16109525830636,-2.2087450208965123e-06
35720.0,2.4284,0.4597513212871721,0.08857104702388979,63.07558972488862,99.16098028773051,-2.2081063768869226e-06
35728.0,2.42816,0.45973365898942997,0.08856174349269626,63.07579785873177,99.16086536002052,-2.207468125298768e-06
35736.0,2.42792,0.4597160017961295,0.08855244317493022,63.07600592074619,99.16075047514718,-2.206830265765828e-06
35744.0,2.4276799999999996,0.4596983497041432,0.08854314606850001,63.07621391097868,99.16063563308144,-2.20619279796506e-06
35752.0,2.42744,0.45968070271032646,0.08853385217130547,63.07642182947625,99.16052083379397,-2.20555572144158e-06
35760.0,2.4272,0.4596630608115661,0.08852456148126343,63.076629676284746,99.16040607725598,-2.2049190358708028e-06
35768.0,2.42696,0.45964542400472486,0.08851527399627855,63.07683745145103,99.16029136343828,-2.2042827408055545e-06
35776.0,2.4267199999999995,0.4596277922866809,0.08850598971426411,63.07704515502166,99.16017669231186,-2.203646835874219e-06
35784.0,2.4264799999999997,0.459610165654322,0.08849670863313888,63.0772527870431,99.16006206384789,-2.2030113207483556e-06
35792.0,2.42624,0.4595925441045189,0.0884874307508132,63.07746034756196,99.15994747801727,-2.2023761949661416e-06
35800.0,2.4259999999999997,0.4595749276341734,0.08847815606521417,63.077667836624705,99.15983293479105,-2.201741458264671e-06
35808.0,2.42576,0.45955731624016355,0.08846888457425693,63.0778752542779,99.15971843414023,-2.201107110199083e-06
35816.0,2.4255199999999997,0.4595397099193823,0.08845961627586493,63.078082600568095,99.15960397603585,-2.200473150409326e-06
35824.0,2.42528,0.4595221086687322,0.08845035116796711,63.0782898755419,99.15948956044902,-2.199839578597028e-06
35832.0,2.42504,0.45950451248509905,0.0884410892484841,63.07849707924583,99.15937518735073,-2.199206394311932e-06
35840.0,2.4248,0.4594869213653987,0.08843183051535283,63.07870421172584,99.15926085671225,-2.1985735972695422e-06
35848.0,2.4245599999999996,0.45946933530652423,0.0884225749664987,63.078911273028446,99.15914656850461,-2.1979411870373357e-06
35856.0,2.42432,0.45945175430538315,0.08841332259985521,63.079118263199824,99.15903232269908,-2.1973091632514053e-06
35864.0,2.42408,0.4594341783588927,0.08840407341336141,63.07932518228595,99.158918119267,-2.1966775255817682e-06
35872.0,2.4238399999999998,0.4594166074639534,0.08839482740494807,63.07953203033315,99.15880395817952,-2.196046273585106e-06
35880.0,2.4235999999999995,0.4593990416174962,0.08838558457256242,63.07973880738702,99.15868983940815,-2.1954154069715273e-06
35888.0,2.4233599999999997,0.45938148081642866,0.08837634491413987,63.07994551349373,99.15857576292419,-2.194784925301569e-06
35896.0,2.42312,0.45936392505766793,0.08836710842762134,63.0801521486992,99.15846172869895,-2.1941548281735458e-06
35904.0,2.42288,0.45934637433814896,0.08835787511095755,63.080358713049485,99.15834773670404,-2.1935251152998793e-06
35912.0,2.4226399999999995,0.45932882865478686,0.08834864496208934,63.08056520659079,99.1582337869105,-2.192895786251129e-06
35920.0,2.4223999999999997,0.4593112880004861,0.08833941797684826,63.080771629414016,99.15811987925925,-2.1922668147890246e-06
35928.0,2.42216,0.45929375237750836,0.08833019415598865,63.08097798149089,99.15800601376867,-2.191638233786961e-06
35936.0,2.42192,0.4592762217816732,0.08832097349687638,63.0811842628832,99.15789219040008,-2.1910100359467634e-06
35944.0,2.42168,0.4592586962078375,0.08831175599637162,63.08139047366659,99.157778409106,-2.1903822079765957e-06
35952.0,2.4214399999999996,0.45924117565925054,0.08830254165574883,63.08159661379328,99.15766466991643,-2.1897547884898604e-06
35960.0,2.4212,0.4592236601235748,0.0882933304680855,63.08180268345214,99.15755097271507,-2.189127720142767e-06
35968.0,2.42096,0.4592061496055128,0.08828412243542115,63.08200868257118,99.15743731754624,-2.1885010503241062e-06
35976.0,2.4207199999999998,0.4591886441000468,0.08827491755468368,63.08221461122808,99.15732370436238,-2.1878747667057762e-06
35984.0,2.42048,0.45917114360085426,0.08826571582211576,63.08242046952068,99.15721013310358,-2.1872488489313756e-06
35992.0,2.4202399999999997,0.45915364811192966,0.08825651723938507,63.08262625738716,99.15709660380769,-2.186623339961138e-06
36000.0,2.42,0.45913615762042687,0.0882473217993054,63.08283197502304,99.15698311635326,-2.1859981791098112e-06
36008.0,2.41976,0.45911867213124236,0.08823812950401944,63.08303762235379,99.15686967078659,-2.1853734149419415e-06
36016.0,2.41952,0.4591011916408149,0.0882289403512233,63.08324319943333,99.15675626707419,-2.184749043900961e-06
36024.0,2.4192799999999997,0.4590837161415845,0.08821975433651195,63.08344870637618,99.15664290514498,-2.1841250377501977e-06
36032.0,2.41904,0.45906624563287873,0.08821057145910136,63.08365414319251,99.15652958499263,-2.1835014107043606e-06
36040.0,2.4188,0.4590487801124777,0.08820139171739438,63.08385950993133,99.15641630659115,-2.1828781684795565e-06
36048.0,2.41856,0.45903131957738147,0.08819221510938437,63.08406480663895,99.15630306991204,-2.182255310974015e-06
36056.0,2.4183199999999996,0.4590138640243911,0.08818304163296045,63.08427003336207,99.15618987492492,-2.181632836649615e-06
36064.0,2.41808,0.45899641344995623,0.08817387128582761,63.08447519014715,99.15607672159706,-2.1810107414054694e-06
36072.0,2.41784,0.4589789678512104,0.08816470406605074,63.084680277041166,99.15596360990021,-2.180389026086582e-06
36080.0,2.4175999999999997,0.45896152722480815,0.08815553997144349,63.084885294080266,99.15585053980949,-2.179767687329131e-06
36088.0,2.4173599999999995,0.45894409156763316,0.08814637899994034,63.08509024131063,99.1557375112954,-2.1791467240838013e-06
36096.0,2.4171199999999997,0.45892666087662876,0.08813722114950763,63.0852951187757,99.15562452433113,-2.1785261355341166e-06
36104.0,2.41688,0.4589092351488423,0.08812806641816681,63.08549992651837,99.15551157889152,-2.177905921552863e-06
36112.0,2.4166399999999997,0.45889181438111853,0.08811891480383337,63.08570466458218,99.1553986749485,-2.177286080582646e-06
36120.0,2.4164,0.4588743985706491,0.08810976630460542,63.08590933301469,99.15528581247418,-2.1766666138269767e-06
36128.0,2.4161599999999996,0.4588569877143646,0.08810062091844445,63.08611393185946,99.15517299144142,-2.1760475203144106e-06
36136.0,2.41592,0.4588395818092937,0.08809147864336389,63.08631846116112,99.15506021182226,-2.175428799841407e-06
36144.0,2.41568,0.4588221808525053,0.08808233947739884,63.086522920964526,99.15494747358808,-2.17481045248198e-06
36152.0,2.41544,0.4588047848410034,0.08807320341855059,63.08672731131427,99.15483477671144,-2.1741924778197966e-06
36160.0,2.4151999999999996,0.4587873937718143,0.08806407046483276,63.08693163225538,99.15472212116426,-2.173574875604286e-06
36168.0,2.4149599999999998,0.4587700076419645,0.08805494061425947,63.08713588383255,99.15460950691867,-2.1729576455509523e-06
36176.0,2.41472,0.45875262644847786,0.08804581386484386,63.087340066090334,99.15449693394702,-2.1723407873267296e-06
36184.0,2.41448,0.45873525018837624,0.08803669021459853,63.08754417907302,99.15438440222191,-2.1717243005515205e-06
36192.0,2.4142399999999995,0.4587178788586855,0.08802756966153863,63.08774822282536,99.15427191171547,-2.1711081848876315e-06
36200.0,2.4139999999999997,0.45870051245644455,0.0880184522036866,63.08795219739055,99.15415946240077,-2.1704924399642187e-06
36208.0,2.41376,0.45868315097867873,0.0880093378390582,63.088156102813095,99.15404705425017,-2.169877065393474e-06
36216.0,2.41352,0.4586657944224265,0.0880002265656765,63.08835993913706,99.15393468723624,-2.1692620608292234e-06
36224.0,2.41328,0.45864844278473604,0.0879911183815702,63.0885637064063,99.15382236133172,-2.1686474259669273e-06
36232.0,2.4130399999999996,0.45863109606263786,0.08798201328475908,63.08876740466497,99.15371007650911,-2.168033160377916e-06
36240.0,2.4128,0.4586137542531953,0.08797291127328068,63.08897103395707,99.15359783274099,-2.167419263843229e-06
36248.0,2.41256,0.4585964173534464,0.0879638123451597,63.089174594326636,99.15348562999992,-2.166805735946532e-06
36256.0,2.41232,0.45857908536044434,0.08795471649842912,63.0893780858177,99.15337346825854,-2.166192576362469e-06
36264.0,2.4120799999999996,0.4585617582712512,0.08794562373112719,63.08958150847427,99.15326134748952,-2.1655797848150257e-06
36272.0,2.4118399999999998,0.45854443608291307,0.08793653404128414,63.08978486234038,99.15314926766544,-2.164967360894807e-06
36280.0,2.4116,0.4585271187925038,0.08792744742694521,63.089988147459515,99.15303722875922,-2.1643553043389064e-06
36288.0,2.4113599999999997,0.4585098063970763,0.08791836388614513,63.090191363875654,99.15292523074349,-2.16374361475412e-06
36296.0,2.41112,0.4584924988936966,0.08790928341692593,63.09039451163265,99.15281327359105,-2.1631322918135485e-06
36304.0,2.4108799999999997,0.4584751962794393,0.08790020601733457,63.090597590774316,99.15270135727476,-2.162521335230384e-06
36312.0,2.41064,0.4584578985513641,0.0878911316854107,63.090800601344505,99.15258948176736,-2.1619107446037134e-06
36320.0,2.4104,0.45844060570655815,0.08788206041920871,63.09100354338653,99.1524776470418,-2.1613005196690872e-06
36328.0,2.41016,0.4584233177420874,0.08787299221677239,63.0912064169442,99.15236585307085,-2.1606906600340727e-06
36336.0,2.4099199999999996,0.4584060346550315,0.08786392707615315,63.091409222061024,99.15225409982743,-2.160081165359435e-06
36344.0,2.40968,0.4583887564424787,0.08785486499540734,63.091611958780305,99.15214238728457,-2.1594720353475725e-06
36352.0,2.40944,0.45837148310150194,0.08784580597258371,63.09181462714571,99.1520307154151,-2.158863269592174e-06
36360.0,2.4092,0.45835421462920234,0.08783675000574624,63.09201722720027,99.15191908419223,-2.1582548678303337e-06
36368.0,2.4089599999999995,0.45833695102265926,0.08782769709294792,63.092219758987525,99.15180749358889,-2.1576468296626786e-06
36376.0,2.4087199999999998,0.458319692278966,0.08781864723224955,63.09242222255082,99.15169594357813,-2.1570391547623104e-06
36384.0,2.40848,0.4583024383952244,0.08780960042171675,63.09262461793348,99.15158443413311,-2.156431842840879e-06
36392.0,2.4082399999999997,0.45828518936852086,0.0878005566594076,63.0928269451789,99.15147296522684,-2.1558248934920742e-06
36400.0,2.4079999999999995,0.4582679451959696,0.08779151594339508,63.0930292043303,99.15136153683247,-2.155218306479973e-06
36408.0,2.4077599999999997,0.45825070587466366,0.0877824782717416,63.09323139543104,99.15125014892307,-2.1546120814106007e-06
36416.0,2.40752,0.4582334714017095,0.08777344364251699,63.093433518524186,99.1511388014718,-2.1540062179501194e-06
36424.0,2.40728,0.45821624177422227,0.08776441205379609,63.09363557365252,99.15102749445195,-2.1534007157870496e-06
36432.0,2.40704,0.4581990169893018,0.08775538350364616,63.093837560859335,99.15091622783662,-2.152795574525104e-06
36440.0,2.4067999999999996,0.4581817970440757,0.08774635799014938,63.094039480187526,99.15080500159924,-2.152190793919879e-06
36448.0,2.40656,0.4581645819356503,0.08773733551137732,63.09424133168019,99.15069381571297,-2.151586373575086e-06
36456.0,2.40632,0.45814737166114555,0.08772831606540908,63.094443115380244,99.15058267015114,-2.150982313161514e-06
36464.0,2.4060799999999998,0.45813016621768987,0.0877192996503286,63.09464483133048,99.15047156488714,-2.150378612384645e-06
36472.0,2.4058399999999995,0.45811296560239656,0.08771028626421234,63.09484647957392,99.15036049989425,-2.1497752708474205e-06
36480.0,2.4055999999999997,0.45809576981240635,0.08770127590515162,63.09504806015336,99.15024947514591,-2.1491722883139176e-06
36488.0,2.40536,0.45807857884483894,0.08769226857122708,63.09524957311176,99.15013849061545,-2.1485696643886197e-06
36496.0,2.40512,0.45806139269682755,0.08768326426052699,63.09545101849171,99.15002754627633,-2.1479673987376887e-06
36504.0,2.40488,0.4580442113655138,0.08767426297114433,63.09565239633553,99.14991664210213,-2.1473654910535e-06
36512.0,2.4046399999999997,0.45802703484802443,0.08766526470116483,63.09585370668608,99.14980577806621,-2.1467639409366825e-06
36520.0,2.4044,0.4580098631415136,0.0876562694486889,63.09605494958566,99.14969495414232,-2.1461627481389776e-06
36528.0,2.40416,0.45799269624311445,0.08764727721180648,63.096256125076906,99.14958417030388,-2.1455619122587e-06
36536.0,2.40392,0.4579755341499734,0.08763828798861481,63.09645723320244,99.1494734265245,-2.1449614329805165e-06
36544.0,2.4036799999999996,0.45795837685924545,0.08762930177721613,63.09665827400491,99.14936272277774,-2.1443613100345803e-06
36552.0,2.40344,0.4579412243680706,0.08762031857570515,63.09685924752687,99.14925205903718,-2.143761543019207e-06
36560.0,2.4032,0.45792407667361584,0.08761133838219122,63.09706015381059,99.14914143527652,-2.143162131691535e-06
36568.0,2.4029599999999998,0.4579069337730275,0.0876023611947733,63.09726099289864,99.1490308514693,-2.1425630756668415e-06
36576.0,2.4027199999999995,0.4578897956634651,0.08759338701155764,63.09746176483348,99.14892030758921,-2.1419643746313345e-06
36584.0,2.4024799999999997,0.4578726623420963,0.08758441583065521,63.097662469657536,99.14880980360991,-2.1413660283097705e-06
36592.0,2.40224,0.45785553380607413,0.08757544765016974,63.097863107413275,99.14869933950499,-2.140768036311259e-06
36600.0,2.4019999999999997,0.4578384100525787,0.08756648246821952,63.09806367814213,99.14858891524852,-2.1401703983528475e-06
36608.0,2.40176,0.4578212910787693,0.08755752028291246,63.098264181886506,99.14847853081416,-2.1395731140498122e-06
36616.0,2.4015199999999997,0.45780417688181857,0.0875485610923638,63.098464618688595,99.14836818617573,-2.1389761830845067e-06
36624.0,2.40128,0.45778706745890746,0.08753960489469355,63.09866498859062,99.14825788130717,-2.1383796051901684e-06
36632.0,2.40104,0.45776996280720206,0.08753065168801444,63.09886529163473,99.14814761618226,-2.137783379965884e-06
36640.0,2.4008,0.4577528629238959,0.08752170147045392,63.09906552786208,99.14803739077512,-2.1371875071294713e-06
36648.0,2.4005599999999996,0.4577357678061614,0.08751275424012883,63.0992656973148,99.14792720505959,-2.136591986292353e-06
36656.0,2.40032,0.45771867745118444,0.08750380999516351,63.09946580003467,99.14781705900971,-2.1359968171284e-06
36664.0,2.40008,0.45770159185615955,0.08749486873368716,63.09966583606341,99.14770695259965,-2.1354019993500347e-06
36672.0,2.39984,0.45768451101826607,0.08748593045382154,63.09986580544286,99.14759688580334,-2.1348075325586556e-06
36680.0,2.3995999999999995,0.45766743493470996,0.08747699515370272,63.100065708215716,99.14748685859465,-2.1342134165861872e-06
36688.0,2.3993599999999997,0.457650363602677,0.08746806283145668,63.100265544423834,99.1473768709476,-2.133619651044052e-06
36696.0,2.39912,0.45763329701936567,0.08745913348521636,63.100465314109,99.14726692283618,-2.1330262356192287e-06
36704.0,2.39888,0.45761623518198263,0.0874502071131195,63.10066501731274,99.14715701423441,-2.1324331700225962e-06
36712.0,2.39864,0.4575991780877201,0.08744128371329665,63.100864654077085,99.14704714511626,-2.1318404538809966e-06
36720.0,2.3983999999999996,0.45758212573379675,0.08743236328389264,63.10106422444283,99.14693731545624,-2.131248086909935e-06
36728.0,2.39816,0.4575650781174111,0.08742344582304215,63.101263728451784,99.14682752522835,-2.1306560687331698e-06
36736.0,2.39792,0.45754803523577464,0.0874145313288871,63.10146316614545,99.14671777440682,-2.130064399036908e-06
36744.0,2.39768,0.45753099708610706,0.08740561979957406,63.1016625375653,99.14660806296601,-2.12947307754051e-06
36752.0,2.3974399999999996,0.45751396366561353,0.08739671123324248,63.101861842752875,99.14649839088007,-2.1288821038569403e-06
36760.0,2.3971999999999998,0.4574969349715256,0.08738780562804599,63.102061081749625,99.1463887581234,-2.128291477760299e-06
36768.0,2.39696,0.45747991100105473,0.08737890298212814,63.10226025459704,99.14627916467022,-2.1277011988712592e-06
36776.0,2.3967199999999997,0.4574628917514251,0.08737000329363954,63.10245936133638,99.14616961049485,-2.127111266870633e-06
36784.0,2.39648,0.45744587721986935,0.08736110656073562,63.10265840200862,99.1460600955717,-2.1265216814615894e-06
36792.0,2.3962399999999997,0.4574288674036054,0.08735221278156453,63.10285737665522,99.14595061987504,-2.125932442266344e-06
36800.0,2.396,0.4574118622998777,0.08734332195428877,63.10305628531726,99.14584118337943,-2.1253435490520588e-06
36808.0,2.39576,0.45739486190591033,0.08733443407706054,63.10325512803602,99.14573178605923,-2.124755001436323e-06
36816.0,2.39552,0.45737786621894044,0.08732554914803926,63.103453904852614,99.1456224278889,-2.124166799108429e-06
36824.0,2.3952799999999996,0.4573608752362133,0.08731666716538908,63.10365261580803,99.14551310884298,-2.1235789417915917e-06
36832.0,2.39504,0.45734388895495964,0.08730778812726687,63.103851260943486,99.14540382889588,-2.122991429099546e-06
36840.0,2.3948,0.45732690737242837,0.08729891203183951,63.104049840299986,99.14529458802221,-2.1224042607531944e-06
36848.0,2.39456,0.4573099304858675,0.08729003887727378,63.10424835391852,99.1451853861965,-2.12181743645108e-06
36856.0,2.3943199999999996,0.45729295829252714,0.08728116866173793,63.104446801840005,99.14507622339335,-2.121230955882495e-06
36864.0,2.3940799999999998,0.45727599078965786,0.08727230138340093,63.1046451841052,99.14496709958732,-2.1206448187136018e-06
36872.0,2.39384,0.45725902797451284,0.08726343704043345,63.10484350075604,99.1448580147529,-2.1200590246999963e-06
36880.0,2.3935999999999997,0.45724206984430577,0.08725457563098596,63.105041751833674,99.14474896886419,-2.1194735732372247e-06
36888.0,2.3933599999999995,0.45722511639371766,0.08724571715188605,63.10523993741335,99.14463996187466,-2.1188884474923e-06
36896.0,2.3931199999999997,0.45720816762225225,0.08723686160248172,63.10543805750211,99.14453099378008,-2.118303661256661e-06
36904.0,2.39288,0.45719122352922814,0.08722800898202442,63.10563611211171,99.14442206457298,-2.1177192272801384e-06
36912.0,2.39264,0.4571742841070115,0.08721915928613365,63.10583410135998,99.14431317418075,-2.117135114643793e-06
36920.0,2.3924,0.4571573493593312,0.0872103125163657,63.10603202518938,99.14420432263886,-2.116551363629445e-06
36928.0,2.3921599999999996,0.4571404192785938,0.08720146866836212,63.10622988371388,99.14409550987585,-2.1159679433112156e-06
36936.0,2.39192,0.4571234938637702,0.0871926277411943,63.10642767694893,99.14398673588207,-2.115384864088965e-06
36944.0,2.39168,0.45710657311488945,0.08718378973448637,63.10662540489367,99.14387800065818,-2.1148021429945937e-06
36952.0,2.39144,0.45708965702257226,0.08717495464294894,63.10682306768686,99.14376930411781,-2.114219737644566e-06
36960.0,2.3911999999999995,0.45707274559140015,0.08716612246858468,63.10702066526073,99.14366064630315,-2.113637693828644e-06
36968.0,2.3909599999999998,0.4570558388134747,0.08715729320687861,63.10721819773273,99.14355202714151,-2.1130559785246314e-06
36976.0,2.39072,0.45703893668772577,0.0871484668568824,63.10741566511878,99.14344344662305,-2.1124746017923813e-06
36984.0,2.39048,0.45702203921488405,0.08713964341858826,63.10761306740807,99.14333490475445,-2.11189358506768e-06
36992.0,2.39024,0.457005146386387,0.08713082288713614,63.10781040472824,99.14322640145663,-2.1113128910894377e-06
37000.0,2.3899999999999997,0.4569882582020831,0.08712200526205845,63.10800767708157,99.14311793672815,-2.110732535682188e-06
37008.0,2.38976,0.456971374659744,0.0871131905418034,63.1082048845019,99.14300951054763,-2.110152521594503e-06
37016.0,2.38952,0.4569544957569855,0.08710437872473827,63.10840202702525,99.14290112289248,-2.109572850557252e-06
37024.0,2.38928,0.45693762149106154,0.08709556980904179,63.10859910469248,99.14279277373737,-2.108993521972148e-06
37032.0,2.3890399999999996,0.4569207518586307,0.0870867637925823,63.108796117552416,99.14268446305235,-2.1084145313929016e-06
37040.0,2.3888,0.45690388685718036,0.08707796067366125,63.108993065642785,99.14257619081388,-2.107835879684562e-06
37048.0,2.38856,0.456887026483798,0.08706916045037164,63.109189949005916,99.14246795699594,-2.1072575650777113e-06
37056.0,2.3883199999999998,0.4568701707356174,0.08706036312083125,63.109386767683745,99.14235976157266,-2.1066795860974485e-06
37064.0,2.3880799999999995,0.4568533196098785,0.08705156868321347,63.10958352171719,99.14225160451868,-2.106101941963534e-06
37072.0,2.3878399999999997,0.45683647310398967,0.0870427771357801,63.10978021114492,99.14214348580992,-2.1055246329635466e-06
37080.0,2.3876,0.4568196312151228,0.08703398847666993,63.109976836008556,99.1420354054207,-2.1049476578392326e-06
37088.0,2.3873599999999997,0.4568027939406802,0.08702520270414238,63.11017339634718,99.14192736332672,-2.1043710168280573e-06
37096.0,2.38712,0.456785961278014,0.08701641981643107,63.11036989220037,99.14181935950342,-2.103794709825937e-06
37104.0,2.3868799999999997,0.4567691332244179,0.08700763981173955,63.110566323608296,99.14171139392589,-2.1032187363217067e-06
37112.0,2.38664,0.4567523097772871,0.08699886268832462,63.11076269060984,99.14160346656999,-2.102643096445663e-06
37120.0,2.3864,0.45673549093393884,0.08699008844440294,63.11095899324496,99.14149557741091,-2.102067789816938e-06
37128.0,2.38616,0.45671867669159844,0.08698131707814354,63.11115523155479,99.14138772642315,-2.1014928154417277e-06
37136.0,2.3859199999999996,0.45670186704757443,0.08697254858775927,63.11135140557883,99.14127991358224,-2.100918172815035e-06
37144.0,2.38568,0.4566850619991995,0.08696378297147597,63.11154751535602,99.14117213886364,-2.1003438615498237e-06
37152.0,2.38544,0.45666826154052437,0.08695502022580814,63.11174356096996,99.14106440221579,-2.0997698601625072e-06
37160.0,2.3851999999999998,0.45665146567401754,0.08694626035166118,63.111939542386125,99.14095670365997,-2.0991962009883315e-06
37168.0,2.3849599999999995,0.4566346743949211,0.08693750334617172,63.11213545967648,99.1408490431514,-2.0986228704810337e-06
37176.0,2.3847199999999997,0.45661788769996714,0.08692874920725398,63.11233131289045,99.14074142065937,-2.0980498644965516e-06
37184.0,2.38448,0.4566011055911419,0.08691999793556245,63.11252710199796,99.14063383620255,-2.097477212104225e-06
37192.0,2.38424,0.4565843280578315,0.08691124952518145,63.1127228271589,99.14052628968162,-2.0969048626146633e-06
37200.0,2.3839999999999995,0.45656755510473956,0.08690250397818317,63.1129184883024,99.1404187811406,-2.0963328622925556e-06
37208.0,2.3837599999999997,0.4565507867261627,0.08689376129121333,63.11311408551436,99.14031131052656,-2.09576119149929e-06
37216.0,2.38352,0.45653402291818357,0.08688502146184963,63.11330961885379,99.14020387780315,-2.0951898418835233e-06
37224.0,2.38328,0.45651726368326795,0.08687628449099788,63.11350508828347,99.14009648299329,-2.094618845510654e-06
37232.0,2.38304,0.4565005090104542,0.08686755037256419,63.11370049396685,99.13998912599557,-2.094048149260366e-06
37240.0,2.3827999999999996,0.45648375890459997,0.08685881910870188,63.11389583583151,99.13988180685494,-2.093477800383443e-06
37248.0,2.38256,0.45646701336149265,0.0868500906968362,63.114091113940084,99.13977452553253,-2.0929077885501837e-06
37256.0,2.38232,0.4564502723754464,0.08684136513362505,63.11428632837715,99.13966728197586,-2.092338094048734e-06
37264.0,2.3820799999999998,0.4564335359456627,0.08683264241827422,63.114481479154804,99.13956007617745,-2.091768728210307e-06
37272.0,2.38184,0.4564168040702388,0.08682392254941422,63.114676566307516,99.13945290811725,-2.0911996957425563e-06
37280.0,2.3815999999999997,0.456400076746536,0.08681520552529232,63.11487158987454,99.13934577777091,-2.090630996249966e-06
37288.0,2.38136,0.4563833539717124,0.0868064913440504,63.11506654989701,99.13923868511233,-2.0900626279500103e-06
37296.0,2.38112,0.45636663574278064,0.08679778000375475,63.11526144641723,99.1391316301143,-2.0894945880509418e-06
37304.0,2.38088,0.4563499220572253,0.08678907150271821,63.115456279473655,99.13902461275316,-2.0889268769613833e-06
37312.0,2.3806399999999996,0.4563332129121402,0.08678036583905027,63.11565104910512,99.13891763300474,-2.088359492224967e-06
37320.0,2.3804,0.45631650830483855,0.08677166301097518,63.115845755351536,99.13881069084402,-2.087792433056056e-06
37328.0,2.38016,0.45629980823268984,0.08676296301674687,63.11604039825165,99.13870378624726,-2.0872256989928276e-06
37336.0,2.37992,0.45628311269310534,0.08675426585464142,63.116234977843874,99.13859691919104,-2.0866592898417647e-06
37344.0,2.3796799999999996,0.4562664216833675,0.08674557152286821,63.116429494167576,99.13849008965084,-2.0860932045126893e-06
37352.0,2.3794399999999998,0.45624973520104095,0.086736880019784,63.11662394726009,99.13838329760343,-2.0855274438436663e-06
37360.0,2.3792,0.45623305324345087,0.08672819134362117,63.11681833716045,99.13827654302469,-2.0849620070058825e-06
37368.0,2.3789599999999997,0.456216375808031,0.08671950549266903,63.117012663907225,99.13816982589074,-2.0843968939237813e-06
37376.0,2.3787199999999995,0.4561997028922286,0.08671082246522438,63.117206927538966,99.13806314617777,-2.083832104611241e-06
37384.0,2.3784799999999997,0.45618303449344627,0.08670214225956098,63.11740112809424,99.13795650386189,-2.083267638737507e-06
37392.0,2.37824,0.45616637060910303,0.08669346487396169,63.11759526561166,99.13784989891906,-2.082703496078222e-06
37400.0,2.3779999999999997,0.456149711236618,0.08668479030670971,63.117789340129804,99.13774333132545,-2.082139676400548e-06
37408.0,2.37776,0.45613305637340823,0.08667611855608753,63.11798335168635,99.13763680105745,-2.0815761793691046e-06
37416.0,2.3775199999999996,0.45611640601688985,0.08666744962037759,63.11817730031867,99.13753030809151,-2.0810130046184435e-06
37424.0,2.37728,0.45609976016448206,0.08665878349786427,63.11837118606523,99.13742385240383,-2.080450151858673e-06
37432.0,2.37704,0.45608311881361496,0.08665012018683801,63.11856500896513,99.13731743397085,-2.079887620912466e-06
37440.0,2.3768,0.4560664819617063,0.08664145968558322,63.118758769056384,99.13721105276886,-2.0793254114228546e-06
37448.0,2.3765599999999996,0.45604984960618766,0.08663280199239189,63.118952466377046,99.13710470877423,-2.078763523121536e-06
37456.0,2.3763199999999998,0.45603322174449396,0.08662414710555799,63.119146100965025,99.1369984019633,-2.0782019557417466e-06
37464.0,2.37608,0.45601659837404945,0.08661549502337056,63.11933967285863,99.13689213231244,-2.077640708952734e-06
37472.0,2.37584,0.45599997949230364,0.08660684574413194,63.1195331820963,99.13678589979796,-2.0770797826018416e-06
37480.0,2.3755999999999995,0.4559833650966842,0.08659819926613355,63.11972662871617,99.1366797043962,-2.076519176342896e-06
37488.0,2.3753599999999997,0.4559667551846341,0.08658955558767523,63.11992001275645,99.13657354608354,-2.0759588899322647e-06
37496.0,2.37512,0.45595014975359954,0.08658091470705873,63.12011333425532,99.13646742483635,-2.0753989231355677e-06
37504.0,2.37488,0.45593354880101694,0.08657227662258121,63.12030659325097,99.13636134063097,-2.074839275629761e-06
37512.0,2.37464,0.45591695232434415,0.08656364133255126,63.12049978978093,99.13625529344405,-2.0742799471935703e-06
37520.0,2.3743999999999996,0.4559003603210208,0.0865550088352684,63.12069292388341,99.13614928325197,-2.0737209375016394e-06
37528.0,2.37416,0.45588377278849646,0.08654637912903772,63.120885995596275,99.13604331003123,-2.073162246266389e-06
37536.0,2.37392,0.45586718972422924,0.08653775221216908,63.12107900495704,99.13593737375858,-2.072603873224912e-06
37544.0,2.37368,0.4558506111256755,0.08652912808297182,63.121271952003006,99.1358314744107,-2.072045818070356e-06
37552.0,2.3734399999999996,0.455834036990293,0.0865205067397564,63.12146483677222,99.13572561196423,-2.0714880805459813e-06
37560.0,2.3731999999999998,0.4558174673155414,0.08651188818083459,63.12165765930269,99.13561978639575,-2.070930660391194e-06
37568.0,2.37296,0.4558009020988846,0.08650327240452077,63.12185041963198,99.13551399768191,-2.0703735573322934e-06
37576.0,2.3727199999999997,0.4557843413377872,0.08649465940913008,63.12204311779738,99.1354082457994,-2.0698167710685936e-06
37584.0,2.37248,0.45576778502971055,0.08648604919297623,63.12223575383682,99.13530253072481,-2.069260301303265e-06
37592.0,2.3722399999999997,0.4557512331721327,0.0864774417543821,63.12242832778739,99.13519685243516,-2.0687041477957588e-06
37600.0,2.372,0.4557346857625157,0.0864688370916626,63.12262083968682,99.13509121090705,-2.0681483102130075e-06
37608.0,2.37176,0.45571814279833556,0.08646023520314021,63.12281328957272,99.13498560611724,-2.067592788305983e-06
37616.0,2.37152,0.45570160427707135,0.08645163608713938,63.12300567748276,99.13488003804252,-2.0670375818341366e-06
37624.0,2.3712799999999996,0.4556850701961924,0.08644303974197995,63.123198003454476,99.13477450665961,-2.066482690467485e-06
37632.0,2.37104,0.45566854055319067,0.08643444616599376,63.12339026752536,99.13466901194536,-2.065928114018678e-06
37640.0,2.3708,0.4556520153455387,0.086425855357503,63.123582469733,99.13456355387652,-2.065373852162359e-06
37648.0,2.37056,0.4556354945707233,0.08641726731483765,63.12377461011468,99.13445813242994,-2.064819904630224e-06
37656.0,2.3703199999999995,0.45561897822623465,0.08640868203632976,63.12396668870756,99.13435274758253,-2.064266271163221e-06
37664.0,2.3700799999999997,0.45560246630955337,0.08640009952030683,63.12415870554911,99.13424739931108,-2.0637129514406192e-06
37672.0,2.36984,0.45558595881818215,0.08639151976510816,63.124350660675766,99.13414208759288,-2.0631599452164727e-06
37680.0,2.3696,0.4555694557496047,0.08638294276906355,63.12454255412491,99.13403681240473,-2.0626072521569438e-06
37688.0,2.3693599999999995,0.45555295710131916,0.08637436853051064,63.124734385933714,99.13393157372371,-2.0620548720076063e-06
37696.0,2.3691199999999997,0.4555364628708269,0.08636579704778918,63.124926156139416,99.13382637152691,-2.0615028045279125e-06
37704.0,2.36888,0.4555199730556195,0.08635722831923413,63.12511786477912,99.13372120579129,-2.0609510493786267e-06
37712.0,2.36864,0.45550348765321047,0.0863486623431923,63.125309511890165,99.13361607649385,-2.0603996063939875e-06
37720.0,2.3684,0.4554870066610948,0.08634009911800111,63.1255010975097,99.13351098361163,-2.059848475236301e-06
37728.0,2.3681599999999996,0.45547053007678134,0.08633153864200561,63.125692621674716,99.13340592712166,-2.0592976556480577e-06
37736.0,2.36792,0.455454057897782,0.08632298091355282,63.12588408442214,99.13330090700099,-2.058747147377915e-06
37744.0,2.36768,0.4554375901215994,0.08631442593098526,63.126075485789116,99.13319592322668,-2.0581969501059136e-06
37752.0,2.3674399999999998,0.4554211267457579,0.08630587369265713,63.1262668258122,99.13309097577603,-2.05764706361926e-06
37760.0,2.3672,0.45540466776776317,0.08629732419691323,63.126458104528474,99.13298606462607,-2.0570974875879714e-06
37768.0,2.3669599999999997,0.45538821318513517,0.08628877744210622,63.12664932197464,99.13288118975407,-2.0565482217506834e-06
37776.0,2.36672,0.4553717629953968,0.08628023342659058,63.126840478187326,99.13277635113738,-2.055999265847572e-06
37784.0,2.36648,0.4553553171960611,0.0862716921487161,63.12703157320342,99.13267154875314,-2.055450619548655e-06
37792.0,2.36624,0.45533887578465354,0.08626315360683928,63.127222607060055,99.13256678257864,-2.0549022826234065e-06
37800.0,2.3659999999999997,0.45532243875620126,0.08625461779801974,63.1274135798274,99.13246205257057,-2.0543542384894122e-06
37808.0,2.36576,0.45530600611075134,0.08624608472192426,63.12760449150512,99.13235735872904,-2.0538065030883956e-06
37816.0,2.36552,0.45528957784668866,0.08623755437735676,63.12779534211872,99.13225270103825,-2.0532590817478848e-06
37824.0,2.36528,0.4552731539583199,0.08622902676100394,63.127986131755186,99.13214807944465,-2.052711953622672e-06
37832.0,2.3650399999999996,0.45525673444864073,0.08622050187406433,63.12817686036874,99.1320434939764,-2.052165153471218e-06
37840.0,2.3648,0.45524031930974324,0.08621197971207564,63.12836752807813,99.13193894455947,-2.0516186461071637e-06
37848.0,2.36456,0.4552239085423769,0.08620346027507075,63.128558134872094,99.13183443120086,-2.051072451892307e-06
37856.0,2.3643199999999998,0.4552075021451189,0.086194943561955,63.12874868077147,99.13172995388776,-2.050526577215057e-06
37864.0,2.3640799999999995,0.45519110011067765,0.08618642956858756,63.12893916588428,99.13162551255317,-2.0499809906800016e-06
37872.0,2.3638399999999997,0.4551747024428898,0.0861779182966046,63.129129590153696,99.13152110723236,-2.049435732511139e-06
37880.0,2.3636,0.4551583091334531,0.08616940974134163,63.12931995370211,99.13141673784949,-2.0488907647396117e-06
37888.0,2.3633599999999997,0.4551419201831544,0.08616090390285229,63.129510256517925,99.13131240441174,-2.0483461079361573e-06
37896.0,2.36312,0.45512553559142555,0.08615240078048701,63.12970049860978,99.13120810691387,-2.0478017739554897e-06
37904.0,2.3628799999999996,0.4551091553510608,0.086143900370152,63.129890680084856,99.13110384528976,-2.0472577319002562e-06
37912.0,2.36264,0.4550927794618044,0.08613540267136066,63.13008080094696,99.13099961953708,-2.046713995592734e-06
37920.0,2.3624,0.4550764079217242,0.08612690768275663,63.13027086122596,99.13089542963704,-2.0461705681315247e-06
37928.0,2.36216,0.45506004072857525,0.08611841540282157,63.1304608609557,99.13079127556858,-2.0456274505420424e-06
37936.0,2.3619199999999996,0.45504367787984246,0.08610992582989732,63.130650800173385,99.13068715730871,-2.04508464205407e-06
37944.0,2.36168,0.4550273193725593,0.08610143896209191,63.13084067892171,99.130583074831,-2.04454213888591e-06
37952.0,2.36144,0.4550109652044442,0.08609295479786905,63.13103049723496,99.13047902811412,-2.0439999417807953e-06
37960.0,2.3612,0.45499461537284197,0.08608447333549905,63.13122025515145,99.13037501713474,-2.0434580489577434e-06
37968.0,2.3609599999999995,0.4549782698751907,0.0860759945733009,63.13140995270866,99.13027104186976,-2.0429164592579584e-06
37976.0,2.3607199999999997,0.4549619287090062,0.08606751850963432,63.13159958994325,99.13016710229651,-2.0423751720299556e-06
37984.0,2.36048,0.45494559187193295,0.08605904514292607,63.13178916689028,99.13006319839329,-2.0418341874680244e-06
37992.0,2.36024,0.4549292593614193,0.0860505744715016,63.13197868358713,99.12995933013703,-2.0412935044388113e-06
38000.0,2.36,0.4549129311751444,0.08604210649380638,63.13216814006886,99.12985549750607,-2.0407531233671315e-06
38008.0,2.3597599999999996,0.4548966073106871,0.08603364120823419,63.13235753637148,99.12975170047814,-2.040213043973116e-06
38016.0,2.35952,0.45488028776561745,0.0860251786131746,63.132546872530995,99.12964793903099,-2.039673265905194e-06
38024.0,2.35928,0.4548639725375767,0.08601671870705449,63.13273614858255,99.12954421314281,-2.039133789270533e-06
38032.0,2.35904,0.45484766162414236,0.08600826148826794,63.132925364562155,99.12944052279137,-2.0385946137383795e-06
38040.0,2.3587999999999996,0.4548313550229159,0.08599980695522191,63.13311452050497,99.12933686795469,-2.0380557390951693e-06
38048.0,2.3585599999999998,0.4548150527314955,0.08599135510632193,63.13330361644632,99.12923324861086,-2.037517165098812e-06
38056.0,2.35832,0.45479875474747034,0.08598290593996927,63.133492652422404,99.12912966473776,-2.0369788914802333e-06
38064.0,2.3580799999999997,0.45478246106843423,0.0859744594545678,63.133681628469304,99.12902611631324,-2.0364409179927165e-06
38072.0,2.35784,0.45476617169198635,0.08596601564852471,63.13387054462229,99.12892260331515,-2.0359032443517666e-06
38080.0,2.3575999999999997,0.45474988661573235,0.08595757452025074,63.134059400916804,99.12881912572169,-2.0353658703299427e-06
38088.0,2.35736,0.45473360583727324,0.0859491360681547,63.134248197388295,99.12871568351082,-2.03482879564275e-06
38096.0,2.35712,0.4547173293542125,0.08594070029064689,63.13443693407219,99.12861227666058,-2.0342920200172587e-06
38104.0,2.35688,0.45470105716416553,0.08593226718614419,63.13462561100373,99.12850890514925,-2.033755543238363e-06
38112.0,2.3566399999999996,0.45468478926473377,0.08592383675305662,63.13481422821835,99.12840556895483,-2.0332193649907285e-06
38120.0,2.3564,0.45466852565353666,0.08591540898980382,63.13500278575203,99.12830226805539,-2.032683485115532e-06
38128.0,2.35616,0.45465226632818556,0.08590698389480163,63.13519128364037,99.12819900242897,-2.0321479033560344e-06
38136.0,2.35592,0.45463601128629366,0.08589856146646714,63.1353797219188,99.12809577205365,-2.03161261944239e-06
38144.0,2.3556799999999996,0.45461976052548675,0.0858901417032243,63.13556810062254,99.12799257690752,-2.0310776331718282e-06
38152.0,2.3554399999999998,0.45460351404337634,0.08588172460349008,63.135756419787185,99.12788941696863,-2.030542944247519e-06
38160.0,2.3552,0.4545872718375918,0.08587331016569094,63.13594467944725,99.12778629221543,-2.030008552425059e-06
38168.0,2.3549599999999997,0.45457103390575443,0.0858648983882496,63.136132879637834,99.12768320262613,-2.0294744574176412e-06
38176.0,2.3547199999999995,0.4545548002454877,0.08585648926959015,63.13632102039414,99.12758014817898,-2.028940658953877e-06
38184.0,2.3544799999999997,0.4545385708544277,0.08584808280814361,63.13650910175126,99.12747712885243,-2.028407156835622e-06
38192.0,2.35424,0.4545223457301961,0.08583967900233387,63.13669712374428,99.12737414462472,-2.0278739507429176e-06
38200.0,2.354,0.45450612487043224,0.08583127785059427,63.13688508640877,99.1272711954741,-2.0273410405076873e-06
38208.0,2.35376,0.4544899082727676,0.08582287935135449,63.13707298978004,99.12716828137881,-2.026808425875505e-06
38216.0,2.3535199999999996,0.45447369593483555,0.08581448350304549,63.13726083389306,99.12706540231719,-2.026276106565731e-06
38224.0,2.35328,0.454457487854282,0.08580609030410505,63.1374486187823,99.1269625582676,-2.0257440823470696e-06
38232.0,2.35304,0.45444128402873885,0.08579769975296397,63.137636344483,99.12685974920838,-2.0252123529211475e-06
38240.0,2.3528,0.4544250844558556,0.08578931184806265,63.13782401102955,99.12675697511813,-2.024680918053585e-06
38248.0,2.3525599999999995,0.454408889133274,0.08578092658783772,63.138011618456716,99.12665423597531,-2.0241497774606575e-06
38256.0,2.3523199999999997,0.4543926980586376,0.08577254397072705,63.13819916679951,99.12655153175832,-2.0236189308794585e-06
38264.0,2.35208,0.45437651122960254,0.08576416399517546,63.138386656093424,99.12644886244563,-2.0230883781619588e-06
38272.0,2.35184,0.4543603286438108,0.08575578665962069,63.13857408637324,99.12634622801565,-2.022558118986655e-06
38280.0,2.3516,0.45434415029892167,0.08574741196250978,63.138761457673624,99.12624362844689,-2.022028153150008e-06
38288.0,2.3513599999999997,0.45432797619258675,0.0857390399022862,63.13894877002946,99.12614106371781,-2.0214984803852543e-06
38296.0,2.35112,0.4543118063224597,0.08573067047739473,63.13913602347545,99.1260385338069,-2.020969100418694e-06
38304.0,2.35088,0.45429564068620654,0.08572230368628694,63.139323218045675,99.1259360386929,-2.0204400130174882e-06
38312.0,2.35064,0.4542794792814792,0.08571393952740743,63.13951035377499,99.12583357835425,-2.019911217877097e-06
38320.0,2.3503999999999996,0.45426332210594733,0.08570557799921026,63.139697430698014,99.1257311527697,-2.0193827148001466e-06
38328.0,2.35016,0.45424716915727265,0.08569721910014579,63.139884448849386,99.12562876191791,-2.018854503519105e-06
38336.0,2.34992,0.45423102043311886,0.0856888628286657,63.140071408263566,99.12552640577749,-2.018326583754103e-06
38344.0,2.3496799999999998,0.4542148759311624,0.08568050918322856,63.140258308974694,99.12542408432726,-2.017798955290806e-06
38352.0,2.3494399999999995,0.45419873564906527,0.08567215816228589,63.14044515101736,99.12532179754584,-2.0172716178200477e-06
38360.0,2.3491999999999997,0.454182599584507,0.08566380976429852,63.140631934426445,99.12521954541188,-2.0167445711714396e-06
38368.0,2.34896,0.4541664677351595,0.08565546398772371,63.140818659236565,99.12511732790406,-2.016217815088243e-06
38376.0,2.3487199999999997,0.4541503400986962,0.08564712083101983,63.14100532548232,99.12501514500104,-2.0156913493137184e-06
38384.0,2.34848,0.45413421667280257,0.08563878029265183,63.141191933198456,99.12491299668142,-2.0151651736713096e-06
38392.0,2.3482399999999997,0.45411809745515075,0.08563044237107807,63.141378482419604,99.12481088292384,-2.014639287874209e-06
38400.0,2.348,0.4541019824434294,0.08562210706476579,63.14156497317978,99.12470880370715,-2.0141136916972882e-06
38408.0,2.34776,0.45408587163531994,0.0856137743721788,63.14175140551339,99.12460675901006,-2.0135883848760983e-06
38416.0,2.34752,0.45406976502850566,0.08560544429178225,63.14193777945464,99.12450474881139,-2.013063367136938e-06
38424.0,2.3472799999999996,0.4540536626206825,0.0855971168220481,63.14212409503688,99.1244027730903,-2.012538638228466e-06
38432.0,2.34704,0.454037564409532,0.08558879196144126,63.14231035229447,99.12430083182551,-2.012014197848454e-06
38440.0,2.3468,0.4540214703927539,0.08558046970843632,63.1424965512615,99.12419892499618,-2.011490045799529e-06
38448.0,2.3465599999999998,0.4540053805680397,0.08557215006150394,63.14268269197203,99.12409705258126,-2.0109661818049074e-06
38456.0,2.3463199999999995,0.4539892949330828,0.08556383301911617,63.14286877446019,99.12399521455967,-2.010442605603223e-06
38464.0,2.3460799999999997,0.4539732134855892,0.08555551857975177,63.143054798760424,99.12389341091028,-2.009919317026401e-06
38472.0,2.34584,0.45395713622325073,0.08554720674188261,63.1432407649068,99.12379164161209,-2.0093963157660456e-06
38480.0,2.3456,0.45394106314377636,0.08553889750398971,63.14342667293323,99.12368990664399,-2.0088736016224716e-06
38488.0,2.3453599999999994,0.45392499424486754,0.0855305908645505,63.1436125228738,99.12358820598492,-2.0083511743335423e-06
38496.0,2.3451199999999996,0.45390892952422757,0.08552228682204376,63.143798314762584,99.12348653961388,-2.0078290336409768e-06
38504.0,2.34488,0.4538928689795717,0.08551398537495468,63.143984048633506,99.12338490750997,-2.0073071793527995e-06
38512.0,2.34464,0.4538768126086016,0.08550568652176183,63.14416972452064,99.12328330965215,-2.0067856111714086e-06
38520.0,2.3444,0.45386076040903595,0.08549739026095288,63.1443553424575,99.12318174601958,-2.00626432888324e-06
38528.0,2.3441599999999996,0.453844712378586,0.08548909659101193,63.144540902477914,99.12308021659136,-2.0057433322161355e-06
38536.0,2.34392,0.4538286685149647,0.08548080551042438,63.14472640461575,99.12297872134658,-2.0052226209110426e-06
38544.0,2.34368,0.45381262881589735,0.08547251701768227,63.14491184890475,99.12287726026454,-2.0047021947752145e-06
38552.0,2.3434399999999997,0.4537965932790954,0.0854642311112708,63.145097235378714,99.1227758333243,-2.004182053507966e-06
38560.0,2.3432,0.45378056190228216,0.08545594778968166,63.14528256407142,99.12267444050505,-2.003662196878e-06
38568.0,2.3429599999999997,0.45376453468318445,0.08544766705140863,63.14546783501673,99.12257308178597,-2.0031426246810056e-06
38576.0,2.34272,0.45374851161940294,0.08543938889488066,63.145653048248995,99.12247175714525,-2.002623335775919e-06
38584.0,2.34248,0.4537324927086926,0.08543111331860678,63.14583820380118,99.12237046656301,-2.0021043300817875e-06
38592.0,2.34224,0.4537164779485357,0.08542284032095543,63.14602330171125,99.12226921001599,-2.001585605787559e-06
38600.0,2.3419999999999996,0.4537004673343059,0.08541456989920619,63.14620834204126,99.12216798746499,-2.00106714681042e-06
38608.0,2.34176,0.4536844608680217,0.08540630205407146,63.1463933247642,99.12206679892702,-2.0005489810948383e-06
38616.0,2.34152,0.4536684585450803,0.08539803678284356,63.14657824994823,99.12196564435963,-2.0000310931293016e-06
38624.0,2.34128,0.45365246036348555,0.08538977408416172,63.14676311762291,99.12186452374442,-1.99951348441184e-06
38632.0,2.3410399999999996,0.45363646632422333,0.08538151395820544,63.14694792777394,99.12176343709042,-1.9989961759480277e-06
38640.0,2.3407999999999998,0.45362047641881287,0.0853732564002655,63.14713268052962,99.12166238431897,-1.998479127009641e-06
38648.0,2.34056,0.45360449065115077,0.0853650014120252,63.14731737583101,99.12156136546619,-1.997962377501488e-06
38656.0,2.3403199999999997,0.45358850901571646,0.08535674899030482,63.14750201376154,99.12146038048107,-1.997445905953089e-06
38664.0,2.3400799999999995,0.4535725315101157,0.08534849913353952,63.147686594357396,99.12135942934144,-1.9969297112511374e-06
38672.0,2.3398399999999997,0.45355655813567974,0.08534025184208836,63.14787111759831,99.12125851205967,-1.9964138165545764e-06
38680.0,2.3396,0.45354058888364596,0.08533200711109898,63.14805558361527,99.12115762855498,-1.9958981790959194e-06
38688.0,2.33936,0.45352462375804053,0.08532376494232237,63.148239992348095,99.12105677886449,-1.9953828396519614e-06
38696.0,2.33912,0.4535086627547386,0.08531552533330129,63.14842434385781,99.1209559629504,-1.9948677856825795e-06
38704.0,2.3388799999999996,0.4534927058694334,0.08530728828148525,63.14860863820815,99.1208551807733,-1.994353003447993e-06
38712.0,2.33864,0.45347675310130753,0.0852990537861253,63.148792875411765,99.1207544323255,-1.99383850206745e-06
38720.0,2.3384,0.4534608044487159,0.08529082184604549,63.14897705549967,99.12065371758956,-1.9933242856557152e-06
38728.0,2.33816,0.45344485990940775,0.08528259245975751,63.14916117850521,99.12055303654488,-1.9928103538897437e-06
38736.0,2.3379199999999996,0.45342891948090247,0.08527436562565477,63.14934524446357,99.12045238916883,-1.9922967048343557e-06
38744.0,2.3376799999999998,0.45341298316070144,0.08526614134212171,63.149529253410044,99.12035177543872,-1.991783336402486e-06
38752.0,2.33744,0.45339705094663185,0.0852579196077112,63.14971320537761,99.12025119533436,-1.9912702488053856e-06
38760.0,2.3372,0.45338112283621695,0.08524970042081967,63.1498971003977,99.12015064883582,-1.9907574398403405e-06
38768.0,2.33696,0.4533651988271606,0.08524148377993701,63.150080938504345,99.1200501359218,-1.9902449088281105e-06
38776.0,2.3367199999999997,0.45334927891723154,0.08523326968358692,63.150264719729876,99.11994965657267,-1.9897326554564455e-06
38784.0,2.33648,0.453333363104204,0.08522505813029631,63.1504484441066,99.11984921076878,-1.98922067944008e-06
38792.0,2.33624,0.45331745138577006,0.08521684911854989,63.15063211166759,99.11974879848955,-1.988708979913193e-06
38800.0,2.336,0.4533015437598449,0.08520864264694789,63.15081572244561,99.11964841971516,-1.9881975576606525e-06
38808.0,2.3357599999999996,0.45328564022414486,0.08520043871398827,63.15099927647341,99.11954807442538,-1.987686411958499e-06
38816.0,2.33552,0.4532697407764827,0.08519223731821897,63.1511827737844,99.11944776259978,-1.9871755428329466e-06
38824.0,2.33528,0.4532538454146727,0.08518403845818905,63.15136621441201,99.11934748421787,-1.986664950322545e-06
38832.0,2.33504,0.4532379541364978,0.08517584213243179,63.151549598389046,99.11924723925948,-1.986154634167471e-06
38840.0,2.3347999999999995,0.45322206693975187,0.08516764833948627,63.15173292574764,99.1191470277042,-1.985644594135657e-06
38848.0,2.3345599999999997,0.45320618382223055,0.08515945707789294,63.15191619652089,99.11904684953174,-1.9851348300628822e-06
38856.0,2.33432,0.4531903047817261,0.08515126834619073,63.15209941074077,99.11894670472222,-1.9846253416669655e-06
38864.0,2.3340799999999997,0.4531744298160307,0.08514308214291885,63.15228256843924,99.11884659325572,-1.984116128658786e-06
38872.0,2.33384,0.4531585589229396,0.08513489846661844,63.15246566964899,99.11874651511208,-1.9836071908055054e-06
38880.0,2.3335999999999997,0.4531426921002559,0.08512671731583492,63.152648714403156,99.11864647027144,-1.983098527950613e-06
38888.0,2.33336,0.45312682934577303,0.08511853868910917,63.1528317027341,99.11854645871375,-1.9825901398042178e-06
38896.0,2.33312,0.45311097065729705,0.0851103625849887,63.15301463467428,99.11844648041891,-1.982082026165862e-06
38904.0,2.33288,0.4530951160326341,0.08510218900202153,63.15319751025616,99.11834653536687,-1.981574186822753e-06
38912.0,2.3326399999999996,0.45307926546958405,0.0850940179387527,63.15338032951225,99.11824662353759,-1.9810666215042746e-06
38920.0,2.3324,0.4530634189659662,0.08508584939373755,63.153563092474414,99.11814674491119,-1.9805593300361825e-06
38928.0,2.33216,0.45304757651958205,0.08507768336552256,63.15374579917517,99.11804689946761,-1.980052312137838e-06
38936.0,2.3319199999999998,0.4530317381282474,0.0850695198526619,63.15392844964669,99.11794708718702,-1.9795455676033865e-06
38944.0,2.3316799999999995,0.45301590378977813,0.08506135885371012,63.154111043921134,99.11784730804955,-1.9790390962169514e-06
38952.0,2.3314399999999997,0.45300007350198424,0.08505320036721899,63.15429358203084,99.11774756203523,-1.978532897711771e-06
38960.0,2.3312,0.452984247262692,0.08504504439174897,63.15447606400838,99.11764784912422,-1.9780269719560063e-06
38968.0,2.33096,0.4529684250697131,0.08503689092585336,63.154658489886,99.11754816929663,-1.9775213186713305e-06
38976.0,2.3307199999999995,0.4529526069208713,0.08502873996809197,63.154840859696264,99.11744852253244,-1.9770159376757904e-06
38984.0,2.3304799999999997,0.45293679281399063,0.08502059151702501,63.15502317347172,99.11734890881172,-1.9765108287804942e-06
38992.0,2.33024,0.45292098274688997,0.08501244557121038,63.15520543124467,99.11724932811454,-1.976005991734099e-06
39000.0,2.33,0.4529051767174038,0.0850043021292143,63.15538763304654,99.11714978042117,-1.9755014263222705e-06
39008.0,2.32976,0.4528893747233526,0.08499616118959609,63.15556977890978,99.11705026571165,-1.974997132291354e-06
39016.0,2.3295199999999996,0.4528735767625693,0.08498802275092182,63.15575186886599,99.11695078396642,-1.974493109406968e-06
39024.0,2.32928,0.45285778283288713,0.08497988681175801,63.155933902946764,99.11685133516589,-1.9739893574262523e-06
39032.0,2.32904,0.45284199293213384,0.08497175337066858,63.15611588118417,99.11675191929025,-1.97348587608707e-06
39040.0,2.3287999999999998,0.4528262070581538,0.08496362242622639,63.156297803610755,99.11665253631985,-1.972982665273003e-06
39048.0,2.32856,0.4528104252087763,0.08495549397699682,63.15647967025838,99.11655318623494,-1.97247972469493e-06
39056.0,2.3283199999999997,0.4527946473818431,0.08494736802155198,63.15666148115905,99.1164538690158,-1.9719770541570195e-06
39064.0,2.32808,0.4527788735751965,0.08493924455846455,63.1568432363448,99.11635458464269,-1.9714746534541896e-06
39072.0,2.32784,0.45276310378667256,0.08493112358630425,63.157024935847666,99.1162553330959,-1.970972522330472e-06
39080.0,2.3276,0.45274733801411937,0.0849230051036474,63.15720657969967,99.11615611435569,-1.970470660603142e-06
39088.0,2.3273599999999997,0.45273157625538335,0.08491488910906969,63.15738816793277,99.11605692840233,-1.9699690680594073e-06
39096.0,2.32712,0.4527158185083126,0.08490677560114798,63.15756970057845,99.11595777521626,-1.9694677444579486e-06
39104.0,2.32688,0.4527000647705653,0.08489866457836165,63.15775117767041,99.11585865477637,-1.968966688252934e-06
39112.0,2.32664,0.452684315040166,0.08489055603937905,63.15793259923767,99.11575956706508,-1.9684659003556724e-06
39120.0,2.3263999999999996,0.4526685693120717,0.08488244998128959,63.15811396535352,99.1156605120384,-1.967965361338031e-06
39128.0,2.32616,0.45265282758872,0.0848743464050341,63.15829527598252,99.1155614897176,-1.9674651012693215e-06
39136.0,2.32592,0.45263708986556844,0.08486624530796033,63.15847653119399,99.1154625000599,-1.9669651042386604e-06
39144.0,2.3256799999999997,0.4526213561406472,0.08485814668874068,63.15865773101802,99.11536354304671,-1.9664653712236603e-06
39152.0,2.3254399999999995,0.452605626414963,0.08485005054757987,63.158838875438896,99.11526461868766,-1.965965922734921e-06
39160.0,2.3251999999999997,0.4525899006804668,0.08484195688002194,63.15901996457638,99.11516572690823,-1.9654667195522716e-06
39168.0,2.32496,0.45257417894085694,0.08483386568765744,63.15920099837545,99.11506686774264,-1.964967799981491e-06
39176.0,2.3247199999999997,0.4525584611909202,0.08482577696749063,63.15938197691241,99.11496804114368,-1.9644691434109804e-06
39184.0,2.32448,0.4525427474283958,0.08481769071804567,63.15956290022033,99.11486924709088,-1.9639707487505618e-06
39192.0,2.3242399999999996,0.4525270376545402,0.08480960693965692,63.15974376828087,99.11477048559563,-1.963472638190047e-06
39200.0,2.324,0.4525113318610725,0.08480152562775126,63.15992458121556,99.11467175658306,-1.962974770779169e-06
39208.0,2.32376,0.4524956300517975,0.08479344678397481,63.160105338968556,99.11457306008761,-1.962477185547663e-06
39216.0,2.32352,0.4524799322228132,0.08478537040600831,63.16028604159774,99.1144743960737,-1.9619798705544644e-06
39224.0,2.3232799999999996,0.45246423837004535,0.08477729649144439,63.16046668916357,99.11437576450427,-1.961482812689689e-06
39232.0,2.3230399999999998,0.4524485484927208,0.08476922503957433,63.16064728167755,99.11427716537219,-1.960986020667046e-06
39240.0,2.3228,0.4524328625892836,0.08476115604928691,63.160827819163266,99.11417859866229,-1.960489498041562e-06
39248.0,2.32256,0.45241718065760456,0.08475308951917626,63.1610083016523,99.1140800643552,-1.959993244536452e-06
39256.0,2.3223199999999995,0.4524015026953375,0.08474502544772526,63.1611887291788,99.11398156242994,-1.9594972583830694e-06
39264.0,2.3220799999999997,0.4523858287001194,0.08473696383340833,63.161369101777076,99.11388309286538,-1.959001537680157e-06
39272.0,2.32184,0.45237015866989466,0.08472890467485844,63.161549419477616,99.1137846556427,-1.958506082602729e-06
39280.0,2.3216,0.45235449260231814,0.08472084797055987,63.16172968231501,99.11368625074137,-1.9580108913821384e-06
39288.0,2.32136,0.4523388304952179,0.08471279371908631,63.161909890321176,99.11358787814164,-1.9575159633784656e-06
39296.0,2.3211199999999996,0.4523231723464803,0.08470474191904169,63.16209004352731,99.11348953782425,-1.957021298337284e-06
39304.0,2.32088,0.45230751815399667,0.0846966925690329,63.16227014196454,99.11339122976989,-1.9565268960234425e-06
39312.0,2.32064,0.45229186791558257,0.084688645667628,63.162450185665044,99.11329295395888,-1.956032755684456e-06
39320.0,2.3204,0.452276221629261,0.08468060121350213,63.162630174657956,99.11319471037297,-1.9555388779332605e-06
39328.0,2.3201599999999996,0.45226057929287006,0.08467255920523559,63.16281010897516,99.1130964989926,-1.9550452621484396e-06
39336.0,2.3199199999999998,0.4522449409043379,0.08466451964145531,63.162989988647155,99.11299831979893,-1.954551908287589e-06
39344.0,2.31968,0.4522293064615946,0.0846564825207894,63.16316981370444,99.11290017277317,-1.954058816313701e-06
39352.0,2.3194399999999997,0.4522136759625403,0.08464844784185105,63.16334958417803,99.11280205789619,-1.9535659859885404e-06
39360.0,2.3192,0.4521980494050864,0.08464041560325934,63.16352930009946,99.11270397514889,-1.9530734171733296e-06
39368.0,2.3189599999999997,0.45218242678714515,0.08463238580363418,63.163708961499516,99.11260592451227,-1.952581109686886e-06
39376.0,2.31872,0.45216680810662563,0.08462435844159412,63.16388856840896,99.11250790596729,-1.9520890633017675e-06
39384.0,2.31848,0.4521511933614368,0.08461633351575792,63.164068120858566,99.11240991949488,-1.951597277781282e-06
39392.0,2.31824,0.4521355825494907,0.08460831102474625,63.16424761887922,99.112311965076,-1.9511057529141776e-06
39400.0,2.3179999999999996,0.4521199756687062,0.08460029096718351,63.16442706250108,99.1122140426919,-1.950614488472243e-06
39408.0,2.31776,0.45210437271699383,0.08459227334169019,63.16460645175503,99.11211615232354,-1.950123484207219e-06
39416.0,2.31752,0.4520887736922751,0.08458425814689266,63.164785786671956,99.11201829395203,-1.94963273994332e-06
39424.0,2.31728,0.4520731785924723,0.08457624538141792,63.1649650672828,99.11192046755853,-1.949142255500136e-06
39432.0,2.3170399999999995,0.4520575874155014,0.08456823504389013,63.16514429361824,99.1118226731241,-1.948652030624782e-06
39440.0,2.3167999999999997,0.4520420001592963,0.0845602271329429,63.16532346570878,99.11172491062983,-1.9481620651715413e-06
39448.0,2.31656,0.45202641682177475,0.08455222164720178,63.165502583585194,99.11162718005683,-1.94767235888753e-06
39456.0,2.3163199999999997,0.45201083740086734,0.08454421858529926,63.165681647277935,99.1115294813863,-1.947182911580001e-06
39464.0,2.3160799999999995,0.45199526189450495,0.08453621794586824,63.16586065681742,99.11143181459946,-1.946693723041558e-06
39472.0,2.3158399999999997,0.4519796903006129,0.08452821972753909,63.16603961223431,99.11133417967743,-1.9462047930339665e-06
39480.0,2.3156,0.45196412261713176,0.08452022392895021,63.16621851355912,99.11123657660147,-1.945716121411509e-06
39488.0,2.31536,0.4519485588419884,0.08451223054873334,63.16639736082244,99.11113900535274,-1.9452277079205307e-06
39496.0,2.31512,0.45193299897311795,0.08450423958552469,63.16657615405499,99.11104146591245,-1.9447395523659717e-06
39504.0,2.3148799999999996,0.45191744300846093,0.08449625103796357,63.16675489328749,99.11094395826183,-1.9442516545805275e-06
39512.0,2.31464,0.45190189094595673,0.08448826490468894,63.16693357854952,99.11084648238214,-1.9437640143028325e-06
39520.0,2.3144,0.45188634278354595,0.0844802811843407,63.1671122098714,99.11074903825482,-1.94327663132395e-06
39528.0,2.3141599999999998,0.4518707985191708,0.08447229987555985,63.16729078728358,99.11065162586121,-1.9427895054372543e-06
39536.0,2.31392,0.45185525815077654,0.08446432097698925,63.167469310816685,99.11055424518258,-1.942302636463105e-06
39544.0,2.3136799999999997,0.4518397216763084,0.084456344487272,63.167647780501326,99.11045689620016,-1.941816024216466e-06
39552.0,2.31344,0.45182418909371014,0.08444837040505077,63.16782619636791,99.11035957889533,-1.941329668463727e-06
39560.0,2.3132,0.45180866040093665,0.08444039872897414,63.16800455844615,99.11026229324943,-1.940843569009828e-06
39568.0,2.31296,0.4517931355959319,0.0844324294576855,63.16818286676656,99.1101650392438,-1.9403577256126784e-06
39576.0,2.3127199999999997,0.4517776146766509,0.08442446258983409,63.16836112135914,99.1100678168599,-1.9398721380710514e-06
39584.0,2.31248,0.45176209764104897,0.08441649812406961,63.16853932225389,99.10997062607927,-1.93938680617755e-06
39592.0,2.31224,0.4517465844870762,0.08440853605903936,63.168717469481074,99.10987346688327,-1.9389017296854593e-06
39600.0,2.312,0.4517310752126985,0.08440057639339907,63.16889556307112,99.10977633925334,-1.9384169084768167e-06
39608.0,2.3117599999999996,0.45171556981586747,0.08439261912579736,63.16907360305417,99.10967924317093,-1.937932342290258e-06
39616.0,2.31152,0.4517000682945465,0.0843846642548892,63.16925158946027,99.1095821786175,-1.937448030935349e-06
39624.0,2.31128,0.4516845706466993,0.08437671177933002,63.16942952231947,99.10948514557454,-1.9369639742170296e-06
39632.0,2.3110399999999998,0.4516690768702845,0.08436876169777287,63.16960740166192,99.10938814402351,-1.936480171896293e-06
39640.0,2.3107999999999995,0.45165358696327573,0.08436081400887886,63.16978522751745,99.109291173946,-1.9359966238166294e-06
39648.0,2.3105599999999997,0.45163810092363293,0.0843528687113023,63.16996299991618,99.10919423532346,-1.9355133297212993e-06
39656.0,2.31032,0.4516226187493277,0.08434492580370374,63.17014071888807,99.1090973281375,-1.9350302894291206e-06
39664.0,2.3100799999999997,0.4516071404383319,0.0843369852847442,63.17031838446309,99.10900045236968,-1.9345475027434912e-06
39672.0,2.30984,0.45159166598861233,0.08432904715308237,63.17049599667119,99.10890360800158,-1.934064969423863e-06
39680.0,2.3095999999999997,0.451576195398151,0.08432111140738498,63.17067355554186,99.10880679501493,-1.9335826892967633e-06
39688.0,2.30936,0.45156072866491614,0.08431317804631196,63.170851061105076,99.10871001339129,-1.93310066211085e-06
39696.0,2.30912,0.45154526578688764,0.08430524706852958,63.17102851339077,99.10861326311232,-1.932618887687254e-06
39704.0,2.30888,0.4515298067620457,0.0842973184727045,63.1712059124289,99.10851654415967,-1.932137365840938e-06
39712.0,2.3086399999999996,0.4515143515883654,0.08428939225750101,63.17138325824923,99.10841985651498,-1.931656096327499e-06
39720.0,2.3084,0.4514989002638372,0.0842814684215916,63.17156055088078,99.10832320016013,-1.931175078954961e-06
39728.0,2.30816,0.4514834527864376,0.08427354696364181,63.17173779035343,99.10822657507674,-1.930694313471981e-06
39736.0,2.30792,0.45146800915415486,0.08426562788232361,63.17191497669708,99.10812998124656,-1.9302137997112556e-06
39744.0,2.3076799999999995,0.45145256936497746,0.08425771117630923,63.172092109941616,99.10803341865133,-1.929733537492373e-06
39752.0,2.3074399999999997,0.45143713341688885,0.08424979684426867,63.172269190116715,99.10793688727277,-1.9292535265732428e-06
39760.0,2.3072,0.45142170130788706,0.08424188488487964,63.17244621725221,99.10784038709258,-1.9287737668227976e-06
39768.0,2.30696,0.45140627303595693,0.08423397529681345,63.17262319137785,99.10774391809247,-1.9282942579912365e-06
39776.0,2.30672,0.45139084859909145,0.08422606807874573,63.17280011252339,99.10764748025413,-1.927814999885042e-06
39784.0,2.3064799999999996,0.4513754279950732,0.08421816322924461,63.172976980721955,99.10755107355752,-1.9273359909051844e-06
39792.0,2.30624,0.45136001122209984,0.08421026074709129,63.17315379599922,99.10745469798636,-1.926857232131047e-06
39800.0,2.306,0.45134459827646617,0.08420236063009182,63.17333055840768,99.10735835350842,-1.9263787118197084e-06
39808.0,2.30576,0.4513291891574447,0.08419446287757895,63.17350726795733,99.1072620401176,-1.9259004382253685e-06
39816.0,2.3055199999999996,0.45131378386507764,0.08418656748928004,63.173683924648756,99.10716575781355,-1.9254224248881224e-06
39824.0,2.3052799999999998,0.45129838239315295,0.08417867446171728,63.173860528576384,99.10706950653842,-1.9249446435790074e-06
39832.0,2.30504,0.45128298474458045,0.08417078379608812,63.17403707969598,99.1069732863193,-1.9244671268406653e-06
39840.0,2.3047999999999997,0.4512675909143551,0.08416289548953403,63.17421357808203,99.10687709711006,-1.9239898543583275e-06
39848.0,2.30456,0.4512522009008503,0.08415500954092811,63.174390023758775,99.10678093889572,-1.9235128283894474e-06
39856.0,2.3043199999999997,0.45123681470482774,0.08414712595036744,63.1745664167147,99.10668481168345,-1.9230360671524762e-06
39864.0,2.30408,0.4512214323188371,0.08413924471374169,63.17474275705952,99.10658871540575,-1.9225595338481473e-06
39872.0,2.30384,0.45120605374636835,0.08413136583254625,63.17491904474185,99.10649265009424,-1.9220832649711873e-06
39880.0,2.3036,0.45119067898225224,0.08412348930384021,63.17509527983765,99.1063966157022,-1.9216072389771014e-06
39888.0,2.3033599999999996,0.451175308024809,0.08411561512647076,63.17527146237162,99.10630061221445,-1.921131457692361e-06
39896.0,2.30312,0.4511599408751847,0.08410774330073285,63.17544759232696,99.10620463964135,-1.9206559418958693e-06
39904.0,2.30288,0.4511445775268771,0.08409987382300384,63.1756236697996,99.10610869792396,-1.920180661083478e-06
39912.0,2.30264,0.4511292179798228,0.08409200669295967,63.17579969479048,99.10601278706173,-1.919705627896309e-06
39920.0,2.3023999999999996,0.451113862232349,0.08408414190945213,63.17597566732537,99.10591690703878,-1.9192308442494976e-06
39928.0,2.3021599999999998,0.45109851028275527,0.08407627947131903,63.17615158743035,99.10582105783907,-1.9187563118654315e-06
39936.0,2.30192,0.4510831621290509,0.08406841937724983,63.17632745513479,99.10572523944454,-1.918282030431089e-06
39944.0,2.3016799999999997,0.45106781776876476,0.08406056162568819,63.17650327047346,99.10562945183355,-1.917807996296613e-06
39952.0,2.3014399999999995,0.45105247720006336,0.08405270621540467,63.17667903347396,99.10553369498918,-1.9173342102245095e-06
39960.0,2.3011999999999997,0.45103714042082754,0.08404485314502375,63.17685474416666,99.10543796889284,-1.9168606709526716e-06
39968.0,2.30096,0.45102180742894626,0.08403700241317437,63.1770304025819,99.10534227352603,-1.9163873772683348e-06
39976.0,2.30072,0.45100647822239476,0.08402915401852995,63.177206008749344,99.10524660887047,-1.915914328570899e-06
39984.0,2.30048,0.4509911527992837,0.08402130795983345,63.177381562697285,99.10515097490891,-1.9154415251957443e-06
39992.0,2.3002399999999996,0.4509758311575421,0.08401346423573516,63.17755706445577,99.1050553716229,-1.914968966189929e-06
40000.0,2.3,0.45096051329521064,0.08400562284494281,63.17773251405357,99.10495979899468,-1.9144966513591643e-06
