t_h,a,Y,rho,SAM_uM,Put_uM,dYdt_per_h
0.0,2.3,0.4506841587035675,0.08386422217897604,63.18095466440891,99.10307541245625,3.0429594029731294e-13
8.0,2.3002399999999996,0.45068474253481366,0.08386452076761852,63.18094928665326,99.10307697812897,1.0147359682383117e-07
16.0,2.30048,0.4506860918438317,0.083865210846548,63.18093554797835,99.1030819715126,1.9760532905501974e-07
24.0,2.3007199999999997,0.4506880889427644,0.08386623223122233,63.18091446981624,99.10309053131118,2.8923613942414025e-07
32.0,2.30096,0.45069077778780064,0.08386760740920525,63.18088566262944,99.10310256928592,3.760545753352261e-07
40.0,2.3011999999999997,0.4506940953425659,0.08386930415026418,63.18084963046736,99.10311845366667,4.5851435596162064e-07
48.0,2.30144,0.45069804936860963,0.08387132643469361,63.18080631126734,99.10313813911394,5.365611831247163e-07
56.0,2.3016799999999997,0.4507026282641336,0.0838736683414546,63.18075585048489,99.103161521696,6.102761441843333e-07
64.0,2.30192,0.4507077576558807,0.08387629184548463,63.1806990299893,99.10318842587965,6.801814434071832e-07
72.0,2.3021599999999998,0.45071343466423114,0.08387919548830705,63.180635880053345,99.10321884486852,7.462985165337943e-07
80.0,2.3024,0.4507196337471597,0.08388236622128535,63.18056671896145,99.10325252767491,8.088041085408454e-07
88.0,2.30264,0.4507263292831609,0.08388579095548823,63.18049183451697,99.10328934312741,8.678775692079631e-07
96.0,2.30288,0.4507334942200989,0.08388945587033265,63.180411528783814,99.10332916003263,9.237082484921574e-07
104.0,2.30312,0.45074109790762845,0.08389334530450834,63.18032616076287,99.10337176641686,9.765093164267509e-07
112.0,2.3033599999999996,0.4507491145300937,0.08389744606928433,63.18023602122841,99.10341702713782,1.0264611979151566e-06
120.0,2.3036,0.4507575233184758,0.08390174755705598,63.18014134151482,99.10346484783746,1.0737093649143857e-06
128.0,2.3038399999999997,0.4507662993583352,0.08390623703917634,63.18004240404489,99.10351509308272,1.118427724025749e-06
136.0,2.30408,0.45077542035714285,0.08391090312756012,63.17993946171961,99.1035676392991,1.160771898555155e-06
144.0,2.3043199999999997,0.45078487350784496,0.08391573928614536,63.179832657664015,99.10362242085509,1.200831780170787e-06
152.0,2.30456,0.45079463439392403,0.08392073303902678,63.17972226854834,99.10367930530906,1.23877763500717e-06
160.0,2.3047999999999997,0.45080469162800146,0.08392587857533826,63.17960842874665,99.10373820064748,1.2746889065816546e-06
168.0,2.30504,0.45081502795252004,0.08393116708040882,63.179491335388775,99.10379900281757,1.3086859744747732e-06
176.0,2.3052799999999998,0.45082562699309153,0.08393659019065974,63.179371176300556,99.10386160991108,1.3408829900554388e-06
184.0,2.30552,0.4508364785846051,0.08394214271891196,63.17924807327815,99.10392593360537,1.3713507016575404e-06
192.0,2.30576,0.4508475657853797,0.08394781600995382,63.17912222009342,99.1039918705413,1.4002071350731492e-06
200.0,2.3059999999999996,0.45085887867761026,0.08395360500189397,63.17899373179359,99.10405935465907,1.4275215069794085e-06
208.0,2.30624,0.45087040428284386,0.08395950306607297,63.1788627585278,99.10412829944367,1.4533841884912308e-06
216.0,2.3064799999999996,0.45088213006371675,0.08396550379878932,63.17872944501372,99.1041986229723,1.477882478613061e-06
224.0,2.30672,0.45089404752094825,0.0839716028621887,63.17859388839364,99.10427027588398,1.5010757726314278e-06
232.0,2.3069599999999997,0.45090614564572284,0.0839777946335257,63.17845621551246,99.10434318798113,1.5230407398985253e-06
240.0,2.3072,0.4509184146028633,0.08398407409002302,63.17831654057741,99.10441729181477,1.5438458357622253e-06
248.0,2.3074399999999997,0.4509308452891826,0.08399043658290588,63.17817496885069,99.10449252758337,1.5635544543797354e-06
256.0,2.30768,0.4509434292062909,0.08399687777234621,63.17803159874099,99.10456883890846,1.582225768883499e-06
264.0,2.3079199999999997,0.4509561583082716,0.08400339354953057,63.17788652456139,99.1046461664853,1.5999157191697495e-06
272.0,2.30816,0.4509690251529457,0.0840099801141221,63.17773983305001,99.10472445816302,1.6166760854235653e-06
280.0,2.3084,0.45098202239176144,0.0840166337131647,63.17759160960554,99.10480366401192,1.6325579916396444e-06
288.0,2.30864,0.4509951433224312,0.08402335092400286,63.17744193256603,99.10488373624986,1.6476080438433528e-06
296.0,2.30888,0.45100838163279805,0.0840301285232035,63.17729087567346,99.10496463016423,1.6618701352663325e-06
304.0,2.3091199999999996,0.45102173094423126,0.08403696325280371,63.17713851243408,99.10504630587357,1.6753886627990687e-06
312.0,2.30936,0.4510351857035254,0.08404385227696604,63.17698490766642,99.10512872465497,1.6882022434778271e-06
320.0,2.3095999999999997,0.4510487402855257,0.08405079272256243,63.17683012677878,99.10521184826703,1.7003499868399762e-06
328.0,2.30984,0.45106238951445526,0.08405778194611312,63.17667422987012,99.10529564219753,1.711867887625883e-06
336.0,2.3100799999999997,0.45107612853202117,0.08406481746628772,63.176517273471674,99.10538007350398,1.7227897233826649e-06
344.0,2.31032,0.4510899525938596,0.08407189685969002,63.17635931337165,99.105465106762,1.7331484286489057e-06
352.0,2.3105599999999997,0.45110385740509584,0.08407901793271869,63.176200399647556,99.105550712376,1.7429738537482075e-06
360.0,2.3108,0.4511178387446092,0.08408617852917537,63.176040581701805,99.10563686030099,1.7522953120972333e-06
368.0,2.3110399999999998,0.45113189271886556,0.08409337666027811,63.17587990521447,99.10572352227885,1.761139837354474e-06
376.0,2.31128,0.4511460156646576,0.0841006104548776,63.175718413112925,99.10581067204586,1.7695328661094923e-06
384.0,2.31152,0.45116020397618406,0.08410787807090361,63.17555614721868,99.10589828610355,1.7774994550504946e-06
392.0,2.31176,0.45117445444191073,0.08411517786792896,63.17539314519082,99.10598634142612,1.7850619022374836e-06
400.0,2.312,0.45118876384564366,0.08412250820284878,63.175229444492324,99.10607481617924,1.7922425424641964e-06
408.0,2.3122399999999996,0.4512031292370511,0.08412986756846781,63.17506507948407,99.10616369046406,1.7990618677168274e-06
416.0,2.31248,0.4512175479182755,0.0841372545866709,63.17490008165451,99.10625294575553,1.8055386156618873e-06
424.0,2.3127199999999997,0.45123201718983014,0.08414466787825875,63.174734482759966,99.10634256207348,1.8116915079979502e-06
432.0,2.31296,0.45124653414390276,0.08415210595703758,63.17456831667632,99.10643251976033,1.81754071074125e-06
440.0,2.3131999999999997,0.45126109696482725,0.0841595678961643,63.17440160486223,99.10652280498334,1.823098841453874e-06
448.0,2.31344,0.4512757031989048,0.08416705244167776,63.17423437607683,99.10661340023971,1.8283829101827427e-06
456.0,2.3136799999999997,0.45129035051625715,0.08417455840283615,63.174066657587424,99.10670428915611,1.8334090688487064e-06
464.0,2.31392,0.45130503733292876,0.0841820849709479,63.17389846793474,99.10679546071505,1.8381883312959226e-06
472.0,2.3141599999999998,0.45131976123338136,0.08418963091097835,63.17372983543095,99.10688689769059,1.8427374195439938e-06
480.0,2.3144,0.4513345207970313,0.0841971954976062,63.173560776635604,99.10697859056302,1.8470662143696724e-06
488.0,2.31464,0.451349314144002,0.08420477776995973,63.17339131354384,99.10707052620869,1.851187743585583e-06
496.0,2.3148799999999996,0.4513641394665868,0.08421237680397758,63.17322146732086,99.10716269192798,1.8551145307248624e-06
504.0,2.31512,0.45137899558331684,0.08421999199643682,63.17305125180251,99.10725507945313,1.8588547894849798e-06
512.0,2.3153599999999996,0.4513938809213541,0.08422762254337099,63.17288068539661,99.10734767779691,1.8624194181566923e-06
520.0,2.3156,0.45140879406709433,0.08423526772229194,63.172709784694575,99.10744047683683,1.8658182119239542e-06
528.0,2.3158399999999997,0.4514237337264294,0.08424292687183614,63.172538564882025,99.1075334673349,1.8690601402276963e-06
536.0,2.31608,0.45143869869317893,0.08425059937559391,63.17236704010994,99.10762664070383,1.872153564017968e-06
544.0,2.3163199999999997,0.451453687805758,0.08425828463990212,63.17219522399078,99.10771998875701,1.875106534433229e-06
552.0,2.31656,0.45146870000637884,0.08426598212420551,63.172023128954336,99.10781350386844,1.877926383317716e-06
560.0,2.3167999999999997,0.45148373424035704,0.08427369128943515,63.17185076733772,99.10790717873311,1.880620420852439e-06
568.0,2.31704,0.45149878954559375,0.08428141164389596,63.17167815041009,99.10800100661521,1.8831953166035315e-06
576.0,2.31728,0.45151386501642155,0.08428914272473703,63.17150528878476,99.1080949811497,1.8856573488058704e-06
584.0,2.31752,0.4515289597408587,0.08429688406577844,63.171332193145886,99.10818909593713,1.8880128356415443e-06
592.0,2.31776,0.45154407291982124,0.08430463525865271,63.171158872845275,99.10828334543639,1.890267317973846e-06
600.0,2.3179999999999996,0.4515592038003858,0.08431239591858866,63.17098533672965,99.10837772422464,1.8924260145178956e-06
608.0,2.31824,0.45157435155610465,0.08432016562302576,63.17081159448789,99.10847222647094,1.8944946464703583e-06
616.0,2.3184799999999997,0.45158951545692505,0.0843279439987672,63.1706376546802,99.10856684702033,1.8964782708192413e-06
624.0,2.31872,0.4516046950045134,0.08433573079141256,63.17046352317059,99.10866158224522,1.8983803519568977e-06
632.0,2.3189599999999997,0.4516198893981347,0.08434352559137395,63.17028920934682,99.10875642649539,1.9002064262687208e-06
640.0,2.3192,0.45163509816416847,0.08435132815680607,63.17011471875827,99.10885137645977,1.9019597856361388e-06
648.0,2.3194399999999997,0.4516503206838076,0.08435913817132487,63.16994005866292,99.10894642776105,1.9036447143689412e-06
656.0,2.31968,0.45166555637549965,0.08436695533759858,63.16976523588015,99.10904157629457,1.9052652392252216e-06
664.0,2.3199199999999998,0.4516808048506037,0.08437477945722315,63.16959025495882,99.10913681937001,1.906824063915692e-06
672.0,2.32016,0.451696065500245,0.08438261021874274,63.16941512303998,99.10923215268282,1.9083253981770786e-06
680.0,2.3204,0.4517113379753103,0.08439044744394188,63.169239844218296,99.10932757376249,1.9097716706793008e-06
688.0,2.32064,0.45172662180740186,0.08439829089335275,63.169064423985475,99.10942307930816,1.9111661254817003e-06
696.0,2.32088,0.4517419165560613,0.08440614034179891,63.16888886750714,99.10951866620796,1.9125118134208672e-06
704.0,2.3211199999999996,0.45175722193251433,0.0844139956419108,63.168713178175366,99.10961433239156,1.9138107450544165e-06
712.0,2.32136,0.4517725374761564,0.08442185655809283,63.16853736139073,99.10971007461163,1.9150661061187457e-06
720.0,2.3215999999999997,0.451787862921974,0.08442972295509947,63.168361420261974,99.10980589098999,1.9162797421021227e-06
728.0,2.32184,0.45180319791634016,0.08443759465217045,63.16818535893714,99.10990177902302,1.917454103656883e-06
736.0,2.3220799999999997,0.4518185421262034,0.08444547147907147,63.168009181321665,99.10999773635804,1.918591499367677e-06
744.0,2.32232,0.4518338953307336,0.08445335332314632,63.1678328900015,99.11009376144925,1.919693469224092e-06
752.0,2.3225599999999997,0.4518492571820685,0.08446124000649707,63.167656489056895,99.11018985183446,1.9207624206954123e-06
760.0,2.3228,0.45186462747863526,0.0844691314262997,63.1674799808494,99.1102860060975,1.921799759864451e-06
768.0,2.3230399999999998,0.45188000595228606,0.08447702744552589,63.167303368522354,99.11038222234778,1.9228073470609988e-06
776.0,2.32328,0.4518953923506683,0.08448492793523034,63.16712665503429,99.1104784988035,1.923786933547771e-06
784.0,2.32352,0.4519107865066013,0.0844928328101785,63.16694984234526,99.11057483428014,1.924739687480618e-06
792.0,2.32376,0.45192618815631463,0.08450074193551607,63.16677293354731,99.11067122691777,1.9256674364123086e-06
800.0,2.324,0.4519415971474264,0.08450865523356667,63.16659593042601,99.11076767563664,1.926571245824651e-06
808.0,2.3242399999999996,0.45195701327683546,0.08451657260058931,63.16641883536203,99.11086417900154,1.9274525270478028e-06
816.0,2.32448,0.4519724363534179,0.08452449393897365,63.166241650595204,99.11096073566323,1.928312608819809e-06
824.0,2.3247199999999997,0.45198786625079357,0.08453241918434484,63.166064377605096,99.11105734473145,1.9291523770338814e-06
832.0,2.32496,0.4520033027691884,0.08454034823461476,63.165887018733265,99.11115400479459,1.9299732181427e-06
840.0,2.3251999999999997,0.45201874567581657,0.08454828097071665,63.16570957670425,99.11125071421431,1.930776743446093e-06
848.0,2.32544,0.45203419503332176,0.08455621742532785,63.16553205078441,99.11134747343228,1.9315625462554894e-06
856.0,2.3256799999999997,0.45204965069644837,0.0845641575243248,63.16535444267578,99.11144428142359,1.9323316392268966e-06
864.0,2.32592,0.4520651122485666,0.08457210105414412,63.16517675725909,99.11154113525016,1.9330868865784378e-06
872.0,2.32616,0.4520805799115497,0.0845800481292414,63.16499899193514,99.11163803647665,1.9338267937548606e-06
880.0,2.3264,0.452096053314522,0.08458799855952606,63.1648211510431,99.1117349824894,1.934553911754159e-06
888.0,2.32664,0.4521115325031488,0.08459595236890913,63.16464323404869,99.11183197361021,1.9352679480541535e-06
896.0,2.3268799999999996,0.4521270174538751,0.08460390954573584,63.16446524122684,99.11192900967362,1.935969082578821e-06
904.0,2.32712,0.4521425078879394,0.08461186994719719,63.164287175836726,99.11202608871693,1.936659236014764e-06
912.0,2.3273599999999997,0.45215800379454846,0.08461983356817229,63.164109038004526,99.11212321066418,1.9373385002645504e-06
920.0,2.3276,0.4521735051195223,0.08462780038124033,63.16393082836109,99.11222037513588,1.9380072632347066e-06
928.0,2.3278399999999997,0.4521890117822339,0.08463577034538157,63.163752547848134,99.1123175815651,1.9386660928366915e-06
936.0,2.32808,0.452204523698178,0.08464374341757439,63.16357419745316,99.11241482935738,1.939315583067579e-06
944.0,2.3283199999999997,0.4522200407907683,0.08465171955885917,63.16339577807119,99.11251211797423,1.9399562736029263e-06
952.0,2.32856,0.4522355629797201,0.08465969872836707,63.16321729063995,99.11260944685114,1.9405887290535915e-06
960.0,2.3287999999999998,0.4522510902071805,0.08466768089675283,63.16303873583438,99.11270681558143,1.941213360886731e-06
968.0,2.32904,0.4522666224019227,0.08467566602778953,63.16286011448621,99.11280422366431,1.941830671432005e-06
976.0,2.32928,0.45228215947967415,0.0846836540785355,63.16268142757869,99.11290167050794,1.9424412516742353e-06
984.0,2.32952,0.4522977014028856,0.08469164503006388,63.162502675547934,99.11299915585002,1.943045374071405e-06
992.0,2.32976,0.4523132482002791,0.08469963889752033,63.1623238580598,99.1130966798916,1.94364285929551e-06
1000.0,2.3299999999999996,0.45232879968805056,0.0847076355867682,63.162144977255615,99.11319424134372,1.944234975926699e-06
1008.0,2.33024,0.4523443558888313,0.08471563510981053,63.16196603287172,99.11329184036506,1.9448215857445185e-06
1016.0,2.3304799999999997,0.4523599167840828,0.08472363745748014,63.161787025122294,99.11338947682692,1.945402831120423e-06
1024.0,2.33072,0.4523754822586615,0.08473164257092411,63.16160795534423,99.11348714992496,1.9459795123347786e-06
1032.0,2.3309599999999997,0.4523910523738861,0.08473965048203663,63.16142882282558,99.11358486008753,1.9465512273580954e-06
1040.0,2.3312,0.45240662700828377,0.08474766112869911,63.161249628974105,99.11368260646822,1.9471188193531045e-06
1048.0,2.3314399999999997,0.4524222061768111,0.08475567451895667,63.16107037361647,99.11378038917125,1.947682201892028e-06
1056.0,2.33168,0.4524377898609324,0.08476369064362752,63.160891056967074,99.1138782080678,1.9482415166840397e-06
1064.0,2.3319199999999998,0.4524533779687369,0.08477170945578148,63.16071168009001,99.11397606251823,1.9487974049669756e-06
1072.0,2.33216,0.4524689705491711,0.08477973098094399,63.160532242418604,99.11407395286317,1.9493495486573123e-06
1080.0,2.3324,0.4524845675063261,0.08478775517011979,63.160352745059924,99.11417187843686,1.949898616120105e-06
1088.0,2.3326399999999996,0.452500168852011,0.08479578202972571,63.16017318787766,99.1142698393213,1.950444541960904e-06
1096.0,2.33288,0.45251577457257913,0.08480381155308199,63.15999357102852,99.11436783542236,1.950987434178967e-06
1104.0,2.3331199999999996,0.45253138459794956,0.08481184370446843,63.159813895319395,99.11446586625514,1.951527784906864e-06
1112.0,2.33336,0.4525469989654434,0.0848198785034256,63.15963416032058,99.1145639320779,1.9520653548915325e-06
1120.0,2.3335999999999997,0.45256261760342625,0.08482791591342766,63.159454366854284,99.11466203239682,1.9526006467725696e-06
1128.0,2.33384,0.45257824052071827,0.08483595593934681,63.159274514819266,99.11476016727269,1.9531336152097e-06
1136.0,2.3340799999999997,0.4525938677073268,0.08484399857637379,63.15909460432914,99.11485833663731,1.953664343018623e-06
1144.0,2.33432,0.4526094991114119,0.08485204379815972,63.1589146359762,99.11495654013503,1.954193197884387e-06
1152.0,2.3345599999999997,0.45262513476058064,0.08486009161924352,63.158734609445034,99.11505477795524,1.954720006403263e-06
1160.0,2.3348,0.45264077460213464,0.08486814201282993,63.158554525334935,99.11515304973845,1.9552451421190395e-06
1168.0,2.33504,0.4526564186425627,0.08487619498258626,63.158374383572124,99.11525135552893,1.955768575322456e-06
1176.0,2.33528,0.45267206687459016,0.08488425052509527,63.158194184238184,99.11534969527776,1.9562903701188703e-06
1184.0,2.33552,0.4526877192602736,0.0848923086211497,63.158013927761786,99.11544806872783,1.9568107994859097e-06
1192.0,2.3357599999999996,0.45270337581981956,0.08490036928147719,63.15783361391465,99.11554647601608,1.9573297401494985e-06
1200.0,2.336,0.45271903651488815,0.0849084324866632,63.15765324312682,99.11564491688493,1.9578474678713035e-06
1208.0,2.3362399999999997,0.45273470135020016,0.0849164982394614,63.157472815345365,99.11574339136608,1.9583639647967796e-06
1216.0,2.33648,0.45275037032054455,0.08492456653751183,63.15729233062745,99.11584189942532,1.958879280854352e-06
1224.0,2.3367199999999997,0.4527660433985213,0.08493263736702762,63.15711178927723,99.11594044088054,1.959393617261921e-06
1232.0,2.33696,0.452781720598722,0.08494071073584415,63.15693119113274,99.1160390158287,1.9599068887435654e-06
1240.0,2.3371999999999997,0.4527974018937125,0.08494878663015462,63.15675053649624,99.11613762408952,1.960419296818641e-06
1248.0,2.33744,0.45281308728687053,0.08495686505201877,63.15656982533051,99.11623626568519,1.9609308326416005e-06
1256.0,2.3376799999999998,0.45282877677455446,0.08496494599988132,63.156389057674275,99.11633494059257,1.961441535378645e-06
1264.0,2.33792,0.45284447033737696,0.08497302946407612,63.15620823373763,99.11643364868628,1.961951551727243e-06
1272.0,2.33816,0.45286016798566253,0.08498111545024024,63.15602735340869,99.11653239003309,1.9624608253019435e-06
1280.0,2.3384,0.4528758697002685,0.08498920394883203,63.1558464168912,99.11663116451173,1.9629695013191462e-06
1288.0,2.33864,0.45289157548355186,0.08499729496138386,63.15566542416008,99.11672997213712,1.9634775777858473e-06
1296.0,2.3388799999999996,0.45290728533306474,0.08500538848695302,63.1554843752401,99.11682881289467,1.963985085681124e-06
1304.0,2.33912,0.45292299923551416,0.08501348451900889,63.15530327026954,99.1169276867023,1.964492130314256e-06
1312.0,2.3393599999999997,0.45293871719797923,0.0850215830615163,63.155122109174755,99.11702659360371,1.964998677244429e-06
1320.0,2.3396,0.45295443920762457,0.08502968410817935,63.154940892085456,99.11712553352238,1.9655048288581064e-06
1328.0,2.3398399999999997,0.45297016526603073,0.08503778766012948,63.15475961898568,99.11722450646775,1.9660105883780187e-06
1336.0,2.34008,0.4529858953716582,0.08504589371689053,63.154578289889635,99.11732351243155,1.9665159805783305e-06
1344.0,2.3403199999999997,0.4530016295158505,0.08505400227431843,63.15439690488144,99.11742255136453,1.9670210792827048e-06
1352.0,2.34056,0.4530173677032176,0.08506211333510559,63.154215463916294,99.11752162329292,1.967525866758413e-06
1360.0,2.3407999999999998,0.45303310992572415,0.0850702268954274,63.15403396706727,99.11762072817423,1.9680304128639256e-06
1368.0,2.34104,0.4530488561843595,0.08507834295611022,63.153852414325364,99.1177198660137,1.9685347247987305e-06
1376.0,2.34128,0.4530646064782765,0.08508646151703386,63.15367080569635,99.11781903680807,1.969038822648613e-06
1384.0,2.34152,0.45308036080234887,0.0850945825758723,63.153489141221996,99.11791824053343,1.9695427563728377e-06
1392.0,2.34176,0.4530961191593066,0.08510270613434905,63.15330742088005,99.1180174772025,1.9700465209268293e-06
1400.0,2.3419999999999996,0.4531118815447712,0.08511083219052333,63.15312564469982,99.11811674679912,1.970550161457344e-06
1408.0,2.34224,0.45312764795928195,0.08511896074498933,63.15294381267769,99.11821604932528,1.971053688203106e-06
1416.0,2.3424799999999997,0.4531434184025192,0.08512709179789858,63.15276192481341,99.11831538478147,1.971557117657865e-06
1424.0,2.34272,0.45315919287204715,0.08513522534831142,63.15257998111729,99.11841475316287,1.9720604815793975e-06
1432.0,2.3429599999999997,0.4531749713691629,0.08514336139721297,63.15239798158384,99.11851415447204,1.9725637846121358e-06
1440.0,2.3432,0.4531907538922753,0.08515149994409908,63.15221592621007,99.11861358871248,1.9730670530382974e-06
1448.0,2.3434399999999997,0.4532065404415803,0.08515964098938716,63.15203381499634,99.11871305588375,1.9735702994226766e-06
1456.0,2.34368,0.45322233101716036,0.08516778453343617,63.151851647937924,99.1188125559891,1.9740735375351236e-06
1464.0,2.34392,0.45323812561863025,0.08517593057636393,63.15166942502179,99.11891208903793,1.9745767852448316e-06
1472.0,2.34416,0.4532539242461951,0.08518407911859278,63.15148714625486,99.11901165502526,1.9750800546069726e-06
1480.0,2.3444,0.45326972690038997,0.08519223016071534,63.151304811607666,99.11911125396989,1.9755833576666957e-06
1488.0,2.3446399999999996,0.45328553358114887,0.08520038370301435,63.15112242108383,99.1192108858695,1.976086708762068e-06
1496.0,2.34488,0.4533013442888623,0.08520853974600806,63.15093997467468,99.11931055072974,1.9765901196244463e-06
1504.0,2.3451199999999996,0.4533171590247122,0.08521669829062309,63.15075747234743,99.11941024857173,1.977093597656089e-06
1512.0,2.34536,0.453332977788069,0.08522485933685178,63.15057491411955,99.11950997938422,1.9775971605180223e-06
1520.0,2.3455999999999997,0.4533488005810935,0.08523302288612603,63.1503922999433,99.11960974319764,1.9781008092649587e-06
1528.0,2.34584,0.4533646274035196,0.08524118893862592,63.150209629824545,99.11970954000824,1.9786045596073244e-06
1536.0,2.3460799999999997,0.45338045825597284,0.0852493574949916,63.15002690375202,99.1198093698232,1.9791084217121414e-06
1544.0,2.34632,0.45339629314083246,0.08525752855676832,63.14984412167956,99.11990923267187,1.979612394897856e-06
1552.0,2.3465599999999998,0.4534121320568314,0.08526570212362002,63.149661283631744,99.12000912853864,1.980116501167701e-06
1560.0,2.3468,0.453427975007373,0.08527387819762083,63.14947838954618,99.12010905746256,1.980620733246631e-06
1568.0,2.34704,0.45344382199203814,0.08528205677887256,63.14929543943056,99.12020901943878,1.9811251079090367e-06
1576.0,2.34728,0.453459673011633,0.08529023786810934,63.14911243327101,99.12030901447596,1.981629634162374e-06
1584.0,2.34752,0.4534755280694541,0.08529842146735107,63.14892937100936,99.12040904261038,1.982134305280541e-06
1592.0,2.3477599999999996,0.453491387163746,0.08530660757601012,63.148746252676595,99.1205091038227,1.982639146533448e-06
1600.0,2.348,0.4535072502988652,0.08531479619665397,63.1485630781999,99.12060919815883,1.9831441442268017e-06
1608.0,2.3482399999999997,0.4535231174742753,0.08532298732932464,63.14837984758822,99.12070932561313,1.9836493159638056e-06
1616.0,2.34848,0.45353898869092096,0.08533118097482875,63.14819656082592,99.12080948619517,1.98415466986682e-06
1624.0,2.3487199999999997,0.4535548639528028,0.08533937713555101,63.148013217846525,99.12090967994612,1.984660194529074e-06
1632.0,2.34896,0.4535707432577903,0.08534757581071084,63.14782981868544,99.12100990684407,1.9851659177655103e-06
1640.0,2.3491999999999997,0.4535866266109734,0.08535577700325585,63.14764636326011,99.12111016694043,1.985671821085518e-06
1648.0,2.34944,0.4536025140117253,0.0853639807131823,63.147462851580705,99.12121046022887,1.9861779227206555e-06
1656.0,2.3496799999999998,0.4536184054610977,0.08537218694135316,63.14727928363051,99.12131078671973,1.986684230106333e-06
1664.0,2.34992,0.453634300963634,0.08538039569043489,63.14709565933673,99.12141114645821,1.987190728239891e-06
1672.0,2.35016,0.45365020051691457,0.08538860695949833,63.14691197873812,99.12151153942024,1.987697446910772e-06
1680.0,2.3504,0.453666104126595,0.08539682075178494,63.14672824174554,99.12161196566129,1.988204363887531e-06
1688.0,2.35064,0.453682011791979,0.08540503706725591,63.14654444836996,99.12171242517452,1.988711497908265e-06
1696.0,2.3508799999999996,0.4536979235142008,0.08541325590681809,63.14636059859389,99.12181291797084,1.989218855880258e-06
1704.0,2.35112,0.45371383929822245,0.0854214772733558,63.14617669234009,99.12191344409825,1.9897264200245215e-06
1712.0,2.3513599999999997,0.45372975914140146,0.08542970116582548,63.1459927296497,99.1220140035312,1.990234221669391e-06
1720.0,2.3516,0.4537456830498309,0.08543792758769636,63.145808710427964,99.12211459632832,1.990742235752352e-06
1728.0,2.3518399999999997,0.45376161102276047,0.08544615653890282,63.145624634686556,99.12221522248235,1.9912504813985385e-06
1736.0,2.35208,0.45377754306138907,0.08545438802038623,63.1454405024071,99.12231588200474,1.991758965147472e-06
1744.0,2.3523199999999997,0.453793479171004,0.0854626220352007,63.14525631350808,99.12241657494603,1.992267667129245e-06
1752.0,2.35256,0.45380941934878954,0.08547085858221402,63.1450720680329,99.12251730127929,1.9927766198502625e-06
1760.0,2.3528,0.4538253635997429,0.08547909766433094,63.144887765905125,99.12261806105195,1.993285805298697e-06
1768.0,2.35304,0.4538413119257166,0.0854873392828318,63.14470340709639,99.12271885428164,1.9937952258276056e-06
1776.0,2.35328,0.4538572643278817,0.08549558343864504,63.144518991588384,99.1228196809797,1.9943048882255387e-06
1784.0,2.3535199999999996,0.45387322080778775,0.08550383013289486,63.14433451935598,99.12292054116175,1.994814796920282e-06
1792.0,2.35376,0.4538891813672979,0.08551207936686786,63.14414999037063,99.12302143484551,1.995324954216319e-06
1800.0,2.3539999999999996,0.45390514600879783,0.08552033114212092,63.14396540459756,99.12312236205267,1.995835358942519e-06
1808.0,2.35424,0.45392111473428154,0.08552858546000884,63.14378076200661,99.12322332280198,1.9963460125622176e-06
1816.0,2.3544799999999997,0.45393708754574025,0.08553684232188528,63.143596062567525,99.12332431711205,1.996856916573444e-06
1824.0,2.35472,0.45395306444542183,0.08554510172923682,63.143411306246804,99.12342534500303,1.9973680707857655e-06
1832.0,2.3549599999999997,0.4539690454353328,0.08555336368342559,63.143226493014105,99.12352640649374,1.9978794766139444e-06
1840.0,2.3552,0.4539850305175038,0.08556162818582652,63.1430416228386,99.12362750160334,1.998391135334738e-06
1848.0,2.3554399999999998,0.45400101969399864,0.08556989523783194,63.14285669568914,99.123728630351,1.9989030480121093e-06
1856.0,2.35568,0.45401701296687064,0.08557816484082907,63.14267171153483,99.12382979275586,1.999415215783266e-06
1864.0,2.35592,0.4540330103381236,0.08558643699617981,63.142486670345704,99.12393098883679,1.999927640099979e-06
1872.0,2.35616,0.4540490118098188,0.08559471170527609,63.14230157209065,99.12403221861301,2.000440322076327e-06
1880.0,2.3564,0.4540650173840244,0.08560298896951363,63.142116416738325,99.12413348210379,2.0009532628040283e-06
1888.0,2.3566399999999996,0.45408102706279274,0.0856112687902804,63.141931204257745,99.12423477932826,2.001466463473489e-06
1896.0,2.35688,0.45409704084819336,0.0856195511689734,63.14174593461783,99.12433611030572,2.0019799251710316e-06
1904.0,2.3571199999999997,0.45411305874235053,0.08562783610701837,63.141560607786985,99.12443747505576,2.0024936486159883e-06
1912.0,2.35736,0.4541290807473195,0.08563612360580555,63.141375223734194,99.12453887359759,2.0030076350180392e-06
1920.0,2.3575999999999997,0.4541451068652414,0.08564441366676998,63.141189782427524,99.124640305951,2.0035218850155626e-06
1928.0,2.35784,0.45416113709821715,0.08565270629132614,63.14100428383551,99.12474177213552,2.004036399532203e-06
1936.0,2.3580799999999997,0.4541771714483554,0.08566100148089284,63.1408187279265,99.12484327217071,2.004551179455367e-06
1944.0,2.35832,0.4541932099178115,0.08566929923691338,63.1406331146681,99.12494480607653,2.0050662253817995e-06
1952.0,2.3585599999999998,0.4542092525086887,0.08567759956080438,63.140447444028794,99.12504637387251,2.0055815382598164e-06
1960.0,2.3588,0.4542252992231472,0.0856859024540122,63.140261715976244,99.12514797557863,2.0060971186668878e-06
1968.0,2.35904,0.4542413500633217,0.08569420791797037,63.140075930478446,99.1252496112147,2.006612967370147e-06
1976.0,2.35928,0.4542574050313536,0.08570251595411614,63.13989008750326,99.12535128080057,2.007129085103575e-06
1984.0,2.35952,0.45427346412941744,0.08571082656390429,63.1397041870179,99.12545298435644,2.0076454724107176e-06
1992.0,2.3597599999999996,0.4542895273596498,0.08571913974877017,63.139518228990326,99.12555472190212,2.0081621300749e-06
2000.0,2.36,0.4543055947242336,0.08572745551017351,63.1393322133882,99.12565649345777,2.008679058573363e-06
2008.0,2.3602399999999997,0.4543216662253304,0.08573577384956321,63.139146140179214,99.12575829904338,2.0091962585498823e-06
2016.0,2.36048,0.4543377418651073,0.0857440947683914,63.13896000933103,99.12586013867902,2.009713730613538e-06
2024.0,2.3607199999999997,0.45435382164576055,0.08575241826812563,63.138773820811146,99.12596201238479,2.010231475190687e-06
2032.0,2.36096,0.45436990556945306,0.08576074435021644,63.13858757458725,99.12606392018071,2.0107494929490056e-06
2040.0,2.3611999999999997,0.4543859936383881,0.08576907301613562,63.13840127062599,99.1261658620872,2.011267784337208e-06
2048.0,2.36144,0.4544020858547502,0.08577740426734556,63.13821490889464,99.1262678381245,2.011786349915032e-06
2056.0,2.36168,0.45441818222072905,0.08578573810531157,63.13802848936047,99.12636984831283,2.0123051902160016e-06
2064.0,2.36192,0.4544342827385392,0.08579407453151228,63.13784201199046,99.12647189267271,2.0128243056202136e-06
2072.0,2.36216,0.45445038741036664,0.08580241354741176,63.13765547675184,99.12657397122439,2.0133436967120777e-06
2080.0,2.3623999999999996,0.45446649623843205,0.08581075515449234,63.13746888361158,99.12667608398831,2.0138633638554995e-06
2088.0,2.36264,0.45448260922494005,0.08581909935422839,63.13728223253679,99.12677823098487,2.0143833075284925e-06
2096.0,2.3628799999999996,0.4544987263720995,0.08582744614809677,63.13709552349453,99.12688041223446,2.0149035281944204e-06
2104.0,2.36312,0.45451484768214084,0.08583579553758587,63.13690875645174,99.12698262775757,2.015424026179411e-06
2112.0,2.3633599999999997,0.45453097315727,0.08584414752417163,63.13672193137551,99.1270848775746,2.015944801991545e-06
2120.0,2.3636,0.45454710279972277,0.08585250210934588,63.13653504823238,99.12718716170613,2.0164658559700586e-06
2128.0,2.3638399999999997,0.4545632366117212,0.08586085929459353,63.13634810698922,99.12728948017266,2.016987188539765e-06
2136.0,2.36408,0.454579374595491,0.08586921908140177,63.13616110761281,99.12739183299473,2.0175088001216245e-06
2144.0,2.3643199999999998,0.45459551675327753,0.08587758147126824,63.135974050069585,99.12749422019311,2.0180306910217192e-06
2152.0,2.36456,0.45461166308730355,0.08588594646567932,63.13578693432638,99.12759664178832,2.018552861705726e-06
2160.0,2.3648,0.45462781359981946,0.08589431406613589,63.13559976034962,99.12769909780113,2.0190753124681624e-06
2168.0,2.36504,0.45464396829306275,0.08590268427413249,63.13541252810588,99.12780158825223,2.019598043704545e-06
2176.0,2.36528,0.45466012716927456,0.08591105709116592,63.135225237561876,99.12790411316224,2.020121055781094e-06
2184.0,2.3655199999999996,0.45467629023071326,0.0859194325187422,63.135037888684394,99.12800667255188,2.020644348950693e-06
2192.0,2.36576,0.4546924574796173,0.0859278105583573,63.13485048144006,99.12810926644183,2.0211679236350723e-06
2200.0,2.3659999999999997,0.45470862891824976,0.08593619121152041,63.13466301579501,99.12821189485288,2.0216917801148724e-06
2208.0,2.36624,0.4547248045488622,0.08594457447973493,63.13447549171572,99.1283145578058,2.022215918750144e-06
2216.0,2.3664799999999997,0.4547409843737096,0.08595296036450636,63.134287909168556,99.12841725532138,2.022740339892458e-06
2224.0,2.36672,0.4547571683950629,0.08596134886734896,63.134100268119376,99.12851998742065,2.0232650438224543e-06
2232.0,2.3669599999999997,0.4547733566151746,0.08596973998976756,63.13391256853463,99.12862275412434,2.0237900309302527e-06
2240.0,2.3672,0.4547895490363205,0.0859781337332795,63.133724810380365,99.12872555545354,2.0243153014741345e-06
2248.0,2.3674399999999998,0.45480574566076537,0.08598653009939669,63.133536993622734,99.12882839142917,2.0248408557979602e-06
2256.0,2.36768,0.4548219464907772,0.08599492908963305,63.13334911822791,99.12893126207216,2.025366694230171e-06
2264.0,2.36792,0.4548381515286391,0.08600333070551067,63.13316118416189,99.12903416740359,2.025892817016712e-06
2272.0,2.36816,0.45485436077661684,0.08601173494854293,63.13297319139083,99.1291371074444,2.026419224532283e-06
2280.0,2.3684,0.4548705742369977,0.08602014182025473,63.13278513988084,99.1292400822156,2.0269459170035555e-06
2288.0,2.3686399999999996,0.4548867919120591,0.08602855132216618,63.13259702959802,99.1293430917382,2.027472894746634e-06
2296.0,2.36888,0.454903013804081,0.08603696345579902,63.13240886050839,99.12944613603325,2.028000158080708e-06
2304.0,2.3691199999999997,0.4549192399153578,0.08604537822268282,63.13222063257774,99.12954921512184,2.0285277072347606e-06
2312.0,2.36936,0.45493547024816755,0.086053795624339,63.132032345772174,99.12965232902496,2.0290555425657596e-06
2320.0,2.3695999999999997,0.45495170480480857,0.08606221566229978,63.13184400005764,99.12975547776378,2.0295836642888108e-06
2328.0,2.36984,0.4549679435875698,0.08607063833809295,63.13165559540012,99.12985866135938,2.030112072709225e-06
2336.0,2.3700799999999997,0.45498418659874285,0.08607906365324781,63.13146713176541,99.12996187983288,2.0306407681323143e-06
2344.0,2.37032,0.4550004338406332,0.08608749160930143,63.13127860911883,99.13006513320565,2.031169750805565e-06
2352.0,2.37056,0.4550166853155303,0.08609592220778271,63.13109002742633,99.13016842149875,2.031699021067442e-06
2360.0,2.3708,0.455032941025744,0.08610435545023155,63.13090138665336,99.1302717447336,2.032228579151554e-06
2368.0,2.37104,0.4550492009735744,0.08611279133818309,63.13071268676557,99.13037510293145,2.0327584253616705e-06
2376.0,2.3712799999999996,0.45506546516132457,0.08612122987317439,63.13052392772866,99.13047849611353,2.033288559989225e-06
2384.0,2.37152,0.45508173359131077,0.0861296710567496,63.13033510950846,99.13058192430114,2.033818983231591e-06
2392.0,2.3717599999999996,0.45509800626583397,0.08613811489044532,63.130146232070594,99.13068538751556,2.0343496954280025e-06
2400.0,2.372,0.45511428318721453,0.08614656137580855,63.129957295380336,99.13078888577816,2.034880696805901e-06
2408.0,2.3722399999999997,0.4551305643577636,0.08615501051438182,63.1297682994032,99.1308924191103,2.035411987662118e-06
2416.0,2.37248,0.45514684977979514,0.08616346230770947,63.129579244104846,99.13099598753328,2.0359435682734374e-06
2424.0,2.3727199999999997,0.4551631394556358,0.08617191675734273,63.12939012945099,99.13109959106846,2.0364754388326067e-06
2432.0,2.37296,0.4551794333875975,0.08618037386482554,63.12920095540717,99.13120322973717,2.0370075996634405e-06
2440.0,2.3731999999999998,0.45519573157801096,0.08618883363171195,63.12901172193822,99.13130690356098,2.037540051014968e-06
2448.0,2.37344,0.45521203402919813,0.08619729605955177,63.12882242900946,99.13141061256135,2.0380727931786235e-06
2456.0,2.37368,0.4552283407434837,0.08620576114989655,63.128633076586254,99.13151435675975,2.0386058264404427e-06
2464.0,2.37392,0.455244651723205,0.08621422890430476,63.128443664633735,99.13161813617782,2.039139151007051e-06
2472.0,2.37416,0.45526096697068474,0.08622269932432759,63.12825419311722,99.131721950837,2.039672767213057e-06
2480.0,2.3743999999999996,0.4552772864882644,0.08623117241152635,63.128064662002046,99.13182580075889,2.04020667525275e-06
2488.0,2.37464,0.4552936102782763,0.08623964816745791,63.1278750712535,99.13192968596496,2.0407408754036857e-06
2496.0,2.3748799999999997,0.4553099383430557,0.08624812659368099,63.127685420836826,99.13203360647678,2.041275367948816e-06
2504.0,2.37512,0.45532627068495024,0.08625660769176106,63.12749571071718,99.13213756231589,2.041810153087057e-06
2512.0,2.3753599999999997,0.455342607306293,0.08626509146325646,63.127305940859834,99.13224155350383,2.042345231133743e-06
2520.0,2.3756,0.4553589482094359,0.08627357790973551,63.1271161112292,99.13234558006245,2.0428806023386727e-06
2528.0,2.3758399999999997,0.45537529339672195,0.08628206703276238,63.12692622179018,99.13244964201341,2.0434162669940517e-06
2536.0,2.37608,0.45539164287049666,0.08629055883390276,63.12673627250793,99.13255373937835,2.043952225370497e-06
2544.0,2.3763199999999998,0.4554079966331183,0.0862990533147294,63.12654626334776,99.13265787217904,2.0444884776468775e-06
2552.0,2.37656,0.45542435468693054,0.08630755047680769,63.126356194274635,99.13276204043713,2.0450250241462373e-06
2560.0,2.3768,0.45544071703429534,0.08631605032171301,63.12616606525337,99.13286624417432,2.045561865078285e-06
2568.0,2.37704,0.4554570836775661,0.0863245528510165,63.12597587624895,99.13297048341235,2.0460990007213476e-06
2576.0,2.37728,0.4554734546190987,0.08633305806629102,63.12578562722629,99.13307475817295,2.046636431346813e-06
2584.0,2.3775199999999996,0.45548982986126146,0.08634156596911614,63.125595318150054,99.133179068478,2.0471741571697867e-06
2592.0,2.37776,0.4555062094064084,0.08635007656106448,63.12540494898519,99.13328341434922,2.047712178504061e-06
2600.0,2.3779999999999997,0.4555225932569117,0.08635858984371829,63.12521451969649,99.13338779580847,2.0482504955516353e-06
2608.0,2.37824,0.45553898141513494,0.08636710581865578,63.12502403024878,99.13349221287753,2.0487891085862095e-06
2616.0,2.3784799999999997,0.45555537388344447,0.0863756244874569,63.12483348060662,99.13359666557831,2.0493280178984465e-06
2624.0,2.37872,0.4555717706642192,0.08638414585170853,63.12464287073381,99.13370115393298,2.0498672237435436e-06
2632.0,2.3789599999999997,0.45558817175982347,0.08639266991299022,63.12445220059513,99.13380567796337,2.050406726439919e-06
2640.0,2.3792,0.45560457717264036,0.08640119667289169,63.124261470155204,99.13391023769152,2.0509465261849455e-06
2648.0,2.3794399999999998,0.45562098690504405,0.08640972613299834,63.12407067937856,99.13401483313946,2.051486623257721e-06
2656.0,2.37968,0.45563740095940924,0.0864182582948962,63.12387982822988,99.13411946432912,2.0520270179450525e-06
2664.0,2.37992,0.45565381933812255,0.0864267931601778,63.123688916674624,99.13422413128237,2.052567710403451e-06
2672.0,2.38016,0.4556702420435684,0.08643533073043494,63.123497944676814,99.13432883402109,2.053108700910473e-06
2680.0,2.3804,0.4556866690781324,0.08644387100726036,63.1233069122003,99.13443357256737,2.0536499897683445e-06
2688.0,2.3806399999999996,0.4557031004442019,0.08645241399224801,63.12311581920913,99.13453834694344,2.0541915772600192e-06
2696.0,2.38088,0.4557195361441676,0.08646095968699392,63.12292466566825,99.13464315717141,2.0547334635998314e-06
2704.0,2.3811199999999997,0.45573597618042333,0.08646950809309617,63.12273345154212,99.13474800327327,2.0552756490244747e-06
2712.0,2.38136,0.4557524205553575,0.0864780592121503,63.122542176795285,99.1348528852712,2.0558181338138173e-06
2720.0,2.3815999999999997,0.4557688692713714,0.08648661304575896,63.12235084139179,99.13495780318729,2.0563609182053244e-06
2728.0,2.38184,0.4557853223308594,0.08649516959552145,63.122159445296006,99.13506275704364,2.0569040024788642e-06
2736.0,2.3820799999999998,0.455801779736216,0.08650372886303762,63.12196798847227,99.13516774686238,2.0574473869235574e-06
2744.0,2.38232,0.4558182414898497,0.08651229084991476,63.121776470883944,99.13527277266579,2.0579910718107917e-06
2752.0,2.38256,0.45583470759420014,0.08652085555777692,63.121584892494006,99.13537783447671,2.058535057216895e-06
2760.0,2.3828,0.45585117805430553,0.0865294229896001,63.12139325323175,99.13548293233912,2.0590793263559123e-06
2768.0,2.38304,0.45586765286968706,0.08653799314549093,63.12120155310383,99.13558806624889,2.0596238978957805e-06
2776.0,2.38328,0.45588413204204237,0.08654656602668839,63.12100979208346,99.13569323622266,2.0601687767322752e-06
2784.0,2.38352,0.45590061557703404,0.08655514163649457,63.120817970083934,99.13579844231418,2.0607139426061393e-06
2792.0,2.3837599999999997,0.45591710347164655,0.086563719973697,63.120626087151415,99.13590368449485,2.0612594302349717e-06
2800.0,2.384,0.4559335957338586,0.08657230104280365,63.120434143165795,99.13600896283965,2.061805204587381e-06
2808.0,2.3842399999999997,0.45595009236268785,0.08658088484366043,63.120242138141855,99.13611427733939,2.0623512875378447e-06
2816.0,2.38448,0.4559665933597387,0.08658947137745943,63.12005007205579,99.13621962800866,2.06289768452954e-06
2824.0,2.3847199999999997,0.45598309873202236,0.08659806064820663,63.119857944802924,99.13632501491233,2.063444366668141e-06
2832.0,2.38496,0.45599960847580495,0.08660665265431683,63.119665756439,99.13643043801586,2.063991373355001e-06
2840.0,2.3851999999999998,0.45601612259945706,0.0866152474005044,63.119473506839554,99.13653589739646,2.0645386670561003e-06
2848.0,2.38544,0.45603264110194797,0.08662384488659143,63.11928119601991,99.13664139304461,2.065086270024472e-06
2856.0,2.38568,0.45604916398402856,0.08663244511332735,63.119088823968795,99.1367469249673,2.0656341931934996e-06
2864.0,2.38592,0.45606569125276925,0.08664104808475132,63.118896390580645,99.13685249322984,2.0661824073889898e-06
2872.0,2.38616,0.4560822229084437,0.08664965380136523,63.11870389585139,99.13695809783478,2.0667309266012937e-06
2880.0,2.3863999999999996,0.4560987589529827,0.0866582622645337,63.11851133975091,99.13706373880106,2.067279754397775e-06
2888.0,2.38664,0.4561152993886375,0.08666687347578857,63.11831872224514,99.13716941614989,2.0678288922741495e-06
2896.0,2.3868799999999997,0.4561318442179256,0.0866754874368006,63.11812604329672,99.13727512990447,2.068378339996809e-06
2904.0,2.38712,0.45614839344382774,0.0866841041494821,63.11793330286264,99.13738088009153,2.0689280943237473e-06
2912.0,2.3873599999999997,0.4561649470686213,0.0866927236153796,63.117740500908496,99.13748666673246,2.0694781566196133e-06
2920.0,2.3876,0.4561815050949977,0.08670134583625548,63.11754763739477,99.13759248985126,2.070028525562163e-06
2928.0,2.3878399999999997,0.45619806752552894,0.08670997081381043,63.11735471228345,99.13769834947135,2.0705792006201853e-06
2936.0,2.38808,0.45621463436271725,0.08671859854970912,63.117161725537294,99.13780424561583,2.071130181736627e-06
2944.0,2.3883199999999998,0.45623120560896807,0.08672722904556615,63.11696867712004,99.13791017830717,2.0716814695144006e-06
2952.0,2.38856,0.4562477812668476,0.08673586230308025,63.116775566993745,99.13801614756878,2.0722330635032494e-06
2960.0,2.3888,0.4562643613387276,0.08674449832384919,63.11658239512308,99.13812215342291,2.0727849645165655e-06
2968.0,2.38904,0.4562809458270698,0.08675313710951799,63.1163891614714,99.13822819589238,2.0733371728103177e-06
2976.0,2.38928,0.4562975347343432,0.08676177866173582,63.11619586600178,99.13833427500002,2.073889688618886e-06
2984.0,2.3895199999999996,0.45631412806297444,0.08677042298213013,63.116002508677425,99.13844039076837,2.0744425124958396e-06
2992.0,2.38976,0.45633072581542333,0.08677907007234599,63.11580908946169,99.13854654322023,2.074995644753429e-06
3000.0,2.3899999999999997,0.4563473279941671,0.08678771993403797,63.115615608317405,99.13865273237866,2.0755490856183247e-06
3008.0,2.39024,0.4563639346016655,0.08679637256885181,63.115422065207696,99.13875895826651,2.0761028354505785e-06
3016.0,2.3904799999999997,0.4563805456403846,0.08680502797843691,63.11522846009582,99.13886522090664,2.0766568945608985e-06
3024.0,2.39072,0.4563971611128189,0.08681368616445795,63.11503479294511,99.13897152032203,2.0772112630641616e-06
3032.0,2.3909599999999998,0.45641378102142954,0.08682234712856245,63.1148410637187,99.13907785653556,2.077765941342007e-06
3040.0,2.3912,0.45643040536870805,0.08683101087241422,63.1146472723792,99.13918422957026,2.0783209296087703e-06
3048.0,2.39144,0.4564470341571335,0.0868396773976709,63.11445341888959,99.13929063944906,2.078876228153571e-06
3056.0,2.39168,0.4564636673891866,0.08684834670599138,63.11425950321293,99.13939708619493,2.0794318372670726e-06
3064.0,2.39192,0.45648030506736037,0.08685701879904131,63.11406552531221,99.13950356983095,2.079987757162838e-06
3072.0,2.3921599999999996,0.45649694719413464,0.0868656936784798,63.113871485150426,99.13961009038003,2.080543988169308e-06
3080.0,2.3924,0.4565135937720056,0.08687437134597494,63.113677382690504,99.13971664786524,2.0811005305131545e-06
3088.0,2.3926399999999997,0.45653024480346194,0.0868830518031911,63.113483217895414,99.1398232423096,2.0816573844811836e-06
3096.0,2.39288,0.456546900290995,0.08689173505179462,63.11328899072788,99.13992987373621,2.0822145503817914e-06
3104.0,2.3931199999999997,0.4565635602371088,0.08690042109345869,63.11309470114999,99.14003654216836,2.082772028474801e-06
3112.0,2.39336,0.4565802246442925,0.08690910992984908,63.11290034912467,99.14014324762906,2.083329819097134e-06
3120.0,2.3935999999999997,0.4565968935150553,0.08691780156264249,63.11270593461456,99.14024999014165,2.0838879224631247e-06
3128.0,2.39384,0.4566135668518967,0.08692649599351084,63.11251145758229,99.14035676972931,2.084446338884253e-06
3136.0,2.3940799999999998,0.4566302446573191,0.08693519322412797,63.112316917990434,99.14046358641527,2.0850050686573494e-06
3144.0,2.39432,0.45664692693383885,0.08694389325617534,63.112122315801265,99.14057044022287,2.0855641120152515e-06
3152.0,2.39456,0.45666361368395614,0.08695259609132637,63.111927650977435,99.14067733117531,2.0861234693018213e-06
3160.0,2.3948,0.4566803049101915,0.08696130173126546,63.11173292348113,99.140784259296,2.086683140750667e-06
3168.0,2.39504,0.45669700061505597,0.08697001017767235,63.11153813327477,99.14089122460821,2.0872431266663295e-06
3176.0,2.3952799999999996,0.45671370080106316,0.08697872143222865,63.11134328032092,99.14099822713524,2.0878034273425558e-06
3184.0,2.39552,0.45673040547074006,0.08698743549662317,63.111148364582405,99.14110526690045,2.088364042962069e-06
3192.0,2.3957599999999997,0.4567471146265984,0.0869961523725372,63.11095338602166,99.14121234392712,2.088924973870273e-06
3200.0,2.396,0.4567638282711692,0.08700487206166244,63.110758344600804,99.14131945823861,2.089486220296921e-06
3208.0,2.3962399999999997,0.4567805464069743,0.0870135945656862,63.11056324028224,99.1414266098583,2.0900477825457834e-06
3216.0,2.39648,0.45679726903653856,0.0870223198862977,63.11036807302819,99.14153379880958,2.0906096609136905e-06
3224.0,2.3967199999999997,0.4568139961624001,0.08703104802519344,63.1101728428003,99.14164102511614,2.091171855658152e-06
3232.0,2.39696,0.4568307277870815,0.08703977898406225,63.109977549560924,99.14174828880137,2.091734367118403e-06
3240.0,2.3971999999999998,0.4568474639131254,0.08704851276460376,63.10978219327231,99.14185558988883,2.092297195508778e-06
3248.0,2.39744,0.45686420454306487,0.08705724936851293,63.10958677389664,99.14196292840207,2.0928603411253367e-06
3256.0,2.39768,0.4568809496794359,0.08706598879748673,63.10939129139592,99.14207030436461,2.0934238042741614e-06
3264.0,2.39792,0.456897699324788,0.08707473105322948,63.10919574573186,99.14217771780011,2.093987585198884e-06
3272.0,2.39816,0.45691445348165505,0.08708347613743767,63.10900013686659,99.1422851687321,2.0945516842395107e-06
3280.0,2.3983999999999996,0.4569312121525908,0.08709222405181868,63.108804464762216,99.14239265718422,2.0951161016065213e-06
3288.0,2.39864,0.45694797534013953,0.08710097479807519,63.108608729380755,99.14250018318009,2.095680837603685e-06
3296.0,2.3988799999999997,0.4569647430468485,0.08710972837791187,63.108412930684175,99.1426077467433,2.096245892525519e-06
3304.0,2.39912,0.45698151527527814,0.08711848479304067,63.108217068634225,99.14271534789758,2.0968112666048624e-06
3312.0,2.3993599999999997,0.4569982920279736,0.08712724404516584,63.10802114319293,99.14282298666653,2.0973769601732397e-06
3320.0,2.3996,0.4570150733074997,0.08713600613600235,63.10782515432185,99.14293066307397,2.0979429734750544e-06
3328.0,2.3998399999999998,0.4570318591164119,0.08714477106726069,63.10762910198282,99.14303837714363,2.0985093068133045e-06
3336.0,2.40008,0.4570486494572688,0.08715353884065329,63.10743298613751,99.14314612889925,2.099075960492531e-06
3344.0,2.40032,0.45706544433264235,0.08716230945789995,63.10723680674717,99.14325391836482,2.0996429347656173e-06
3352.0,2.40056,0.45708224374508877,0.08717108292071268,63.10704056377358,99.14336174556406,2.1002102299764244e-06
3360.0,2.4008,0.4570990476971845,0.08717985923081437,63.10684425717863,99.14346961052082,2.100777846330035e-06
3368.0,2.4010399999999996,0.4571158561914964,0.08718863838992331,63.10664788692404,99.14357751325896,2.101345784124822e-06
3376.0,2.40128,0.4571326692305941,0.08719742039975961,63.10645145297146,99.14368545380226,2.1019140436606996e-06
3384.0,2.4015199999999997,0.4571494868170605,0.08720620526205076,63.106254955282544,99.1437934321746,2.1024826251504603e-06
3392.0,2.40176,0.4571663089534633,0.08721499297851655,63.106058393819005,99.14390144839979,2.1030515289418203e-06
3400.0,2.4019999999999997,0.4571831356423899,0.08722378355088757,63.10586176854176,99.1440095025019,2.103620755284579e-06
3408.0,2.40224,0.45719996688641834,0.08723257698088983,63.10566507941221,99.14411759450488,2.1041903044971555e-06
3416.0,2.4024799999999997,0.45721680268812964,0.0872413732702513,63.10546832639187,99.14422572443266,2.1047601768810054e-06
3424.0,2.40272,0.45723364305011827,0.08725017242070739,63.10527150944211,99.14433389230936,2.105330372653548e-06
3432.0,2.4029599999999998,0.4572504879749631,0.08725897443398567,63.10507462852435,99.14444209815893,2.105900892165582e-06
3440.0,2.4032,0.45726733746526343,0.08726777931182483,63.10487768359921,99.14455034200564,2.1064717356846416e-06
3448.0,2.40344,0.4572841915236089,0.08727658705595887,63.10468067462782,99.14465862387358,2.1070429035314566e-06
3456.0,2.40368,0.45730105015259176,0.08728539766812354,63.10448360157147,99.14476694378683,2.1076143960090265e-06
3464.0,2.40392,0.4573179133548187,0.08729421115006254,63.10428646439154,99.14487530176963,2.1081862133262884e-06
3472.0,2.4041599999999996,0.45733478113287984,0.08730302750351127,63.10408926304918,99.14498369784606,2.108758355835584e-06
3480.0,2.4044,0.45735165348938595,0.0873118467302163,63.10389199750548,99.14509213204028,2.109330823768981e-06
3488.0,2.4046399999999997,0.457368530426938,0.0873206688319195,63.10369466772161,99.14520060437643,2.1099036174294773e-06
3496.0,2.40488,0.45738541194814,0.08732949381036469,63.103497273658625,99.1453091148787,2.1104767371254686e-06
3504.0,2.4051199999999997,0.4574022980556095,0.08733832166730317,63.10329981527719,99.14541766357142,2.1110501831059844e-06
3512.0,2.40536,0.4574191887519485,0.08734715240447846,63.103102292538466,99.14552625047877,2.1116239557179684e-06
3520.0,2.4055999999999997,0.45743608403977903,0.08735598602364501,63.10290470540317,99.14563487562513,2.112198055199657e-06
3528.0,2.40584,0.4574529839217138,0.08736482252655269,63.102707053832184,99.14574353903484,2.1127724818694674e-06
3536.0,2.4060799999999998,0.45746988840036823,0.08737366191495326,63.102509337786394,99.1458522407322,2.113347236032712e-06
3544.0,2.40632,0.45748679747837184,0.08738250419060618,63.102311557226486,99.14596098074165,2.1139223179260833e-06
3552.0,2.40656,0.4575037111583378,0.08739134935526283,63.10211371211335,99.1460697590875,2.114497727905778e-06
3560.0,2.4067999999999996,0.45752062944290006,0.0874001974106857,63.101915802407746,99.1461785757942,2.115073466195383e-06
3568.0,2.40704,0.45753755233468274,0.08740904835863272,63.101717828070456,99.14628743088612,2.1156495331094613e-06
3576.0,2.4072799999999996,0.4575544798363128,0.08741790220086355,63.10151978906222,99.1463963243877,2.116225928956408e-06
3584.0,2.40752,0.4575714119504313,0.08742675893914566,63.10132168534355,99.14650525632342,2.116802653971375e-06
3592.0,2.4077599999999997,0.4575883486796629,0.08743561857523838,63.101123516875234,99.14661422671767,2.1173797085105583e-06
3600.0,2.408,0.4576052900266531,0.08744448111091224,63.10092528361772,99.14672323559503,2.1179570928075677e-06
3608.0,2.4082399999999997,0.45762223599403756,0.08745334654793308,63.100726985531615,99.14683228297999,2.1185348071785082e-06
3616.0,2.40848,0.45763918658445496,0.08746221488806868,63.100528622577464,99.14694136889705,2.1191128519356304e-06
3624.0,2.4087199999999998,0.45765614180055786,0.08747108613309452,63.10033019471555,99.14705049337097,2.119691227318711e-06
3632.0,2.40896,0.45767310164498265,0.08747996028477796,63.10013170190646,99.14715965642621,2.120269933687031e-06
3640.0,2.4092,0.45769006612038676,0.08748883734489783,63.09993314411018,99.14726885808757,2.120848971297329e-06
3648.0,2.40944,0.4577070352294176,0.08749771731522801,63.099734521287004,99.14737809837968,2.1214283404734203e-06
3656.0,2.40968,0.45772400897472554,0.08750660019754444,63.09953583339732,99.1474873773272,2.1220080415260134e-06
3664.0,2.4099199999999996,0.4577409873589752,0.08751548599363082,63.0993370804015,99.1475966949549,2.1225880746810077e-06
3672.0,2.41016,0.4577579703848149,0.08752437470526275,63.09913826225985,99.14770605128746,2.1231684402999963e-06
3680.0,2.4103999999999997,0.4577749580549137,0.08753326633422708,63.098939378932435,99.14781544634963,2.123749138626612e-06
3688.0,2.41064,0.45779195037193077,0.08754216088230589,63.09874043037946,99.14792488016614,2.1243301699815856e-06
3696.0,2.4108799999999997,0.45780894733852834,0.08755105835128325,63.09854141656108,99.14803435276178,2.124911534677939e-06
3704.0,2.41112,0.4578259489573829,0.0875599587429511,63.09834233743717,99.1481438641615,2.125493232968555e-06
3712.0,2.4113599999999997,0.4578429552311544,0.0875688620590931,63.09814319296791,99.14825341439001,2.1260752652111727e-06
3720.0,2.4116,0.4578599661625174,0.08757776830150095,63.097943983113645,99.14836300347217,2.126657631667158e-06
3728.0,2.4118399999999998,0.4578769817541499,0.0875866774719686,63.09774470783473,99.1484726314328,2.1272403325816837e-06
3736.0,2.41208,0.4578940020087297,0.08759558957229023,63.09754536709116,99.14858229829662,2.1278233682477265e-06
3744.0,2.41232,0.4579110269289358,0.08760450460426113,63.09734596084148,99.1486920040888,2.1284067390615736e-06
3752.0,2.41256,0.45792805651745055,0.08761342256967863,63.097146489045265,99.14880174883459,2.1289904453354757e-06
3760.0,2.4128,0.4579450907769616,0.08762234347034334,63.09694695166302,99.1489115325589,2.129574487303042e-06
3768.0,2.4130399999999996,0.4579621297101528,0.08763126730805428,63.09674734865452,99.1490213552868,2.1301588652842326e-06
3776.0,2.41328,0.4579791733197112,0.0876401940846124,63.09654767997946,99.14913121704338,2.1307435795982365e-06
3784.0,2.4135199999999997,0.4579962216083347,0.08764912380182494,63.09634794559789,99.14924111785346,2.1313286304748083e-06
3792.0,2.41376,0.4580132745787077,0.08765805646149236,63.096148145469606,99.14935105774215,2.131914018279397e-06
3800.0,2.4139999999999997,0.4580303322335352,0.08766699206542626,63.09594827955397,99.14946103673455,2.1324997432664274e-06
3808.0,2.41424,0.4580473945755118,0.08767593061543337,63.09574834781066,99.14957105485571,2.1330858057651126e-06
3816.0,2.4144799999999997,0.4580644616073354,0.08768487211332239,63.095548350199394,99.14968111213072,2.1336722060884736e-06
3824.0,2.41472,0.45808153333171886,0.08769381656091033,63.09534828667969,99.14979120858484,2.1342589444770585e-06
3832.0,2.4149599999999998,0.4580986097513577,0.08770276396000547,63.09514815721123,99.14990134424315,2.1348460212886056e-06
3840.0,2.4152,0.458115690868969,0.08771171431242791,63.09494796175329,99.15001151913096,2.1354334367821672e-06
3848.0,2.41544,0.4581327766872599,0.08772066761999275,63.09474770026537,99.15012173327347,2.136021191279246e-06
3856.0,2.41568,0.45814986720894035,0.08772962388451722,63.094547372706856,99.15023198669596,2.136609285108282e-06
3864.0,2.41592,0.4581669624367351,0.08773858310782648,63.09434697903668,99.15034227942385,2.1371977185383505e-06
3872.0,2.4161599999999996,0.45818406237335185,0.0877475452917373,63.09414651921431,99.1504526114824,2.137786491932587e-06
3880.0,2.4164,0.45820116702152025,0.08775651043807833,63.09394599319853,99.15056298289713,2.138375605571631e-06
3888.0,2.4166399999999997,0.4582182763839597,0.0877654785486732,63.09374540094844,99.15067339369344,2.1389650597870077e-06
3896.0,2.41688,0.4582353904633924,0.08777444962534753,63.09354474242338,99.1507838438967,2.1395548549017607e-06
3904.0,2.4171199999999997,0.4582525092625554,0.08778342366993501,63.09334401758309,99.15089433353228,2.1401449911140347e-06
3912.0,2.41736,0.45826963278416877,0.08779240068426093,63.0931432263867,99.15100486262557,2.140735468805468e-06
3920.0,2.4175999999999997,0.4582867610309738,0.08780138067016208,63.09294236879335,99.15111543120194,2.14132628821661e-06
3928.0,2.41784,0.45830389400570193,0.08781036362947044,63.09274144476232,99.15122603928681,2.141917449664336e-06
3936.0,2.41808,0.45832103171108746,0.08781934956402,63.09254045425258,99.15133668690562,2.142508953483255e-06
3944.0,2.41832,0.4583381741498795,0.08782833847565287,63.09233939722238,99.15144737408411,2.143100799966343e-06
3952.0,2.41856,0.4583553213248102,0.08783733036620275,63.09213827363095,99.1515581008477,2.1436929894744217e-06
3960.0,2.4188,0.45837247323863367,0.0878463252375151,63.09193708343683,99.15166886722216,2.1442855222773374e-06
3968.0,2.41904,0.45838962989409365,0.08785532309143053,63.091735826598814,99.15177967323316,2.1448783987150963e-06
3976.0,2.4192799999999997,0.45840679129393697,0.08786432392979161,63.091534503075756,99.15189051890633,2.1454716191169097e-06
3984.0,2.41952,0.45842395744092546,0.08787332775444918,63.0913331128266,99.15200140426738,2.1460651837117615e-06
3992.0,2.4197599999999997,0.45844112833780354,0.08788233456724541,63.091131655810116,99.15211232934195,2.1466590928851456e-06
4000.0,2.42,0.45845830398733756,0.08789134437003432,63.090930131985225,99.15222329415568,2.147253346866045e-06
4008.0,2.4202399999999997,0.4584754843922835,0.08790035716466499,63.09072854131076,99.15233429873419,2.147847945985215e-06
4016.0,2.42048,0.4584926695554005,0.08790937295298844,63.0905268837455,99.1524453431032,2.1484428905633857e-06
4024.0,2.4207199999999998,0.4585098594794621,0.0879183917368638,63.09032515924802,99.15255642728842,2.1490381808511285e-06
4032.0,2.42096,0.4585270541672251,0.08792741351814182,63.09012336777716,99.15266755131552,2.149633817218518e-06
4040.0,2.4212,0.45854425362146817,0.08793643829868503,63.089921509290846,99.15277871521052,2.150229799953132e-06
4048.0,2.42144,0.4585614578449595,0.08794546608035098,63.08971958374753,99.15288991899925,2.150826129394977e-06
4056.0,2.42168,0.4585786668404707,0.08795449686499944,63.08951759110561,99.15300116270757,2.1514228058894556e-06
4064.0,2.4219199999999996,0.4585958806107886,0.08796353065449844,63.08931553132302,99.15311244636166,2.1520198297102686e-06
4072.0,2.42216,0.45861309915868226,0.08797256745070733,63.08911340435817,99.15322376998736,2.15261720124291e-06
4080.0,2.4223999999999997,0.4586303224869435,0.08798160725549764,63.088911210169336,99.15333513361077,2.153214920740264e-06
4088.0,2.42264,0.4586475505983535,0.08799065007073578,63.088708948714775,99.15344653725788,2.1538129885438783e-06
4096.0,2.4228799999999997,0.4586647834956964,0.08799969589829021,63.088506619952774,99.15355798095467,2.15441140498682e-06
4104.0,2.42312,0.4586820211817716,0.08800874474003777,63.08830422384163,99.15366946472717,2.155010170311179e-06
4112.0,2.4233599999999997,0.45869926365936103,0.08801779659784648,63.08810176033961,99.15378098860137,2.1556092849016792e-06
4120.0,2.4236,0.4587165109312687,0.08802685147359648,63.08789922940479,99.15389255260334,2.156208749011975e-06
4128.0,2.4238399999999998,0.4587337630002883,0.08803590936916288,63.08769663099538,99.15400415675913,2.1568085629766753e-06
4136.0,2.42408,0.4587510198692165,0.08804497028642276,63.08749396506949,99.15411580109479,2.157408727133473e-06
4144.0,2.42432,0.45876828154086513,0.08805403422726156,63.08729123158487,99.15422748563661,2.158009241747589e-06
4152.0,2.42456,0.45878554801802857,0.08806310119355608,63.08708843049971,99.15433921041061,2.158610107201432e-06
4160.0,2.4248,0.45880281930351674,0.08807217118719159,63.08688556177201,99.15445097544301,2.159211323791833e-06
4168.0,2.4250399999999996,0.4588200954002345,0.08808124421010372,63.08668262535814,99.15456278076097,2.1598128912581984e-06
4176.0,2.42528,0.4588373763111334,0.08809032026425301,63.08647962121332,99.15467462639175,2.1604148091001565e-06
4184.0,2.4255199999999997,0.45885466203872427,0.08809939935136897,63.08627654930142,99.15478651235892,2.1610170794140246e-06
4192.0,2.42576,0.4588719525894529,0.08810848147524848,63.086073409532005,99.15489843871875,2.1616196797254953e-06
4200.0,2.4259999999999997,0.4588892479615412,0.08811756663536917,63.08587020192983,99.15501040545581,2.1622226388448573e-06
4208.0,2.42624,0.4589065481582522,0.08812665483385689,63.08566692644497,99.15512241260136,2.1628259544437256e-06
4216.0,2.4264799999999997,0.458923853185154,0.08813574607404887,63.08546358299299,99.1552344602081,2.1634296100137007e-06
4224.0,2.42672,0.45894116303896515,0.08814484035463369,63.08526017162366,99.15534654824498,2.1640336434781506e-06
4232.0,2.42696,0.45895847773046117,0.08815393768168547,63.085056692172785,99.15545867681413,2.1646380063904894e-06
4240.0,2.4272,0.4589757972563973,0.0881630380539127,63.08485314468982,99.15557084588478,2.1652427364651474e-06
4248.0,2.42744,0.45899312162044964,0.08817214147366034,63.08464952911875,99.15568305549151,2.1658478289050356e-06
4256.0,2.4276799999999996,0.45901045082934344,0.08818124794487632,63.08444584535708,99.15579530569765,2.1664532602135177e-06
4264.0,2.42792,0.4590277848791153,0.08819035746589202,63.084242093465214,99.15590759646588,2.1670590725397478e-06
4272.0,2.4281599999999997,0.4590451237809906,0.08819947004302134,63.084038273273976,99.15601992790158,2.16766521466775e-06
4280.0,2.4284,0.45906246753158914,0.08820858567490283,63.08383438483431,99.15613229997301,2.1682717252325155e-06
4288.0,2.4286399999999997,0.4590798161333684,0.08821770436324325,63.08363042810932,99.15624471270318,2.1688786069579445e-06
4296.0,2.42888,0.45909716959386154,0.08822682611241772,63.083426402985786,99.15635716616265,2.1694858313868625e-06
4304.0,2.4291199999999997,0.4591145279135799,0.08823595092311118,63.083222309456026,99.15646966035622,2.1700934132567093e-06
4312.0,2.42936,0.459131891094691,0.0882450787968794,63.08301814748108,99.15658219530677,2.170701357571969e-06
4320.0,2.4295999999999998,0.45914925913994636,0.08825420973558543,63.082813917018605,99.15669477104046,2.171309665394293e-06
4328.0,2.42984,0.45916663205234565,0.08826334374122327,63.08260961802416,99.15680738758543,2.1719183361647144e-06
4336.0,2.43008,0.4591840098353076,0.08827248081600779,63.08240525044991,99.15692004497295,2.172527366561816e-06
4344.0,2.43032,0.4592013924915208,0.08828162096177034,63.08220081425378,99.15703274322891,2.1731367581298876e-06
4352.0,2.43056,0.45921878002417776,0.08829076418060768,63.081996309392444,99.15714548238053,2.173746508896741e-06
4360.0,2.4307999999999996,0.4592361724362514,0.0882999104745016,63.081791735821994,99.15725826245546,2.17435661853008e-06
4368.0,2.43104,0.45925356973066933,0.08830905984541047,63.081587093499245,99.15737108348053,2.1749670869782487e-06
4376.0,2.4312799999999997,0.4592709719102682,0.08831821229524535,63.08138238238186,99.15748394548166,2.1755779148148623e-06
4384.0,2.43152,0.45928837897805236,0.08832736782600578,63.081177602426166,99.15759684848625,2.1761891015040843e-06
4392.0,2.4317599999999997,0.45930579093677365,0.08833652643955912,63.080972753589506,99.15770979252076,2.1768006482779533e-06
4400.0,2.432,0.4593232077893499,0.08834568813786034,63.08076783582873,99.15782277761205,2.1774125552251333e-06
4408.0,2.4322399999999997,0.4593406295386609,0.08835485292284488,63.08056284910059,99.15793580378707,2.1780248227288056e-06
4416.0,2.43248,0.45935805618755515,0.08836402079643217,63.08035779336157,99.15804887107298,2.1786374514366e-06
4424.0,2.4327199999999998,0.459375487738915,0.08837319176055987,63.08015266856861,99.1581619794966,2.1792504417301553e-06
4432.0,2.43296,0.4593929241956512,0.088382365817181,63.07994747467745,99.15827512908541,2.179863793893967e-06
4440.0,2.4332,0.4594103655606409,0.08839154296823139,63.07974221164471,99.15838831986645,2.1804775084083604e-06
4448.0,2.43344,0.4594278118367821,0.08840072321565826,63.07953687942697,99.15850155186683,2.181091585617967e-06
4456.0,2.43368,0.45944526302699706,0.08840990656142203,63.07933147798088,99.15861482511383,2.181706025715534e-06
4464.0,2.4339199999999996,0.4594627191341723,0.08841909300746478,63.0791260072629,99.15872813963455,2.182320829169051e-06
4472.0,2.43416,0.4594801801612343,0.08842828255575004,63.0789204672296,99.15884149545603,2.182935996175892e-06
4480.0,2.4343999999999997,0.45949764611108584,0.0884374752082293,63.078714857837525,99.15895489260541,2.183551527117695e-06
4488.0,2.43464,0.4595151169866396,0.08844667096685974,63.078509179042925,99.1590683311099,2.184167422348344e-06
4496.0,2.4348799999999997,0.4595325927908188,0.08845586983360454,63.07830343080167,99.15918181099688,2.18478368218086e-06
4504.0,2.43512,0.4595500735265321,0.08846507181041958,63.07809761307025,99.15929533229345,2.1854003070115313e-06
4512.0,2.4353599999999997,0.4595675591967112,0.08847427689927342,63.07789172580455,99.15940889502724,2.18601729713102e-06
4520.0,2.4356,0.45958504980427256,0.08848348510212699,63.077685768960784,99.1595224992255,2.1866346529317603e-06
4528.0,2.43584,0.45960254535214184,0.0884926964209465,63.077479742495086,99.15963614491562,2.1872523747599245e-06
4536.0,2.43608,0.4596200458432559,0.08850191085770454,63.0772736463635,99.15974983212507,2.1878704629084886e-06
4544.0,2.43632,0.4596375512805353,0.08851112841436552,63.07706748052218,99.15986356088122,2.1884889177945574e-06
4552.0,2.43656,0.45965506166691944,0.0885203490929043,63.07686124492638,99.15997733121169,2.189107739779724e-06
4560.0,2.4368,0.45967257700534897,0.08852957289529674,63.0766549395318,99.16009114314409,2.1897269292032237e-06
4568.0,2.4370399999999997,0.4596900972987657,0.08853879982351982,63.07644856429476,99.16020499670591,2.190346486368825e-06
4576.0,2.43728,0.4597076225501124,0.0885480298795515,63.07624211917178,99.16031889192458,2.1909664115779857e-06
4584.0,2.4375199999999997,0.4597251527623344,0.0885572630653715,63.07603560411866,99.16043282882741,2.191586705179962e-06
4592.0,2.43776,0.459742687938385,0.0885664993829642,63.07582901909074,99.16054680744222,2.192207367514761e-06
4600.0,2.4379999999999997,0.4597602280812102,0.08857573883431055,63.075622364043916,99.16066082779642,2.192828398951685e-06
4608.0,2.43824,0.45977777319376356,0.08858498142139602,63.07541563893357,99.16077488991773,2.1934497998654347e-06
4616.0,2.4384799999999998,0.4597953232790082,0.08859422714621148,63.075208843714435,99.16088899383429,2.1940715706160618e-06
4624.0,2.43872,0.4598128783398926,0.08860347601074063,63.075001978342236,99.16100313957364,2.1946937116222123e-06
4632.0,2.43896,0.4598304383793925,0.0886127280169819,63.0747950427732,99.16111732716357,2.195316223085115e-06
4640.0,2.4392,0.4598480034004649,0.08862198316692434,63.074588036962844,99.16123155663182,2.195939105414164e-06
4648.0,2.43944,0.45986557340607703,0.08863124146256283,63.07438096086648,99.16134582800619,2.1965623589663264e-06
4656.0,2.43968,0.45988314839920885,0.08864050290589948,63.074173814439,99.16146014131455,2.1971859840615635e-06
4664.0,2.43992,0.45990072838282214,0.08864976749892717,63.07396659763601,99.16157449658465,2.197809981116208e-06
4672.0,2.4401599999999997,0.45991831335990657,0.08865903524365401,63.073759310412925,99.16168889384446,2.1984343503731217e-06
4680.0,2.4404,0.45993590333343326,0.08866830614207877,63.073551952725104,99.16180333312184,2.199059092236302e-06
4688.0,2.4406399999999997,0.4599534983063836,0.08867758019620607,63.07334452452776,99.16191781444468,2.199684207054236e-06
4696.0,2.44088,0.4599710982817506,0.08868685740804715,63.07313702577586,99.16203233784103,2.2003096951368607e-06
4704.0,2.4411199999999997,0.4599887032625103,0.08869613777960474,63.07292945642474,99.16214690333875,2.200935556899739e-06
4712.0,2.44136,0.4600063132516659,0.08870542131289637,63.07272181642935,99.16226151096603,2.201561792609632e-06
4720.0,2.4415999999999998,0.4600239282522024,0.0887147080099304,63.07251410574485,99.16237616075084,2.20218840267131e-06
4728.0,2.44184,0.46004154826711496,0.08872399787272103,63.0723063243264,99.16249085272122,2.2028153874255484e-06
4736.0,2.44208,0.4600591732994104,0.08873329090328905,63.07209847212912,99.16260558690523,2.2034427471568427e-06
4744.0,2.44232,0.46007680335207857,0.0887425871036468,63.07189054910814,99.1627203633309,2.20407048228461e-06
4752.0,2.44256,0.4600944384281366,0.08875188647582143,63.07168255521786,99.16283518202651,2.2046985930987417e-06
4760.0,2.4427999999999996,0.4601120785305833,0.08876118902183093,63.0714744904133,99.16295004302013,2.2053270800032364e-06
4768.0,2.44304,0.4601297236624279,0.08877049474369919,63.0712663546492,99.16306494633999,2.205955943356603e-06
4776.0,2.4432799999999997,0.46014737382669146,0.0887798036434569,63.071058147880024,99.16317989201448,2.2065851834695497e-06
4784.0,2.44352,0.46016502902637774,0.08878911572312596,63.070849870060634,99.16329488007177,2.2072148007684335e-06
4792.0,2.4437599999999997,0.4601826892645186,0.08879843098474366,63.07064152114503,99.1634099105405,2.2078447955554815e-06
4800.0,2.444,0.4602003545441271,0.08880774943033781,63.070433101087815,99.16352498344891,2.2084751682477985e-06
4808.0,2.4442399999999997,0.4602180248682267,0.08881707106194214,63.07022460984368,99.16364009882538,2.2091059191900155e-06
4816.0,2.44448,0.46023570023985294,0.08882639588159723,63.07001604736748,99.1637552566983,2.2097370486519794e-06
4824.0,2.44472,0.4602533806620238,0.08883572389133494,63.06980741361373,99.16387045709598,2.2103685570731525e-06
4832.0,2.44496,0.4602710661377848,0.08884505509320202,63.06959870853697,99.1639857000469,2.2110004447056488e-06
4840.0,2.4452,0.4602887566701631,0.08885438948923606,63.069389932091816,99.16410098557938,2.21163271194884e-06
4848.0,2.4454399999999996,0.46030645226219613,0.08886372708148052,63.06918108423275,99.16421631372187,2.212265359155838e-06
4856.0,2.44568,0.46032415291693285,0.08887306787198541,63.068972164914086,99.16433168450281,2.212898386625787e-06
4864.0,2.4459199999999996,0.4603418586374054,0.0888824118627924,63.06876317409041,99.16444709795061,2.2135317947773336e-06
4872.0,2.44616,0.4603595694266729,0.08889175905595773,63.06855411171586,99.16456255409396,2.214165583881865e-06
4880.0,2.4463999999999997,0.46037728528777655,0.08890110945352876,63.06834497774487,99.1646780529613,2.214799754341067e-06
4888.0,2.44664,0.4603950062237678,0.08891046305755873,63.068135772131335,99.16479359458134,2.2154343065373485e-06
4896.0,2.4468799999999997,0.4604127322377103,0.08891981987010776,63.06792649482843,99.16490917898301,2.2160692408292203e-06
4904.0,2.44712,0.46043046333265014,0.08892917989322718,63.06771714579043,99.16502480619486,2.2167045576453512e-06
4912.0,2.4473599999999998,0.4604481995116618,0.08893854312898378,63.06750772497134,99.16514047624585,2.21734025725019e-06
4920.0,2.4476,0.4604659407778009,0.08894790957943485,63.06729823232508,99.16525618916467,2.2179763400662387e-06
4928.0,2.44784,0.46048368713413335,0.08895727924664364,63.067088667805436,99.16537194498015,2.2186128064635713e-06
4936.0,2.44808,0.4605014385837379,0.08896665213268057,63.06687903136601,99.16548774372126,2.219249656758293e-06
4944.0,2.44832,0.46051919512967493,0.08897602823960694,63.066669322960706,99.16560358541673,2.2198868913898674e-06
4952.0,2.4485599999999996,0.46053695677503353,0.08898540756949962,63.06645954254345,99.16571947009548,2.220524510613491e-06
4960.0,2.4488,0.4605547235228837,0.08899479012442586,63.06624969006807,99.16583539778634,2.2211625148401014e-06
4968.0,2.4490399999999997,0.46057249537630585,0.08900417590645894,63.06603976548826,99.16595136851821,2.221800904439001e-06
4976.0,2.44928,0.46059027233839267,0.08901356491767907,63.06582976875757,99.16606738232005,2.222439679717815e-06
4984.0,2.4495199999999997,0.4606080544122193,0.08902295716015766,63.0656196998298,99.16618343922075,2.223078841107525e-06
4992.0,2.44976,0.46062584160088865,0.08903235263598133,63.06540955865847,99.16629953924938,2.223718388882603e-06
5000.0,2.4499999999999997,0.46064363390748514,0.08904175134722729,63.06519934519728,99.16641568243492,2.2243583234493602e-06
5008.0,2.45024,0.4606614313351036,0.08905115329597887,63.06498905939973,99.16653186880639,2.2249986451794125e-06
5016.0,2.4504799999999998,0.460679233886851,0.08906055848432619,63.064778701219126,99.16664809839291,2.2256393543819265e-06
5024.0,2.45072,0.46069704156581665,0.08906996691435058,63.064568270609094,99.16676437122348,2.226280451493281e-06
5032.0,2.45096,0.46071485437511805,0.08907937858814871,63.064357767522985,99.16688068732734,2.226921936782552e-06
5040.0,2.4512,0.46073267231785386,0.08908879350780781,63.06414719191429,99.16699704673353,2.2275638106622166e-06
5048.0,2.45144,0.4607504953971333,0.08909821167542113,63.063936543736276,99.16711344947124,2.2282060735031215e-06
5056.0,2.4516799999999996,0.4607683236160779,0.08910763309308896,63.06372582294197,99.16722989556978,2.228848725627539e-06
5064.0,2.45192,0.46078615697779124,0.08911705776290257,63.0635150294848,99.16734638505824,2.2294917674695357e-06
5072.0,2.4521599999999997,0.4608039954854062,0.08912648568696914,63.06330416331679,99.1674629179663,2.2301351993714302e-06
5080.0,2.4524,0.4608218391420359,0.089135916867386,63.06309322439106,99.16757949432323,2.230779021763434e-06
5088.0,2.4526399999999997,0.4608396879508047,0.08914535130625685,63.06288221266061,99.16769611415843,2.231423235014851e-06
5096.0,2.45288,0.4608575419148495,0.08915478900569246,63.062671128078456,99.16781277750144,2.232067839428679e-06
5104.0,2.4531199999999997,0.46087540103728875,0.0891642299677944,63.06245997059751,99.16792948438163,2.2327128354628848e-06
5112.0,2.45336,0.46089326532127006,0.08917367419468014,63.06224874017063,99.1680462348285,2.233358223389628e-06
5120.0,2.4536,0.46091113476992174,0.08918312168845739,63.06203743675075,99.16816302887143,2.234004003629867e-06
5128.0,2.45384,0.4609290093863827,0.08919257245124,63.06182606029069,99.16827986653996,2.2346501765590744e-06
5136.0,2.45408,0.4609468891738044,0.08920202648514891,63.061614610743156,99.16839674786361,2.235296742487187e-06
5144.0,2.45432,0.46096477413532017,0.08921148379229601,63.06140308806104,99.16851367287184,2.235943701858293e-06
5152.0,2.45456,0.46098266427409174,0.08922094437480864,63.06119149219749,99.1686306415941,2.236591054918339e-06
5160.0,2.4547999999999996,0.46100055959326197,0.08923040823480467,63.06097982310537,99.16874765405993,2.237238802081345e-06
5168.0,2.45504,0.4610184600959842,0.08923987537440804,63.06076808073733,99.16886471029886,2.2378869437235537e-06
5176.0,2.4552799999999997,0.4610363657854241,0.08924934579574968,63.060556265045655,99.16898181034064,2.2385354801741764e-06
5184.0,2.45552,0.4610542766647296,0.08925881950095158,63.06034437598322,99.16909895421476,2.239184411868822e-06
5192.0,2.4557599999999997,0.46107219273707745,0.08926829649215157,63.0601324135018,99.16921614195122,2.239833739132847e-06
5200.0,2.456,0.46109011400562505,0.08927777677147763,63.05992037755394,99.16933337357969,2.2404834623887537e-06
5208.0,2.4562399999999998,0.461108040473541,0.08928726034106427,63.059708268091676,99.16945064913004,2.2411335820428523e-06
5216.0,2.45648,0.4611259721440068,0.08929674720305322,63.059496085066506,99.16956796863245,2.2417840984598203e-06
5224.0,2.45672,0.4611439090201852,0.08930623735957682,63.059283828430736,99.16968533211666,2.2424350120976246e-06
5232.0,2.45696,0.4611618511052693,0.08931573081278403,63.059071498136404,99.16980273961285,2.2430863232415312e-06
5240.0,2.4572,0.4611797984024319,0.08932522756481345,63.058859094135535,99.16992019115095,2.2437380323417974e-06
5248.0,2.45744,0.4611977509148567,0.08933472761781001,63.05864661638045,99.17003768676085,2.244390139758474e-06
5256.0,2.45768,0.4612157086457405,0.08934423097392609,63.05843406482382,99.17015522647239,2.2450426457637197e-06
5264.0,2.4579199999999997,0.46123367159826134,0.08935373763530459,63.05822143941774,99.17027281031552,2.2456955508193575e-06
5272.0,2.45816,0.46125163977562667,0.08936324760410451,63.058008740113536,99.17039043832037,2.2463488552484304e-06
5280.0,2.4583999999999997,0.46126961318102433,0.08937276088247496,63.057795966863345,99.17050811051685,2.2470025594780666e-06
5288.0,2.45864,0.46128759181765316,0.0893822774725714,63.0575831196191,99.17062582693507,2.2476566638860504e-06
5296.0,2.4588799999999997,0.46130557568872466,0.0893917973765564,63.05737019833258,99.1707435876053,2.248311168793883e-06
5304.0,2.45912,0.461323564797432,0.08940132059658344,63.05715720295572,99.17086139255751,2.24896607465799e-06
5312.0,2.4593599999999998,0.46134155914699776,0.08941084713482207,63.056944133440105,99.17097924182205,2.249621381774431e-06
5320.0,2.4596,0.46135955874062473,0.08942037699343172,63.05673098973757,99.17109713542902,2.2502770905741884e-06
5328.0,2.45984,0.461377563581527,0.08942991017457846,63.05651777179981,99.17121507340866,2.2509332014427555e-06
5336.0,2.4600799999999996,0.46139557367293116,0.08943944668043549,63.05630447957837,99.17133305579131,2.2515897147031775e-06
5344.0,2.46032,0.4614135890180454,0.08944898651316661,63.05609111302502,99.1714510826071,2.252246630809566e-06
5352.0,2.46056,0.46143160962010804,0.08945852967495224,63.05587767209055,99.17156915388667,2.2529039500949877e-06
5360.0,2.4608,0.4614496354823369,0.0894680761679624,63.05566415672653,99.17168726966027,2.253561673002761e-06
5368.0,2.4610399999999997,0.4614676666079615,0.08947762599437378,63.055450566884375,99.1718054299583,2.254219799915296e-06
5376.0,2.46128,0.4614857030002243,0.08948717915637046,63.0552369025154,99.17192363481132,2.25487833115795e-06
5384.0,2.4615199999999997,0.46150374466234867,0.08949673565612692,63.05502316357101,99.17204188424967,2.2555372672002547e-06
5392.0,2.46176,0.4615217915975887,0.08950629549583444,63.054809350001676,99.17216017830414,2.2561966083768184e-06
5400.0,2.4619999999999997,0.461539843809178,0.0895158586776739,63.05459546175862,99.17227851700521,2.256856355137899e-06
5408.0,2.46224,0.4615579013003616,0.08952542520383282,63.0543814987931,99.17239690038345,2.257516507866677e-06
5416.0,2.46248,0.46157596407439766,0.08953499507650607,63.054167461056416,99.17251532846953,2.2581770668669224e-06
5424.0,2.46272,0.4615940321345251,0.08954456829787896,63.05395334849968,99.17263380129397,2.25883803261819e-06
5432.0,2.46296,0.46161210548400394,0.08955414487014846,63.05373916107436,99.17275231888733,2.2594994054388965e-06
5440.0,2.4632,0.461630184126095,0.08956372479551242,63.05352489873174,99.17287088128015,2.2601611856775303e-06
5448.0,2.46344,0.4616482680640604,0.08957330807616991,63.053310561422705,99.17298948850298,2.2608233737180425e-06
5456.0,2.4636799999999996,0.46166635730116556,0.08958289471432233,63.053096149097485,99.17310814058666,2.2614859699837056e-06
5464.0,2.46392,0.46168445184192264,0.0895924847128323,63.05288166168909,99.17322683757284,2.2621489673544445e-06
5472.0,2.4641599999999997,0.46170255168912816,0.08960207807365378,63.05266709915667,99.17334557948676,2.262812368972806e-06
5480.0,2.4644,0.4617206568453982,0.08961167479864555,63.05245246145826,99.17346436635461,2.2634761793475297e-06
5488.0,2.4646399999999997,0.46173876731393393,0.08962127488997695,63.05223774854395,99.17358319820742,2.2641403994392664e-06
5496.0,2.46488,0.4617568830977292,0.08963087834970798,63.05202296036898,99.17370207507393,2.2648050313327692e-06
5504.0,2.4651199999999998,0.4617750042001274,0.08964048518008436,63.05180809688261,99.17382099698635,2.2654700750858613e-06
5512.0,2.46536,0.4617931306261209,0.08965009538422666,63.05159315800965,99.17393996399063,2.26613552089697e-06
5520.0,2.4656,0.4618112623781872,0.08965970896392277,63.05137814371272,99.17405897610995,2.2668013740188378e-06
5528.0,2.46584,0.46182939945526086,0.08966932591908224,63.05116305400773,99.17417803333466,2.2674676609017575e-06
5536.0,2.46608,0.46184754186923477,0.08967894625648624,63.05094788871404,99.17429713577839,2.268134330669759e-06
5544.0,2.4663199999999996,0.4618656896145735,0.08968856997367512,63.05073264791573,99.17441628338828,2.2688014364593493e-06
5552.0,2.46656,0.4618838426975646,0.0896981970744588,63.05051733151926,99.17453547622347,2.2694689607436544e-06
5560.0,2.4667999999999997,0.4619020011242086,0.0897078275624959,63.05030193943533,99.17465471434042,2.2701368877467122e-06
5568.0,2.46704,0.4619201648957809,0.08971746143893969,63.050086471645265,99.17477399775109,2.2708052299731817e-06
5576.0,2.4672799999999997,0.46193833401479867,0.08972709870560235,63.049870928114416,99.17489332647877,2.2714739923342573e-06
5584.0,2.46752,0.46195650848454567,0.08973673936470315,63.049655308793945,99.17501270055438,2.2721431753696306e-06
5592.0,2.4677599999999997,0.4619746883087409,0.08974638341869279,63.049439613627534,99.17513212001204,2.272812777100175e-06
5600.0,2.468,0.461992873491073,0.08975603087000641,63.049223842559364,99.17525158488566,2.273482795747992e-06
5608.0,2.4682399999999998,0.4620110640347712,0.08976568172083604,63.04900799554148,99.17537109520545,2.2741532322328696e-06
5616.0,2.46848,0.46202925994354843,0.08977533597363076,63.04879207251476,99.17549065100678,2.2748240848817646e-06
5624.0,2.46872,0.4620474612208099,0.08978499363067702,63.04857607342839,99.1756102523212,2.2754953536075548e-06
5632.0,2.46896,0.4620656678699015,0.0897946546942303,63.04835999823129,99.17572989918105,2.2761670387972757e-06
5640.0,2.4692,0.462083879894176,0.0898043191665503,63.0481438468723,99.17584959161864,2.2768391408017278e-06
5648.0,2.4694399999999996,0.4621020972970742,0.08981398704994392,63.047927619299124,99.17596932966639,2.2775116594559196e-06
5656.0,2.46968,0.4621203200817783,0.08982365834658138,63.047711315464845,99.17608911335446,2.2781845960574234e-06
5664.0,2.4699199999999997,0.46213854825170414,0.08983333305875744,63.04749493531739,99.17620894271538,2.2788579506393926e-06
5672.0,2.47016,0.46215678181016956,0.08984301118871531,63.04727847880698,99.17632881778015,2.279531723783923e-06
5680.0,2.4703999999999997,0.46217502076049344,0.08985269273869931,63.04706194588379,99.17644873857988,2.2802059160869882e-06
5688.0,2.47064,0.4621932651060208,0.08986237771096824,63.04684533649735,99.17656870514621,2.2808805280296853e-06
5696.0,2.4708799999999997,0.4622115148501321,0.08987206610780009,63.04662865059655,99.17668871751094,2.2815555599065317e-06
5704.0,2.47112,0.4622297699961591,0.08988175793144772,63.04641188813123,99.17680877570547,2.28223101230502e-06
5712.0,2.47136,0.46224803054748004,0.08989145318418902,63.04619504905077,99.1769288797617,2.2829068855435687e-06
5720.0,2.4716,0.4622662965074718,0.08990115186830185,63.04597813330455,99.17704902971158,2.2835831799668094e-06
5728.0,2.47184,0.462284567879491,0.08991085398605371,63.04576114084201,99.17716922558672,2.2842598960766557e-06
5736.0,2.47208,0.46230284466693583,0.08992055953973478,63.045544071611836,99.17728946741926,2.28493703415606e-06
5744.0,2.47232,0.46232112687316956,0.08993026853161726,63.04532692556347,99.1774097552409,2.2856145947023097e-06
5752.0,2.4725599999999996,0.4623394145015799,0.08993998096398678,63.04510970264579,99.1775300890836,2.2862925780985857e-06
5760.0,2.4728,0.462357707555554,0.08994969683912932,63.04489240280765,99.17765046897931,2.2869709847565966e-06
5768.0,2.4730399999999997,0.462376006038471,0.08995941615932704,63.04467502599812,99.1777708949599,2.2876498151427893e-06
5776.0,2.47328,0.4623943099537362,0.0899691389268766,63.0444575721653,99.17789136705775,2.2883290696318646e-06
5784.0,2.4735199999999997,0.4624126193047308,0.08997886514406238,63.04424004125822,99.17801188530473,2.2890087487280485e-06
5792.0,2.47376,0.46243093409485875,0.08998859481318133,63.04402243322595,99.17813244973294,2.2896888527829118e-06
5800.0,2.4739999999999998,0.4624492543275231,0.0899983279365306,63.04380474801754,99.17825306037447,2.2903693821819484e-06
5808.0,2.47424,0.46246758000611843,0.09000806451640328,63.0435869855817,99.17837371726144,2.2910503374155075e-06
5816.0,2.47448,0.4624859111340694,0.09001780455510895,63.04336914586595,99.17849442042628,2.291731718857517e-06
5824.0,2.47472,0.46250424771477266,0.09002754805494292,63.04315122881922,99.17861516990108,2.2924135270106628e-06
5832.0,2.47496,0.4625225897516497,0.0900372950182143,63.04293323439013,99.17873596571816,2.2930957622380796e-06
5840.0,2.4752,0.4625409372481211,0.09004704544723209,63.04271516252727,99.17885680790984,2.2937784249399097e-06
5848.0,2.47544,0.46255929020759834,0.09005679934430111,63.04249701317918,99.17897769650833,2.2944615155903117e-06
5856.0,2.4756799999999997,0.46257764863352224,0.09006655671174234,63.04227878629428,99.179098631546,2.295145034499223e-06
5864.0,2.47592,0.4625960125293069,0.09007631755186306,63.04206048182114,99.17921961305511,2.295828982168556e-06
5872.0,2.4761599999999997,0.4626143818983901,0.09008608186698373,63.04184209970762,99.17934064106818,2.2965133590023092e-06
5880.0,2.4764,0.46263275674420923,0.09009584965942503,63.04162363990162,99.17946171561769,2.297198165429152e-06
5888.0,2.4766399999999997,0.46265113707019256,0.09010562093150348,63.04140510235147,99.17958283673605,2.297883401928639e-06
5896.0,2.47688,0.46266952287979835,0.09011539568555202,63.04118648700476,99.1797040044561,2.298569068842318e-06
5904.0,2.4771199999999998,0.4626879141764573,0.09012517392388954,63.04096779380966,99.1798252188103,2.299255166685209e-06
5912.0,2.47736,0.46270631096362447,0.09013495564884831,63.040749022714486,99.1799464798312,2.2999416958150506e-06
5920.0,2.4776,0.46272471324475395,0.09014474086276081,63.04053017366751,99.18006778755141,2.3006286566165657e-06
5928.0,2.47784,0.462743121023291,0.09015452956795526,63.040311246616696,99.1801891420035,2.301316049580103e-06
5936.0,2.47808,0.4627615343027107,0.09016432176677633,63.040092241509164,99.1803105432203,2.3020038750626304e-06
5944.0,2.47832,0.4627799530864606,0.09017411746155453,63.03987315829306,99.18043199123439,2.302692133567603e-06
5952.0,2.47856,0.46279837737801244,0.09018391665463395,63.03965399691621,99.18055348607854,2.303380825471262e-06
5960.0,2.4787999999999997,0.46281680718083756,0.09019371934835885,63.03943475732643,99.18067502778551,2.304069951173752e-06
5968.0,2.47904,0.46283524249839786,0.09020352554506912,63.03921543947149,99.18079661638805,2.3047595111615657e-06
5976.0,2.4792799999999997,0.46285368333418553,0.09021333524712129,63.03899604329833,99.18091825191927,2.3054495057916703e-06
5984.0,2.47952,0.46287212969166497,0.09022314845685768,63.0387765687548,99.18103993441184,2.3061399355729186e-06
5992.0,2.4797599999999997,0.46289058157432533,0.09023296517663433,63.038557015788236,99.18116166389885,2.306830800893118e-06
6000.0,2.48,0.4629090389856549,0.09024278540880733,63.03833738434601,99.18128344041327,2.307522102170143e-06
6008.0,2.48024,0.4629275019291326,0.09025260915572847,63.03811767437564,99.181405263988,2.308213839894343e-06
6016.0,2.48048,0.46294597040826796,0.0902624364197662,63.03789788582458,99.18152713465612,2.3089060143679444e-06
6024.0,2.48072,0.4629644444265423,0.09027226720327469,63.03767801864027,99.1816490524506,2.3095986261129076e-06
6032.0,2.4809599999999996,0.4629829239874617,0.09028210150862177,63.03745807276985,99.18177101740451,2.310291675518581e-06
6040.0,2.4812,0.4630014090945316,0.09029193933817549,63.03723804816047,99.18189302955099,2.3109851630028397e-06
6048.0,2.4814399999999996,0.46301989975124797,0.09030178069429945,63.03701794475938,99.18201508892308,2.311679089056804e-06
6056.0,2.48168,0.4630383959611377,0.09031162557937426,63.036797762512634,99.18213719555436,2.3123734540636542e-06
6064.0,2.4819199999999997,0.4630568977276994,0.090321473995766,63.0365775013675,99.18225934947789,2.313068258542266e-06
6072.0,2.48216,0.4630754050544569,0.09033132594585476,63.03635716127083,99.18238155072707,2.3137635028835305e-06
6080.0,2.4823999999999997,0.463093917944933,0.09034118143202072,63.03613674216945,99.18250379933532,2.3144591875037812e-06
6088.0,2.48264,0.46311243640264127,0.09035104045663964,63.03591624401027,99.18262609533589,2.315155312909557e-06
6096.0,2.4828799999999998,0.46313096043112595,0.09036090302210416,63.03569566674036,99.18274843876219,2.315851879391521e-06
6104.0,2.48312,0.46314949003390293,0.09037076913079241,63.0354750103066,99.1828708296475,2.3165488874808836e-06
6112.0,2.48336,0.46316802521451317,0.0903806387850965,63.03525427465558,99.18299326802527,2.317246337570849e-06
6120.0,2.4836,0.46318656597649666,0.09039051198740848,63.0350334597339,99.18311575392894,2.3179442300846897e-06
6128.0,2.48384,0.4632051123233843,0.09040038874011623,63.0348125654883,99.1832382873919,2.318642565516609e-06
6136.0,2.48408,0.4632236642587379,0.09041026904562462,63.034591591864235,99.1833608684481,2.3193413442621245e-06
6144.0,2.48432,0.46324222178609076,0.09042015290632388,63.03437053880844,99.18348349713095,2.3200405668370263e-06
6152.0,2.4845599999999997,0.46326078490902567,0.09043004032463123,63.034149406266806,99.18360617347443,2.3207402335042224e-06
6160.0,2.4848,0.46327935363267103,0.09043993130378772,63.033928194166336,99.18372889752483,2.3214403351398373e-06
6168.0,2.4850399999999997,0.4632979279587723,0.09044982584523308,63.03370690247911,99.18385166929929,2.322140882964834e-06
6176.0,2.48528,0.46331650789083617,0.09045972395134567,63.03348553115147,99.18397448883147,2.3228418777956894e-06
6184.0,2.4855199999999997,0.46333509343351337,0.0904696256251139,63.03326408010781,99.18409735616744,2.3235433140697227e-06
6192.0,2.48576,0.4633536845896572,0.09047953086856922,63.03304254930622,99.18422027133354,2.3242451963596656e-06
6200.0,2.4859999999999998,0.4633722813660696,0.09048943968584762,63.03282093864687,99.18434323439266,2.3249475059289624e-06
6208.0,2.48624,0.463390883758885,0.09049935207540152,63.032599248186806,99.18446624530891,2.325650287059321e-06
6216.0,2.48648,0.463409491779503,0.090509268043818,63.03237747775366,99.18458930419196,2.3263534942470168e-06
6224.0,2.48672,0.4634281054263339,0.09051918759076313,63.03215562737149,99.18471241102651,2.327057158343144e-06
6232.0,2.48696,0.4634467247019654,0.09052911071812941,63.031933697001236,99.18483556583698,2.3277612856505302e-06
6240.0,2.4871999999999996,0.46346534961650876,0.09053903743181975,63.031711686490254,99.18495876871955,2.328465838314426e-06
6248.0,2.48744,0.46348398016453973,0.09054896772945766,63.031489595920426,99.18508201962263,2.329170869745039e-06
6256.0,2.4876799999999997,0.46350261635859014,0.09055890161823772,63.031267425103735,99.18520531866419,2.3298763278451548e-06
6264.0,2.48792,0.4635212581969122,0.09056883909774387,63.031045174066406,99.1853286658278,2.330582244475089e-06
6272.0,2.4881599999999997,0.4635399056820169,0.09057878016983045,63.030822842770306,99.18545206113725,2.3312886265135993e-06
6280.0,2.4884,0.4635585588242134,0.09058872484050984,63.030600431059675,99.18557550469004,2.331995435098254e-06
6288.0,2.4886399999999997,0.4635772176179712,0.0905986731073504,63.03037793901807,99.18569899643386,2.33270272430925e-06
6296.0,2.48888,0.4635958820730677,0.09060862497608227,63.030155366497546,99.18582253646143,2.333410458468336e-06
6304.0,2.4891199999999998,0.4636145521929339,0.09061858044905287,63.029932713446186,99.18594612480531,2.3341186391359934e-06
6312.0,2.48936,0.46363322797981865,0.09062853952797967,63.029709979830024,99.18606976148716,2.3348272748262443e-06
6320.0,2.4896,0.4636519094365313,0.09063850221487953,63.02948716560682,99.18619344653477,2.335536370757908e-06
6328.0,2.48984,0.4636705965666607,0.09064846851218551,63.02926427072226,99.18631717998221,2.3362459276302713e-06
6336.0,2.49008,0.4636892893745636,0.09065843842274081,63.0290412951121,99.18644096186932,2.336955941545217e-06
6344.0,2.4903199999999996,0.46370798786393647,0.09066841194903714,63.028818238721044,99.1865647922309,2.3376664125721345e-06
6352.0,2.49056,0.46372669203846856,0.09067838909356299,63.02859510149349,99.18668867110159,2.3383773408683052e-06
6360.0,2.4907999999999997,0.4637454019021889,0.09068836985898862,63.028371883368266,99.1868125985185,2.3390887246550596e-06
6368.0,2.49104,0.46376411745882645,0.09069835424782492,63.02814858428957,99.18693657451665,2.3398005638815123e-06
6376.0,2.4912799999999997,0.46378283871198306,0.09070834226251553,63.027925204201544,99.18706059913112,2.3405128593918955e-06
6384.0,2.49152,0.46380156566540537,0.09071833390558194,63.02770174304726,99.18718467239738,2.3412256111337816e-06
6392.0,2.4917599999999998,0.4638202983227967,0.09072832917952313,63.02747820077075,99.18730879435056,2.341938819304544e-06
6400.0,2.492,0.46383903668767623,0.09073832808674039,63.027254577319034,99.1874329650247,2.342652485187878e-06
6408.0,2.49224,0.46385778076377726,0.0907483306297499,63.027030872635365,99.1875571844552,2.343366608872447e-06
6416.0,2.49248,0.46387653055472017,0.09075833681100813,63.02680708666535,99.18768145267622,2.3440811910906903e-06
6424.0,2.49272,0.46389528606415403,0.09076834663298754,63.02658321935386,99.18780576972237,2.3447962324401237e-06
6432.0,2.49296,0.4639140472957462,0.09077836009817083,63.02635927064535,99.18793013562855,2.345511733448873e-06
6440.0,2.4932,0.46393281425319216,0.0907883772090564,63.02613524048369,99.18805455042971,2.3462276945116858e-06
6448.0,2.4934399999999997,0.4639515869401421,0.09079839796811902,63.02591112881373,99.1881790141605,2.346944116293153e-06
6456.0,2.49368,0.4639703653603115,0.0908084223778689,63.025686935579664,99.18830352685622,2.3476609990692886e-06
6464.0,2.4939199999999997,0.46398914951738285,0.09081845044079934,63.025462660725914,99.18842808855177,2.3483783433581964e-06
6472.0,2.49416,0.4640079394150439,0.09082848215940692,63.02523830419679,99.18855269928218,2.349096149658706e-06
6480.0,2.4943999999999997,0.4640267350570132,0.09083851753620531,63.02501386593621,99.18867735908267,2.3498144183193047e-06
6488.0,2.49464,0.46404553644697555,0.09084855657369084,63.024789345888564,99.18880206798822,2.3505331499051255e-06
6496.0,2.4948799999999998,0.4640643435886495,0.09085859927437832,63.024564743997416,99.18892682603416,2.3512523448286483e-06
6504.0,2.49512,0.4640831564857387,0.09086864564077538,63.02434006020676,99.18905163325564,2.35197200359487e-06
6512.0,2.49536,0.4641019751419517,0.09087869567539267,63.02411529446054,99.18917648968788,2.3526921267072454e-06
6520.0,2.4956,0.4641207995610165,0.09088874938075202,63.023890446702325,99.18930139536627,2.3534127145782537e-06
6528.0,2.49584,0.4641396297466382,0.09089880675936353,63.02366551687607,99.18942635032597,2.3541337677722584e-06
6536.0,2.4960799999999996,0.46415846570255415,0.09090886781375516,63.02344050492533,99.18955135460251,2.354855286686318e-06
6544.0,2.49632,0.4641773074324854,0.09091893254644678,63.02321541079384,99.18967640823124,2.355577271838537e-06
6552.0,2.4965599999999997,0.464196154940159,0.09092900095996204,63.02299023442518,99.18980151124752,2.3562997237339123e-06
6560.0,2.4968,0.4642150082293243,0.09093907305683718,63.022764975762506,99.18992666368707,2.357022642784923e-06
6568.0,2.4970399999999997,0.46423386730370425,0.09094914883959483,63.02253963474952,99.19005186558523,2.3577460295597866e-06
6576.0,2.49728,0.4642527321670561,0.09095922831077667,63.02231421132981,99.19017711697761,2.3584698844301208e-06
6584.0,2.4975199999999997,0.46427160282312036,0.09096931147291602,63.02208870544691,99.19030241789969,2.3591942079009212e-06
6592.0,2.49776,0.4642904792756429,0.09097939832854963,63.021863117044234,99.19042776838704,2.3599190004787286e-06
6600.0,2.4979999999999998,0.464309361528392,0.09098948888022691,63.02163744606486,99.19055316847536,2.3606442625559752e-06
6608.0,2.49824,0.4643282495851097,0.09099958313048384,63.02141169245232,99.19067861820017,2.3613699946993372e-06
6616.0,2.49848,0.46434714344957195,0.09100968108187502,63.021185856149465,99.19080411759734,2.362096197312813e-06
6624.0,2.49872,0.4643660431255383,0.09101978273694708,63.02095993709949,99.19092966670254,2.3628228709091093e-06
6632.0,2.49896,0.46438494861677365,0.09102988809825002,63.02073393524533,99.19105526555158,2.363550016007101e-06
6640.0,2.4992,0.46440385992706584,0.09103999716834676,63.02050785052903,99.19118091418065,2.3642776330524204e-06
6648.0,2.49944,0.4644227770601759,0.09105010994978645,63.020281682893724,99.19130661262544,2.3650057226202234e-06
6656.0,2.4996799999999997,0.4644417000198996,0.09106022644513753,63.02005543228232,99.1914323609221,2.3657342850859817e-06
6664.0,2.49992,0.46446062881001576,0.09107034665695991,63.01982909863766,99.19155815910655,2.3664633209739672e-06
6672.0,2.5001599999999997,0.4644795634343087,0.09108047058781708,63.01960268190259,99.19168400721475,2.3671928307837808e-06
6680.0,2.5004,0.4644985038965851,0.09109059824028513,63.019376182020096,99.19180990528265,2.367922814878557e-06
6688.0,2.5006399999999998,0.4645174502006254,0.09110072961692675,63.01914959893301,99.19193585334624,2.368653273841164e-06
6696.0,2.50088,0.4645364023502443,0.09111086472032351,63.01892293258324,99.19206185144172,2.3693842080964157e-06
6704.0,2.50112,0.4645553603492398,0.09112100355304875,63.018696182913295,99.19218789960519,2.370115618171668e-06
6712.0,2.50136,0.46457432420141526,0.09113114611767925,63.018469349865676,99.1923139978728,2.370847504578857e-06
6720.0,2.5016,0.46459329391059717,0.09114129241680481,63.01824243338238,99.19244014628104,2.37157986772892e-06
6728.0,2.5018399999999996,0.464612269480585,0.09115144245300137,63.01801543340591,99.19256634486604,2.372312708205494e-06
6736.0,2.50208,0.46463125091521323,0.09116159622886429,63.01778834987822,99.19269259366426,2.3730460264141198e-06
6744.0,2.5023199999999997,0.46465023821829926,0.09117175374698033,63.01756118274153,99.19281889271205,2.373779822883695e-06
6752.0,2.50256,0.4646692313936661,0.09118191500993998,63.01733393193794,99.1929452420458,2.3745140981323235e-06
6760.0,2.5027999999999997,0.46468823044515994,0.09119208002034666,63.01710659740912,99.19307164170209,2.3752488525724845e-06
6768.0,2.50304,0.4647072353765998,0.09120224878078997,63.016879179097245,99.19319809171729,2.375984086793983e-06
6776.0,2.5032799999999997,0.46472624619183966,0.0912124212938788,63.0166516769443,99.193324592128,2.3767198011823143e-06
6784.0,2.50352,0.4647452628947165,0.09122259756221358,63.01642409089228,99.19345114297069,2.3774559962625206e-06
6792.0,2.5037599999999998,0.4647642854890729,0.09123277758839837,63.01619642088309,99.19357774428191,2.378192672545767e-06
6800.0,2.504,0.46478331397877404,0.09124296137505,63.01596866685833,99.19370439609833,2.378929830436823e-06
6808.0,2.50424,0.46480234836765855,0.09125314892477164,63.01574082875999,99.19383109845643,2.379667470518555e-06
6816.0,2.50448,0.46482138865960015,0.09126334024018594,63.01551290652906,99.19395785139317,2.3804055932296556e-06
6824.0,2.50472,0.46484043485845516,0.09127353532390685,63.01528490010711,99.19408465494523,2.381144199101336e-06
6832.0,2.5049599999999996,0.4648594869680858,0.09128373417855215,63.01505680943578,99.19421150914938,2.3818832886532415e-06
6840.0,2.5052,0.46487854499237735,0.09129393680675252,63.01482863445655,99.19433841404258,2.382622862275493e-06
6848.0,2.5054399999999997,0.4648976089351878,0.09130414321112473,63.01460037511097,99.19446536966153,2.3833629205617502e-06
6856.0,2.50568,0.46491667880041065,0.09131435339430526,63.0143720313401,99.19459237604329,2.384103463928348e-06
6864.0,2.5059199999999997,0.46493575459192193,0.09132456735892172,63.01414360308529,99.1947194332247,2.384844492906497e-06
6872.0,2.50616,0.46495483631360357,0.09133478510760568,63.013915090287874,99.19484654124273,2.3855860080181555e-06
6880.0,2.5063999999999997,0.4649739239693603,0.09134500664300142,63.013686492889,99.19497370013441,2.3863280096549858e-06
6888.0,2.50664,0.46499301756307004,0.09135523196773958,63.013457810830005,99.19510090993667,2.3870704984145044e-06
6896.0,2.5068799999999998,0.46501211709864587,0.0913654610844703,63.01322904405159,99.1952281706867,2.3878134747176705e-06
6904.0,2.50712,0.4650312225799835,0.09137569399583505,63.01300019249484,99.1953554824216,2.3885569390980077e-06
6912.0,2.50736,0.46505033401098467,0.09138593070447906,63.01277125610059,99.1954828451785,2.389300892089811e-06
6920.0,2.5076,0.4650694513955745,0.09139617121306089,63.01254223480891,99.19561025899496,2.3900453341479634e-06
6928.0,2.50784,0.46508857473765053,0.0914064155242249,63.01231312856082,99.19573772390805,2.390790265868439e-06
6936.0,2.5080799999999996,0.4651077040411464,0.09141666364063543,63.01208393729702,99.19586523995525,2.3915356876506097e-06
6944.0,2.50832,0.4651268393099779,0.0914269155649479,63.01185466095823,99.1959928071739,2.3922816000364797e-06
6952.0,2.5085599999999997,0.4651459805480669,0.09143717129982164,63.01162529948501,99.19612042560132,2.393028003558031e-06
6960.0,2.5088,0.46516512775935864,0.09144743084792921,63.0113958528176,99.19624809527508,2.39377489864085e-06
6968.0,2.5090399999999997,0.4651842809477709,0.09145769421192905,63.01116632089668,99.1963758162325,2.394522285885535e-06
6976.0,2.50928,0.4652034401172572,0.09146796139449935,63.01093670366252,99.19650358851119,2.395270165703024e-06
6984.0,2.5095199999999998,0.46522260527175363,0.0914782323983097,63.010707001055586,99.19663141214862,2.396018538631466e-06
6992.0,2.50976,0.465241776415202,0.09148850722603341,63.01047721301611,99.19675928718236,2.3967674052174925e-06
7000.0,2.51,0.46526095355156794,0.0914987858803572,63.010247339483755,99.19688721365026,2.39751676589594e-06
7008.0,2.51024,0.4652801366847892,0.09150906836395342,63.01001738039894,99.1970151915898,2.3982666212735767e-06
7016.0,2.51048,0.46529932581883976,0.09151935467951464,63.009787335701674,99.19714322103884,2.3990169717613387e-06
7024.0,2.51072,0.46531852095767584,0.09152964482972441,63.009557205332065,99.19727130203509,2.3997678179035444e-06
7032.0,2.51096,0.4653377221052597,0.09153993881727028,63.00932698923004,99.19739943461632,2.4005191602421982e-06
7040.0,2.5111999999999997,0.4653569292655775,0.09155023664485326,63.00909668733492,99.19752761882056,2.401270999224473e-06
7048.0,2.51144,0.46537614244258707,0.09156053831515981,63.008866299586785,99.19765585468555,2.4020233354602215e-06
7056.0,2.5116799999999997,0.465395361640283,0.09157084383089677,63.00863582592554,99.19778414224928,2.4027761693465012e-06
7064.0,2.51192,0.46541458686264187,0.09158115319476194,63.008405266291035,99.19791248154965,2.403529501428402e-06
7072.0,2.5121599999999997,0.46543381811364604,0.09159146640945695,63.00817462062305,99.19804087262457,2.4042833322448434e-06
7080.0,2.5124,0.46545305539730175,0.09160178347769689,63.007943888861156,99.19816931551209,2.4050376622052216e-06
7088.0,2.5126399999999998,0.46547229871758733,0.09161210440218247,63.007713070945215,99.19829781025011,2.405792491916303e-06
7096.0,2.51288,0.4654915480785175,0.09162242918563467,63.007482166814036,99.19842635687692,2.4065478218375977e-06
7104.0,2.51312,0.46551080348408924,0.09163275783076556,63.00725117640705,99.19855495543061,2.4073036525211323e-06
7112.0,2.51336,0.4655300649383054,0.09164309034029108,63.00702009966362,99.19868360594934,2.408059984516622e-06
7120.0,2.5136,0.46554933244519325,0.09165342671694089,63.00678893652256,99.19881230847169,2.4088168182704686e-06
7128.0,2.51384,0.4655686060087515,0.09166376696343004,63.006557686923266,99.19894106303573,2.409574154401776e-06
7136.0,2.51408,0.465587885633016,0.0916741110824941,63.0063263508047,99.19906986968,2.4103319933330457e-06
7144.0,2.5143199999999997,0.4656071713220044,0.09168445907685963,63.006094928105995,99.19919872844281,2.4110903356255566e-06
7152.0,2.51456,0.4656264630797404,0.09169481094925705,63.00586341876612,99.19932763936255,2.4118491818351918e-06
7160.0,2.5147999999999997,0.4656457609102723,0.09170516670243067,63.0056318227236,99.19945660247787,2.4126085324006432e-06
7168.0,2.51504,0.46566506481761943,0.09171552633910991,63.00540013991753,99.19958561782707,2.4133683879525794e-06
7176.0,2.5152799999999997,0.4656843748058386,0.09172588986204504,63.0051683702867,99.19971468544882,2.4141287489011664e-06
7184.0,2.51552,0.4657036908789682,0.09173625727397704,63.00493651376996,99.1998438053816,2.414889615809225e-06
7192.0,2.5157599999999998,0.46572301304105274,0.0917466285776509,63.004704570306075,99.199972977664,2.41565098922647e-06
7200.0,2.516,0.4657423412961611,0.09175700377582534,63.00447253983339,99.2001022023348,2.4164128695923647e-06
7208.0,2.51624,0.46576167564833354,0.09176738287124438,63.00424042229076,99.20023147943252,2.4171752575267836e-06
7216.0,2.51648,0.4657810161016477,0.09177776586667283,63.00400821761625,99.20036080899611,2.417938153479984e-06
7224.0,2.51672,0.46580036266016284,0.0917881527648663,63.00377592574832,99.20049019106429,2.418701558020184e-06
7232.0,2.5169599999999996,0.46581971532794453,0.09179854356858443,63.003543546625345,99.20061962567588,2.419465471703266e-06
7240.0,2.5172,0.46583907410908293,0.09180893828060076,63.0033110801852,99.20074911286997,2.4202298949848845e-06
7248.0,2.5174399999999997,0.4658584390076392,0.09181933690367394,63.003078526366316,99.2008786526853,2.4209948284949367e-06
7256.0,2.51768,0.4658778100277123,0.09182973944058366,63.00284588510661,99.20100824516106,2.4217602726705724e-06
7264.0,2.5179199999999997,0.4658971871733828,0.09184014589410032,63.00261315634419,99.20113789033618,2.4225262280854076e-06
7272.0,2.51816,0.4659165704487373,0.0918505562669983,63.00238034001712,99.20126758824972,2.423292695301492e-06
7280.0,2.5183999999999997,0.4659359598578874,0.09186097056206606,63.00214743606311,99.20139733894082,2.4240596747582896e-06
7288.0,2.51864,0.4659553554049153,0.091871388782077,63.00191444442028,99.20152714244851,2.4248271670949486e-06
7296.0,2.51888,0.4659747570939413,0.09188181092982563,63.001681365026194,99.20165699881214,2.4255951727501624e-06
7304.0,2.51912,0.4659941649290672,0.09189223700809719,63.00144819781868,99.20178690807084,2.4263636922998587e-06
7312.0,2.51936,0.46601357891440076,0.09190266701968089,63.001214942735565,99.20191687026382,2.427132726303004e-06
7320.0,2.5195999999999996,0.4660329990540747,0.09191310096737998,63.00098159971445,99.20204688543046,2.4279022751882674e-06
7328.0,2.51984,0.46605242535219255,0.09192353885398273,63.00074816869315,99.20217695360992,2.4286723395963407e-06
7336.0,2.52008,0.46607185781289584,0.09193398068229852,63.00051464960865,99.2023070748418,2.4294429199890456e-06
7344.0,2.52032,0.46609129644030767,0.0919444264551275,63.000281042398406,99.20243724916546,2.43021401695002e-06
7352.0,2.5205599999999997,0.46611074123855717,0.09195487617527379,63.000047346999786,99.20256747662035,2.4309856310497956e-06
7360.0,2.5208,0.46613019221179897,0.09196532984555587,62.99981356334956,99.20269775724628,2.4317577627540487e-06
7368.0,2.5210399999999997,0.46614964936415787,0.09197578746877691,62.99957969138516,99.20282809108265,2.4325304127104097e-06
7376.0,2.52128,0.4661691126997972,0.09198624904776148,62.9993457310439,99.20295847816915,2.433303581339067e-06
7384.0,2.5215199999999998,0.4661885822228616,0.09199671458532478,62.99911168226305,99.20308891854536,2.4340772692128655e-06
7392.0,2.52176,0.46620805793750164,0.09200718408428595,62.998877544979614,99.20321941225092,2.4348514769131294e-06
7400.0,2.522,0.4662275398478936,0.09201765754747855,62.998643319130046,99.2033499593257,2.4356262049063073e-06
7408.0,2.52224,0.4662470279581838,0.09202813497772082,62.99840900465158,99.20348055980934,2.436401453834632e-06
7416.0,2.52248,0.4662665222725574,0.09203861637785256,62.99817460148054,99.20361121374187,2.4371772241653223e-06
7424.0,2.5227199999999996,0.46628602279518067,0.09204910175070412,62.99794010955371,99.20374192116309,2.4379535164912682e-06
7432.0,2.52296,0.46630552953022614,0.09205959109910988,62.997705528807664,99.20387268211293,2.4387303313961082e-06
7440.0,2.5231999999999997,0.4663250424818923,0.09207008442591896,62.997470859178414,99.20400349663174,2.4395076693563123e-06
7448.0,2.52344,0.46634456165434734,0.09208058173396474,62.99723610060267,99.20413436475935,2.440285531031847e-06
7456.0,2.5236799999999997,0.4663640870517985,0.0920910830261025,62.99700125301718,99.20426528653584,2.4410639168398164e-06
7464.0,2.52392,0.46638361867843386,0.0921015883051778,62.99676631635854,99.20439626200124,2.441842827363088e-06
7472.0,2.5241599999999997,0.46640315653844794,0.09211209757404035,62.996531290563134,99.20452729119563,2.442622263180674e-06
7480.0,2.5244,0.46642270063606067,0.09212261083555436,62.99629617556701,99.20465837415925,2.443402224752083e-06
7488.0,2.5246399999999998,0.46644225097546205,0.0921331280925685,62.99606097130673,99.20478951093216,2.4441827127218616e-06
7496.0,2.52488,0.46646180756088124,0.09214364934795334,62.99582567771789,99.2049207015548,2.444963727575732e-06
7504.0,2.52512,0.4664813703965282,0.09215417460456975,62.99559029473659,99.20505194606744,2.4457452699035e-06
7512.0,2.52536,0.46650093948661925,0.09216470386528276,62.995354822298914,99.2051832445104,2.446527340294972e-06
7520.0,2.5256,0.46652051483539675,0.09217523713297214,62.995119260340594,99.20531459692427,2.447309939205031e-06
7528.0,2.5258399999999996,0.46654009644707256,0.09218577441050192,62.9948836087977,99.20544600334932,2.4480930672974977e-06
7536.0,2.52608,0.4665596843258982,0.09219631570075826,62.99464786760555,99.20557746382626,2.448876725048843e-06
7544.0,2.5263199999999997,0.466579278476106,0.09220686100661757,62.9944120366999,99.20570897839556,2.4496609130635216e-06
7552.0,2.52656,0.4665988789019343,0.0922174103309604,62.99417611601641,99.20584054709782,2.4504456319297973e-06
7560.0,2.5267999999999997,0.4666184856076482,0.09222796367668226,62.993940105490395,99.20597216997386,2.451230882112576e-06
7568.0,2.52704,0.4666380985974817,0.09223852104666272,62.993704005057566,99.20610384706421,2.45201666428416e-06
7576.0,2.5272799999999997,0.46665771787570887,0.09224908244380364,62.99346781465301,99.20623557840977,2.452802978913309e-06
7584.0,2.52752,0.46667734344658435,0.09225964787099708,62.993231534212136,99.20636736405125,2.45358982660525e-06
7592.0,2.52776,0.46669697531436904,0.09227021733113923,62.99299516367027,99.20649920402943,2.4543772079559565e-06
7600.0,2.528,0.4667166134833505,0.09228079082714136,62.992758702962405,99.2066310983853,2.455165123428792e-06
7608.0,2.52824,0.466736257957785,0.09229136836189863,62.99252215202391,99.20676304715961,2.455953573700684e-06
7616.0,2.52848,0.46675590874196904,0.09230194993832855,62.992285510790005,99.20689505039338,2.4567425592118675e-06
7624.0,2.52872,0.4667755658401795,0.0923125355593388,62.99204877919593,99.2070271081275,2.457532080558316e-06
7632.0,2.5289599999999997,0.4667952292566997,0.09232312522784125,62.99181195717671,99.20715922040293,2.4583221383390875e-06
7640.0,2.5292,0.4668148989958392,0.0923337189467627,62.99157504466686,99.20729138726088,2.4591127330375916e-06
7648.0,2.5294399999999997,0.4668345750618768,0.09234431671901394,62.99133804160158,99.20742360874226,2.459903865313794e-06
7656.0,2.52968,0.46685425745913167,0.09235491854752843,62.991100947914994,99.20755588488852,2.4606955356703787e-06
7664.0,2.5299199999999997,0.46687394619190314,0.09236552443522954,62.990863763541796,99.20768821574083,2.461487744724137e-06
7672.0,2.53016,0.4668936412644973,0.09237613438504505,62.990626488416524,99.20782060134044,2.4622804930802945e-06
7680.0,2.5303999999999998,0.4669133426812472,0.09238674839991805,62.99038912247313,99.20795304172896,2.4630737812384515e-06
7688.0,2.53064,0.46693305044645406,0.09239736648277515,62.99015166564626,99.20808553694756,2.463867609884016e-06
7696.0,2.53088,0.46695276456446033,0.09240798863656587,62.9899141178704,99.20821808703782,2.4646619794633907e-06
7704.0,2.53112,0.4669724850395884,0.09241861486422975,62.98967647907999,99.20835069204115,2.465456890591824e-06
7712.0,2.53136,0.466992211876167,0.09242924516871047,62.989438749209334,99.20848335199898,2.466252343871458e-06
7720.0,2.5316,0.4670119450785519,0.09243987955296692,62.98920092819239,99.20861606695289,2.4670483397803053e-06
7728.0,2.53184,0.46703168465106737,0.09245051801994188,62.98896301596359,99.20874883694432,2.467844878997606e-06
7736.0,2.5320799999999997,0.4670514305980786,0.09246116057260079,62.988725012456456,99.20888166201507,2.4686419620214193e-06
7744.0,2.53232,0.46707118292393063,0.09247180721389912,62.988486917605,99.20901454220679,2.469439589471619e-06
7752.0,2.5325599999999997,0.46709094163297543,0.09248245794679671,62.98824873134313,99.20914747756112,2.4702377619611407e-06
7760.0,2.5328,0.467110706729592,0.09249311277426873,62.98801045360417,99.2092804681202,2.4710364799895856e-06
7768.0,2.5330399999999997,0.4671304782181275,0.09250377169927393,62.9877720843221,99.20941351392563,2.4718357442439034e-06
7776.0,2.53328,0.4671502561029707,0.09251443472479425,62.98753362343022,99.20954661501953,2.472635555217527e-06
7784.0,2.5335199999999998,0.46717004038848997,0.0925251018538014,62.98729507086211,99.20967977144377,2.4734359135380405e-06
7792.0,2.53376,0.4671898310790604,0.0925357730892714,62.987056426551355,99.20981298324031,2.474236819820693e-06
7800.0,2.534,0.46720962817908457,0.09254644843419582,62.986817690431295,99.20994625045128,2.4750382745350154e-06
7808.0,2.53424,0.4672294316929328,0.09255712789154971,62.986578862435515,99.2100795731186,2.475840278382608e-06
7816.0,2.53448,0.4672492416250169,0.09256781146433113,62.98633994249711,99.21021295128448,2.4766428318468794e-06
7824.0,2.53472,0.46726905797972873,0.09257849915552814,62.986100930549455,99.21034638499097,2.47744593555156e-06
7832.0,2.53496,0.4672888807614665,0.09258919096813303,62.98586182652576,99.21047987428024,2.4782495901149817e-06
7840.0,2.5351999999999997,0.467308709974656,0.09259988690515368,62.985622630358755,99.2106134191947,2.4790537960313485e-06
7848.0,2.53544,0.46732854562369075,0.09261058696958128,62.985383341981766,99.21074701977643,2.479858553999175e-06
7856.0,2.5356799999999997,0.46734838771300624,0.0926212911644305,62.985143961327466,99.210880676068,2.4806638645088106e-06
7864.0,2.53592,0.46736823624701745,0.09263199949270565,62.984904488328816,99.2110143881117,2.4814697281924647e-06
7872.0,2.5361599999999997,0.46738809123014613,0.09264271195741543,62.984664922918626,99.21114815594996,2.4822761456769514e-06
7880.0,2.5364,0.46740795266684193,0.09265342856158439,62.98442526502907,99.21128197962551,2.4830831174726643e-06
7888.0,2.53664,0.4674278205615217,0.09266414930822012,62.98418551459308,99.21141585918068,2.483890644287371e-06
7896.0,2.53688,0.467447694918645,0.092674874200354,62.983945671542784,99.2115497946583,2.48469872661913e-06
7904.0,2.53712,0.4674675757426506,0.09268560324100697,62.98370573581066,99.21168378610096,2.4855073651171134e-06
7912.0,2.53736,0.4674874630379839,0.09269633643320434,62.98346570732922,99.21181783355134,2.486316560406592e-06
7920.0,2.5376,0.4675073568091184,0.09270707377998728,62.983225586030876,99.21195193705225,2.4871263129578694e-06
7928.0,2.5378399999999997,0.46752725706049486,0.0927178152843801,62.98298537184809,99.21208609664635,2.4879366234856513e-06
7936.0,2.53808,0.46754716379659644,0.09272856094943072,62.982745064712624,99.21222031237657,2.4887474925041865e-06
7944.0,2.5383199999999997,0.46756707702188566,0.09273931077817675,62.98250466455668,99.21235458428569,2.48955892064877e-06
7952.0,2.53856,0.46758699674083176,0.09275006477366013,62.982264171312316,99.21248891241663,2.4903709085608635e-06
7960.0,2.5387999999999997,0.46760692295793244,0.09276082293893893,62.98202358491094,99.21262329681267,2.491183456757029e-06
7968.0,2.53904,0.4676268556776521,0.09277158527705409,62.98178290528472,99.21275773751658,2.491996565955057e-06
7976.0,2.5392799999999998,0.46764679490449823,0.0927823517910705,62.98154213236538,99.21289223457167,2.4928102366398986e-06
7984.0,2.53952,0.4676667406429572,0.09279312248404241,62.98130126608477,99.21302678802094,2.4936244694607265e-06
7992.0,2.53976,0.4676866928975225,0.09280389735902878,62.98106030637456,99.21316139790757,2.494439265053605e-06
8000.0,2.54,0.46770665167271586,0.09281467641910447,62.98081925316589,99.21329606427491,2.495254623938181e-06
8008.0,2.54024,0.4677266169730257,0.09282545966732725,62.98057810639059,99.21343078716609,2.4960705468322444e-06
8016.0,2.5404799999999996,0.4677465888029839,0.09283624710677903,62.980336865979595,99.21356556662464,2.4968870342538993e-06
8024.0,2.54072,0.46776656716710113,0.09284703874053109,62.9800955318643,99.2137004026939,2.497704086860798e-06
8032.0,2.5409599999999997,0.467786552069895,0.09285783457165923,62.979854103976045,99.21383529541724,2.4985217052944034e-06
8040.0,2.5412,0.4678065435159118,0.09286863460325552,62.97961258224587,99.21397024483832,2.4993398900504607e-06
8048.0,2.5414399999999997,0.46782654150966413,0.09287943883839461,62.97937096660514,99.21410525100048,2.500158641861409e-06
8056.0,2.54168,0.4678465460557083,0.09289024728017554,62.979129256984685,99.21424031394741,2.50097796122839e-06
8064.0,2.5419199999999997,0.4678665571585791,0.09290105993168649,62.978887453315615,99.21437543372265,2.50179784881137e-06
8072.0,2.54216,0.46788657482281854,0.09291187679602035,62.97864555552898,99.21451061036977,2.502618305247185e-06
8080.0,2.5423999999999998,0.4679065990529969,0.09292269787628606,62.978403563555524,99.21464584393262,2.503439331036207e-06
8088.0,2.54264,0.46792662985365135,0.0929335231755754,62.97816147732634,99.21478113445471,2.504260926902393e-06
8096.0,2.54288,0.4679466672293624,0.09294435269700448,62.977919296771574,99.21491648198007,2.5050830933815806e-06
8104.0,2.54312,0.46796671118468924,0.09295518644367855,62.977677021821926,99.2150518865525,2.5059058311329644e-06
8112.0,2.54336,0.46798676172419834,0.09296602441870763,62.97743465240793,99.21518734821585,2.5067291408118844e-06
8120.0,2.5435999999999996,0.4680068188524851,0.09297686662521817,62.977192188459526,99.2153228670144,2.5075530229480094e-06
8128.0,2.54384,0.46802688257411074,0.09298771306631892,62.976949629907345,99.21545844299193,2.508377478283801e-06
8136.0,2.5440799999999997,0.46804695289368115,0.09299856374514363,62.976706976681484,99.2155940761927,2.5092025073257993e-06
8144.0,2.54432,0.4680670298157802,0.0930094186648148,62.97646422871225,99.21572976666076,2.5100281107409076e-06
8152.0,2.5445599999999997,0.4680871133449991,0.0930202778284598,62.976221385929776,99.21586551444025,2.510854289190635e-06
8160.0,2.5448,0.46810720348595825,0.0930311412392226,62.97597844826368,99.21600131957557,2.511681043203879e-06
8168.0,2.5450399999999997,0.4681273002432438,0.09304200890022932,62.97573541564424,99.21613718211081,2.512508373521559e-06
8176.0,2.54528,0.4681474036214865,0.0930528808146311,62.97549228800092,99.21627310209054,2.5133362806748862e-06
8184.0,2.54552,0.46816751362529535,0.09306375698556811,62.97524906526358,99.21640907955904,2.5141647653369336e-06
8192.0,2.54576,0.4681876302592864,0.09307463741618507,62.97500574736215,99.21654511456066,2.5149938281607276e-06
8200.0,2.546,0.4682077535281049,0.09308552210964335,62.97476233422647,99.21668120713994,2.515823469639701e-06
8208.0,2.54624,0.468227883436362,0.09309641106908662,62.9745188257864,99.2168173573412,2.5166536905193992e-06
8216.0,2.54648,0.4682480199887133,0.09310730429768344,62.97427522197098,99.21695356520918,2.517484491341827e-06
8224.0,2.5467199999999997,0.4682681631897924,0.09311820179859126,62.9740315227098,99.2170898307884,2.5183158727746604e-06
8232.0,2.54696,0.4682883130442406,0.09312910357497252,62.9737877279322,99.21722615412348,2.519147835494827e-06
8240.0,2.5471999999999997,0.4683084695567286,0.09314000963000629,62.9735438375667,99.21736253525948,2.519980380058209e-06
8248.0,2.54744,0.46832863273189235,0.09315091996685373,62.97329985154282,99.21749897424095,2.520813507218833e-06
8256.0,2.5476799999999997,0.4683488025744133,0.09316183458870143,62.97305576978926,99.21763547111303,2.521647217509452e-06
8264.0,2.54792,0.4683689790889507,0.0931727534987247,62.97281159223505,99.21777202592052,2.5224815116185585e-06
8272.0,2.5481599999999998,0.468389162280171,0.09318367670010363,62.97256731880918,99.21790863870837,2.523316390220767e-06
8280.0,2.5484,0.46840935215277074,0.09319460419603535,62.97232294944043,99.2180453095217,2.5241518538287845e-06
8288.0,2.54864,0.4684295487114112,0.09320553598969873,62.97207848405782,99.2181820384054,2.524987903208974e-06
8296.0,2.54888,0.46844975196079935,0.09321647208429822,62.9718339225897,99.2183188254047,2.5258245388948584e-06
8304.0,2.54912,0.4684699619056198,0.09322741248302693,62.97158926496484,99.21845567056467,2.5266617615726175e-06
8312.0,2.54936,0.4684901785505645,0.09323835718908283,62.971344511111845,99.21859257393041,2.5274995719153247e-06
8320.0,2.5496,0.46851040190035553,0.09324930620568087,62.97109966095886,99.21872953554738,2.528337970462671e-06
8328.0,2.5498399999999997,0.46853063195967953,0.09326025953601781,62.970854714434594,99.21886655546066,2.529176957978706e-06
8336.0,2.55008,0.468550868733269,0.09327121718331594,62.970609671467294,99.21900363371574,2.5300165349815337e-06
8344.0,2.5503199999999997,0.46857111222583403,0.09328217915078629,62.97036453198539,99.21914077035791,2.5308567021581043e-06
8352.0,2.55056,0.4685913624420922,0.09329314544164471,62.970119295916994,99.2192779654326,2.5316974601961397e-06
8360.0,2.5507999999999997,0.4686116193867913,0.09330411605912431,62.96987396318938,99.21941521898556,2.5325388096700263e-06
8368.0,2.55104,0.4686318830646436,0.09331509100643971,62.96962853373091,99.2195525310621,2.533380751345355e-06
8376.0,2.5512799999999998,0.46865215348040784,0.09332607028683157,62.969383007469176,99.21968990170816,2.5342232857633595e-06
8384.0,2.55152,0.46867243063882,0.09333705390352905,62.969137384332036,99.21982733096935,2.535066413623326e-06
8392.0,2.55176,0.46869271454462347,0.09334804185976607,62.9688916642474,99.21996481889128,2.535910135606038e-06
8400.0,2.5519999999999996,0.46871300520259196,0.09335903415879392,62.96864584714315,99.22010236551984,2.5367544522211175e-06
8408.0,2.55224,0.4687333026174637,0.09337003080384543,62.96839993294715,99.22023997090062,2.5375993642441796e-06
8416.0,2.55248,0.4687536067940233,0.09338103179817935,62.96815392158622,99.2203776350797,2.538444872245755e-06
8424.0,2.55272,0.4687739177370324,0.09339203714504295,62.967907812987875,99.22051535810287,2.539290976932069e-06
8432.0,2.5529599999999997,0.46879423545126064,0.09340304684768849,62.967661607079414,99.22065314001611,2.540137678998553e-06
8440.0,2.5532,0.4688145599415084,0.09341406090938584,62.96741530378731,99.22079098086584,2.540984979028845e-06
8448.0,2.5534399999999997,0.4688348912125397,0.09342507933338598,62.96716890303902,99.22092888069793,2.541832877801643e-06
8456.0,2.55368,0.46885522926916584,0.09343610212296631,62.966922404761576,99.22106683955873,2.5426813758504716e-06
8464.0,2.5539199999999997,0.46887557411617503,0.09344712928139261,62.966675808882094,99.22120485749441,2.543530473880784e-06
8472.0,2.55416,0.46889592575836303,0.09345816081193555,62.9664291153277,99.22134293455113,2.5443801725772184e-06
8480.0,2.5544,0.46891628420055603,0.0934691967178831,62.96618232402551,99.22148107077514,2.5452304724578787e-06
8488.0,2.55464,0.4689366494475446,0.09348023700250485,62.96593543490264,99.22161926621261,2.5460813743006917e-06
8496.0,2.55488,0.4689570215041658,0.09349128166909637,62.96568844788516,99.22175752091012,2.546932878686983e-06
8504.0,2.55512,0.46897740037523394,0.09350233072094173,62.965441362899824,99.22189583491397,2.5477849863245194e-06
8512.0,2.55536,0.4689977860655712,0.09351338416133015,62.96519417987311,99.22203420827066,2.5486376979233814e-06
8520.0,2.5556,0.4690181785800307,0.09352444199356848,62.964946898730474,99.22217264102717,2.5494910140841685e-06
8528.0,2.55584,0.46903857792342907,0.09353550422094456,62.96469951939859,99.22231113322991,2.5503449356025407e-06
8536.0,2.5560799999999997,0.46905898410063107,0.09354657084677323,62.96445204180344,99.22244968492586,2.5511994630312963e-06
8544.0,2.55632,0.4690793971164777,0.09355764187435729,62.964204465871184,99.22258829616177,2.5520545970936226e-06
8552.0,2.5565599999999997,0.4690998169758178,0.09356871730700464,62.963956791528034,99.2227269669844,2.552910338494203e-06
8560.0,2.5568,0.4691202436835317,0.09357979714804107,62.96370901870015,99.2228656974406,2.5537666877627053e-06
8568.0,2.5570399999999998,0.4691406772444627,0.09359088140077317,62.9634611473137,99.22300448757714,2.5546236456986457e-06
8576.0,2.55728,0.4691611176635019,0.09360197006853437,62.96321317729418,99.22314333744106,2.5554812128725544e-06
8584.0,2.55752,0.4691815649455171,0.0936130631546462,62.96296510856751,99.22328224707924,2.556339389997596e-06
8592.0,2.55776,0.469202019095384,0.0936241606624354,62.96271694105938,99.2234212165387,2.5571981777923315e-06
8600.0,2.558,0.4692224801180096,0.09363526259524652,62.96246867469461,99.22356024586688,2.5580575768550475e-06
8608.0,2.5582399999999996,0.4692429480182641,0.09364636895640502,62.962220309399086,99.22369933511071,2.5589175879844883e-06
8616.0,2.55848,0.46926342280106603,0.09365747974926346,62.961971845098006,99.22383848431765,2.5597782117411618e-06
8624.0,2.55872,0.4692839044713102,0.09366859497716233,62.96172328171681,99.22397769353498,2.560639448853652e-06
8632.0,2.55896,0.4693043930338991,0.0936797146434472,62.96147461918082,99.22411696280993,2.561501300035123e-06
8640.0,2.5591999999999997,0.46932488849376724,0.09369083875148186,62.96122585741506,99.22425629219009,2.5623637658483966e-06
8648.0,2.55944,0.4693453908558118,0.09370196730461071,62.960976996344925,99.22439568172271,2.563226847102239e-06
8656.0,2.5596799999999997,0.46936590012497853,0.09371310030620537,62.96072803589478,99.22453513145551,2.564090544386456e-06
8664.0,2.55992,0.46938641630618944,0.09372423775962545,62.960478975989595,99.22467464143594,2.5649548584419678e-06
8672.0,2.5601599999999998,0.46940693940437433,0.09373537966823564,62.96022981655424,99.22481421171159,2.5658197899911897e-06
8680.0,2.5604,0.46942746942449537,0.09374652603541908,62.95998055751312,99.22495384233041,2.5666853396092795e-06
8688.0,2.56064,0.46944800637147677,0.09375767686453917,62.95973119879116,99.2250935333399,2.5675515081134847e-06
8696.0,2.56088,0.46946855025029216,0.09376883215898706,62.95948174031246,99.2252332847881,2.568418296091298e-06
8704.0,2.56112,0.469489101065891,0.09377999192214152,62.95923218200157,99.22537309672282,2.569285704281326e-06
8712.0,2.5613599999999996,0.4695096588232305,0.09379115615738655,62.95898252378311,99.22551296919184,2.57015373340213e-06
8720.0,2.5616,0.46953022352730006,0.09380232486812443,62.95873276558181,99.22565290224314,2.571022383983379e-06
8728.0,2.5618399999999997,0.4695507951830515,0.09381349805773789,62.95848290732217,99.22579289592451,2.571891656846175e-06
8736.0,2.56208,0.4695713737954854,0.09382467572963706,62.95823294892786,99.22593295028415,2.5727615525841796e-06
8744.0,2.5623199999999997,0.4695919593695785,0.09383585788722,62.957982890323095,99.22607306537002,2.573632071942167e-06
8752.0,2.56256,0.46961255191031565,0.09384704453389,62.957732731431804,99.22621324123027,2.5745032156595147e-06
8760.0,2.5627999999999997,0.4696331514227144,0.09385823567306908,62.957482472176686,99.22635347791359,2.575374984379227e-06
8768.0,2.56304,0.4696537579117538,0.09386943130815914,62.95723211248191,99.22649377546799,2.5762473789262616e-06
8776.0,2.56328,0.4696743713824634,0.09388063144259048,62.95698165227084,99.22663413394221,2.57712039988734e-06
8784.0,2.56352,0.46969499183984803,0.0938918360797808,62.95673109146707,99.22677455338469,2.577994048016489e-06
8792.0,2.56376,0.46971561928892047,0.093903045223153,62.956480429994215,99.2269150338438,2.5788683240530864e-06
8800.0,2.564,0.46973625373472666,0.09391425887614892,62.956229667775936,99.22705557536815,2.579743228542992e-06
8808.0,2.56424,0.46975689518227365,0.09392547704219012,62.9559788047358,99.22719617800617,2.580618762331979e-06
8816.0,2.5644799999999996,0.4697775436366188,0.09393669972472643,62.95572784079653,99.2273368418066,2.581494926019106e-06
8824.0,2.56472,0.4697981991027948,0.09394792692719516,62.9554767758814,99.227477566818,2.5823717203653384e-06
8832.0,2.5649599999999997,0.4698188615858427,0.09395915865303898,62.955225609913555,99.22761835308908,2.5832491461115956e-06
8840.0,2.5652,0.4698395310908364,0.09397039490571944,62.95497434281541,99.227759200669,2.5841272038715843e-06
8848.0,2.5654399999999997,0.4698602076228112,0.09398163568867787,62.95472297451021,99.22790010960634,2.5850058944810552e-06
8856.0,2.56568,0.4698808911868527,0.09399288100538393,62.95447150492063,99.22804107995026,2.5858852185236472e-06
8864.0,2.5659199999999998,0.4699015817880221,0.09400413085929485,62.95421993396955,99.2281821117497,2.5867651767564706e-06
8872.0,2.56616,0.4699222794313884,0.09401538525387308,62.95396826157967,99.22832320505363,2.5876457699304677e-06
8880.0,2.5664,0.46994298412205415,0.09402664419260011,62.95371648767316,99.22846435991131,2.5885269986485513e-06
8888.0,2.56664,0.46996369586508274,0.0940379076789371,62.953464612172894,99.22860557637169,2.5894088637503274e-06
8896.0,2.56688,0.4699844146655882,0.09404917571637368,62.9532126350011,99.22874685448407,2.590291365820976e-06
8904.0,2.56712,0.4700051405286599,0.09406044830838689,62.952960556080285,99.2288881942976,2.591174505624547e-06
8912.0,2.56736,0.4700258734593954,0.0940717254584592,62.95270837533261,99.22902959586156,2.5920582839220052e-06
8920.0,2.5675999999999997,0.4700466134629259,0.09408300717009226,62.95245609267925,99.22917105922573,2.592942701359439e-06
8928.0,2.56784,0.4700673605443432,0.09409429344676712,62.95220370804263,99.22931258443926,2.593827758782622e-06
8936.0,2.5680799999999997,0.4700881147087905,0.09410558429199382,62.951951221344636,99.2294541715519,2.5947134567728803e-06
8944.0,2.56832,0.47010887596138573,0.0941168797092695,62.95169863250723,99.22959582061311,2.595599796109682e-06
8952.0,2.5685599999999997,0.47012964430725523,0.09412817970209682,62.951445941452164,99.22973753167251,2.59648677755168e-06
8960.0,2.5688,0.4701504197515593,0.09413948427399779,62.95119314810054,99.22987930477998,2.5973744017264588e-06
8968.0,2.5690399999999998,0.47017120229941844,0.0941507934284737,62.950940252374316,99.23002113998504,2.598262669484418e-06
8976.0,2.56928,0.47019199195600486,0.09416210716905486,62.950687254194584,99.23016303733775,2.599151581440806e-06
8984.0,2.56952,0.4702127887264655,0.09417342549925879,62.95043415348281,99.23030499688787,2.6000411383766345e-06
8992.0,2.56976,0.47023359261595565,0.09418474842260847,62.95018095016039,99.23044701868527,2.600931341054411e-06
9000.0,2.57,0.47025440362966475,0.09419607594264637,62.949927644148296,99.23058910278007,2.6018221900778182e-06
9008.0,2.57024,0.47027522177274217,0.09420740806289404,62.949674235367965,99.23073124922209,2.6027136863173027e-06
9016.0,2.57048,0.4702960470503896,0.0942187447869025,62.949420723739614,99.2308734580618,2.6036058304127843e-06
9024.0,2.5707199999999997,0.470316879467783,0.0942300861182096,62.94916710918415,99.23101572934928,2.604498623162236e-06
9032.0,2.57096,0.4703377190301071,0.09424143206035898,62.94891339162247,99.23115806313474,2.6053920653374173e-06
9040.0,2.5711999999999997,0.470358565742581,0.09425278261691385,62.94865957097501,99.23130045946873,2.606286157549721e-06
9048.0,2.57144,0.4703794196103833,0.09426413779141632,62.94840564716264,99.23144291840136,2.6071809006796164e-06
9056.0,2.5716799999999997,0.4704002806387452,0.09427549758743807,62.94815162010575,99.2315854399832,2.6080762953330997e-06
9064.0,2.57192,0.4704211488328723,0.09428686200853774,62.947897489724944,99.23172802426468,2.6089723422950374e-06
9072.0,2.57216,0.4704420241979784,0.09429823105827949,62.94764325594063,99.23187067129622,2.6098690423502955e-06
9080.0,2.5724,0.47046290673931224,0.09430960474024722,62.9473889186726,99.23201338112861,2.6107663961295415e-06
9088.0,2.57264,0.4704837964620817,0.0943209830580037,62.947134477841416,99.23215615381224,2.611664404505535e-06
9096.0,2.5728799999999996,0.4705046933715477,0.09433236601514146,62.94687993336688,99.23229898939809,2.6125630681004632e-06
9104.0,2.57312,0.47052559747294515,0.09434375361523976,62.94662528516912,99.2324418879368,2.613462387708444e-06
9112.0,2.57336,0.4705465087715175,0.09435514586188354,62.94637053316825,99.23258484947908,2.6143623641074044e-06
9120.0,2.5736,0.47056742727254286,0.09436654275867747,62.9461156772841,99.23272787407593,2.6152629978979444e-06
9128.0,2.5738399999999997,0.47058835298125873,0.09437794430920507,62.94586071743679,99.232870961778,2.616164289962074e-06
9136.0,2.57408,0.4706092859029558,0.09438935051707982,62.945605653545016,99.23301411263668,2.6170662409697822e-06
9144.0,2.5743199999999997,0.4706302260428986,0.09440076138590181,62.94535048552836,99.23315732670292,2.617968851728294e-06
9152.0,2.57456,0.4706511734063605,0.09441217691927692,62.94509521330631,99.2333006040278,2.618872123033269e-06
9160.0,2.5747999999999998,0.4706721279986501,0.09442359712083126,62.94483983679776,99.23344394466287,2.6197760555207728e-06
9168.0,2.57504,0.4706930898250346,0.09443502199416919,62.94458435592223,99.23358734865911,2.620680650089777e-06
9176.0,2.57528,0.4707140588908352,0.09444645154292551,62.9443287705988,99.23373081606805,2.621585907350905e-06
9184.0,2.57552,0.47073503520134635,0.09445788577072145,62.9440730807467,99.23387434694095,2.6224918281152353e-06
9192.0,2.57576,0.47075601876187173,0.09446932468118412,62.94381728628492,99.23401794132921,2.623398413176887e-06
9200.0,2.576,0.47077700957775,0.09448076827796069,62.943561387131766,99.23416159928452,2.624305663192741e-06
9208.0,2.57624,0.4707980076542785,0.09449221656467678,62.94330538320644,99.2343053208582,2.6252135790540607e-06
9216.0,2.57648,0.47081901299680856,0.09450366954498839,62.94304927442742,99.23444910610208,2.62612216138843e-06
9224.0,2.57672,0.47084002561066507,0.09451512722253803,62.942793060713456,99.23459295506774,2.627031411010012e-06
9232.0,2.5769599999999997,0.4708610455011818,0.09452658960097404,62.94253674198306,99.23473686780687,2.627941328725261e-06
9240.0,2.5772,0.470882072673728,0.09453805668396509,62.94228031815394,99.23488084437155,2.6288519152010815e-06
9248.0,2.5774399999999997,0.47090310713363126,0.09454952847515802,62.942023789144805,99.23502488481337,2.62976317133953e-06
9256.0,2.57768,0.4709241488862737,0.09456100497823042,62.941767154873666,99.23516898918454,2.6306750977705038e-06
9264.0,2.5779199999999998,0.47094519793701056,0.09457248619684618,62.941510415258776,99.23531315753696,2.631587695316647e-06
9272.0,2.57816,0.47096625429120625,0.09458397213467516,62.9412535702181,99.23545738992266,2.632500964793665e-06
9280.0,2.5784,0.47098731795426113,0.09459546279540779,62.94099661966873,99.23560168639406,2.6334149068831125e-06
9288.0,2.57864,0.47100838893153324,0.09460695818271238,62.940739563528886,99.23574604700309,2.6343295224939833e-06
9296.0,2.57888,0.4710294672284358,0.09461845830028828,62.940482401715954,99.2358904718023,2.6352448122677405e-06
9304.0,2.5791199999999996,0.4710505528503552,0.09462996315182126,62.94022513414763,99.23603496084398,2.6361607770409055e-06
9312.0,2.57936,0.47107164580268635,0.09464147274100261,62.93996776074153,99.2361795141804,2.6370774176237875e-06
9320.0,2.5796,0.47109274609086094,0.09465298707154475,62.93971028141494,99.23632413186418,2.6379947346563063e-06
9328.0,2.57984,0.47111385372026765,0.09466450614713752,62.93945269608551,99.2364688139476,2.6389127290567094e-06
9336.0,2.5800799999999997,0.4711349686963507,0.09467602997150208,62.93919500467014,99.23661356048338,2.6398314014795655e-06
9344.0,2.58032,0.4711560910245271,0.09468755854834579,62.938937207086134,99.23675837152406,2.640750752756771e-06
9352.0,2.5805599999999997,0.47117722071022305,0.0946990918813819,62.93867930325053,99.23690324712227,2.641670783714054e-06
9360.0,2.5808,0.4711983577589013,0.0947106299743446,62.93842129307951,99.23704818733113,2.6425914950383647e-06
9368.0,2.58104,0.47121950217598146,0.0947221728309456,62.938163176490306,99.23719319220316,2.64351288765489e-06
9376.0,2.58128,0.47124065396693965,0.09473372045492834,62.9379049533991,99.23733826179162,2.644434962231305e-06
9384.0,2.58152,0.47126181313722426,0.09474527285002217,62.937646623722515,99.2374833961494,2.6453577196203226e-06
9392.0,2.58176,0.47128297969229266,0.09475683001996232,62.93738818737735,99.23762859532943,2.6462811606399616e-06
9400.0,2.582,0.471304153637639,0.09476839196850508,62.937129644280496,99.23777385938487,2.6472052858915926e-06
9408.0,2.5822399999999996,0.4713253349787144,0.09477995869938421,62.93687099434858,99.23791918836866,2.648130096319676e-06
9416.0,2.58248,0.4713465237210258,0.09479153021636497,62.93661223749739,99.23806458233409,2.6490555925926592e-06
9424.0,2.5827199999999997,0.47136771987005277,0.09480310652319868,62.9363533736433,99.23821004133427,2.6499817755586285e-06
9432.0,2.58296,0.4713889234312841,0.09481468762364262,62.93609440270245,99.23835556542245,2.6509086460448548e-06
9440.0,2.5831999999999997,0.4714101344102455,0.09482627352147537,62.93583532459003,99.23850115465238,2.6518362047575628e-06
9448.0,2.58344,0.47143135281241927,0.09483786422045261,62.935576139222356,99.2386468090772,2.6527644526250227e-06
9456.0,2.5836799999999998,0.4714525786433449,0.09484945972436239,62.935316846514375,99.23879252875092,2.6536933903503757e-06
9464.0,2.58392,0.47147381190853377,0.09486106003697836,62.935057446381684,99.23893831372712,2.6546230187994414e-06
9472.0,2.58416,0.4714950526135065,0.09487266516208023,62.934797938739855,99.23908416405942,2.655553338817223e-06
9480.0,2.5844,0.4715163007638218,0.09488427510346949,62.93453832350402,99.23923007980187,2.6564843510737092e-06
9488.0,2.58464,0.47153755636499367,0.09489588986492425,62.93427860058976,99.23937606100809,2.6574160565241545e-06
9496.0,2.58488,0.47155881942259376,0.09490750945025511,62.93401876991232,99.23952210773197,2.658348455819273e-06
9504.0,2.58512,0.47158008994216544,0.09491913386325818,62.93375883138711,99.23966822002735,2.6592815498056096e-06
9512.0,2.5853599999999997,0.4716013679292615,0.09493076310773582,62.93349878492921,99.23981439794814,2.660215339339732e-06
9520.0,2.5856,0.4716226533894722,0.09494239718751177,62.93323863045303,99.23996064154863,2.661149825110904e-06
9528.0,2.5858399999999997,0.4716439463283437,0.09495403610638678,62.93297836787391,99.24010695088266,2.66208500806667e-06
9536.0,2.58608,0.4716652467514798,0.09496567986819399,62.93271799710618,99.24025332600469,2.6630208888885834e-06
9544.0,2.5863199999999997,0.4716865546644559,0.09497732847675219,62.93245751806465,99.24039976696884,2.6639574684432355e-06
9552.0,2.58656,0.471707870072857,0.09498898193588631,62.93219693066387,99.24054627382938,2.664894747594133e-06
9560.0,2.5867999999999998,0.4717291929823062,0.09500064024944314,62.93193623481757,99.24069284664107,2.6658327270436453e-06
9568.0,2.58704,0.47175052339838164,0.09501230342124596,62.93167543044048,99.24083948545807,2.6667714077601343e-06
9576.0,2.58728,0.47177186132672017,0.09502397145515117,62.9314145174464,99.24098619033525,2.6677107904243824e-06
9584.0,2.58752,0.47179320677292985,0.09503564435500039,62.93115349574953,99.24113296132715,2.6686508759214843e-06
9592.0,2.58776,0.4718145597426281,0.09504732212464141,62.930892365264036,99.24127979848834,2.6695916651080077e-06
9600.0,2.588,0.4718359202414708,0.09505900476794411,62.930631125903815,99.24142670187369,2.6705331586477734e-06
9608.0,2.58824,0.47185728827506884,0.09507069228875474,62.93036977758303,99.24157367153775,2.671475357512998e-06
9616.0,2.5884799999999997,0.4718786638490914,0.09508238469095244,62.93010832021499,99.24172070753556,2.672418262401425e-06
9624.0,2.58872,0.4719000469691792,0.09509408197840195,62.92984675371349,99.24186780992189,2.673361874189669e-06
9632.0,2.5889599999999997,0.47192143764098243,0.09510578415497403,62.929585077992144,99.24201497875166,2.6743061937466327e-06
9640.0,2.5892,0.47194283587018987,0.0951174912245617,62.92932329296379,99.24216221408027,2.675251221781626e-06
9648.0,2.5894399999999997,0.4719642416624449,0.09512920319103418,62.929061398542174,99.24230951596252,2.6761969592714906e-06
9656.0,2.58968,0.47198565502345036,0.09514092005829422,62.928799394639746,99.24245688445401,2.6771434069340163e-06
9664.0,2.5899199999999998,0.47200707595887986,0.09515264183022958,62.928537281169596,99.24260431960998,2.678090565672802e-06
9672.0,2.59016,0.4720285044744168,0.09516436851073447,62.92827505804477,99.24275182148567,2.679038436362148e-06
9680.0,2.5904,0.4720499405757838,0.09517610010372562,62.92801272517781,99.24289939013684,2.6799870197005693e-06
9688.0,2.59064,0.47207138426865736,0.0951878366130955,62.92775028248177,99.24304702561874,2.680936316680328e-06
9696.0,2.59088,0.4720928355587737,0.09519957804277034,62.92748772986909,99.24319472798705,2.6818863279930006e-06
9704.0,2.59112,0.4721142944518399,0.09521132439666145,62.92722506725253,99.2433424972973,2.6828370545329336e-06
9712.0,2.59136,0.47213576095357257,0.09522307567868646,62.92696229454473,99.2434903336051,2.683788497170572e-06
9720.0,2.5915999999999997,0.4721572350697274,0.09523483189278531,62.92669941165794,99.24363823696629,2.6847406566021184e-06
9728.0,2.59184,0.47217871680601425,0.09524659304287404,62.92643641850489,99.24378620743641,2.6856935338105835e-06
9736.0,2.5920799999999997,0.4722002061682028,0.09525835913290244,62.92617331499691,99.24393424507164,2.686647129536115e-06
9744.0,2.59232,0.47222170316203327,0.09527013016680518,62.92591010104613,99.24408234992781,2.68760144468848e-06
9752.0,2.5925599999999998,0.472243207793256,0.09528190614852357,62.925646776564555,99.24423052206089,2.6885564801550846e-06
9760.0,2.5928,0.4722647200676608,0.09529368708202156,62.92538334146347,99.2443787615274,2.689512236663743e-06
9768.0,2.59304,0.47228623999099084,0.09530547297123868,62.92511979565495,99.24452706838319,2.6904687152167392e-06
9776.0,2.59328,0.47230776756905,0.09531726382014867,62.9248561390506,99.24467544268471,2.6914259165017948e-06
9784.0,2.59352,0.4723293028076124,0.09532905963271009,62.92459237156217,99.24482388448811,2.6923838414232784e-06
9792.0,2.5937599999999996,0.47235084571246205,0.095340860412888,62.92432849310101,99.24497239384975,2.6933424908878734e-06
9800.0,2.594,0.472372396289423,0.0953526661646704,62.924064503577384,99.24512097082639,2.6943018656596283e-06
9808.0,2.59424,0.47239395454427235,0.09536447689202066,62.92380040290299,99.24526961547426,2.6952619667415987e-06
9816.0,2.59448,0.4724155204828483,0.09537629259893664,62.92353619098879,99.24541832785019,2.696222794829987e-06
9824.0,2.5947199999999997,0.472437094110959,0.09538811328940093,62.923271867745925,99.24556710801077,2.6971843508430404e-06
9832.0,2.59496,0.47245867543442277,0.09539993896740263,62.923007433085246,99.24571595601263,2.698146635692067e-06
9840.0,2.5951999999999997,0.472480264459098,0.09541176963695396,62.92274288691681,99.2458648719129,2.699109650125696e-06
9848.0,2.59544,0.47250186119079596,0.09542360530204227,62.9224782291517,99.24601385576813,2.7000733951523803e-06
9856.0,2.5956799999999998,0.47252346563538944,0.09543544596668987,62.92221345970015,99.24616290763555,2.7010378714953066e-06
9864.0,2.59592,0.472545077798721,0.09544729163490348,62.92194857847273,99.2463120275721,2.702003080080432e-06
9872.0,2.59616,0.4725666976866432,0.09545914231069631,62.92168358537995,99.24646121563474,2.7029690218090418e-06
9880.0,2.5964,0.4725883253050489,0.09547099799810485,62.92141848033206,99.24661047188073,2.7039356973858187e-06
9888.0,2.59664,0.47260996065978367,0.09548285870114072,62.921153263239596,99.24675979636699,2.7049031078315514e-06
9896.0,2.5968799999999996,0.4726316037567545,0.09549472442385032,62.92088793401204,99.24690918915104,2.705871253891786e-06
9904.0,2.59712,0.4726532546018385,0.09550659517026464,62.920622492559495,99.24705865029011,2.7068401364924785e-06
9912.0,2.5973599999999997,0.4726749132009226,0.09551847094442124,62.920356938791855,99.24720817984155,2.707809756552647e-06
9920.0,2.5976,0.47269657955993466,0.09553035175038121,62.9200912726182,99.24735777786314,2.7087801148255474e-06
9928.0,2.5978399999999997,0.4727182536847545,0.09554223759218033,62.919825493948586,99.24750744441216,2.709751212338136e-06
9936.0,2.59808,0.4727399355813251,0.09555412847389014,62.91955960269136,99.24765717954678,2.71072304987682e-06
9944.0,2.5983199999999997,0.47276162525555826,0.09556602439956617,62.91929359875577,99.24780698332465,2.7116956283983965e-06
9952.0,2.59856,0.4727833227133762,0.09557792537327076,62.91902748205117,99.24795685580354,2.7126689488280517e-06
9960.0,2.5987999999999998,0.47280502796074275,0.09558983139909016,62.918761252486604,99.24810679704159,2.7136430118812616e-06
9968.0,2.59904,0.4728267410035729,0.09560174248108494,62.9184949099713,99.24825680709652,2.714617818614281e-06
9976.0,2.59928,0.4728484618478446,0.09561365862335125,62.91822845441407,99.24840688602649,2.715593369746441e-06
9984.0,2.59952,0.4728701904995051,0.09562557982996961,62.91796188572395,99.24855703388941,2.716569666220661e-06
9992.0,2.59976,0.4728919269645118,0.09563750610502707,62.917695203809714,99.24870725074337,2.7175467089667524e-06
10000.0,2.5999999999999996,0.47291367124886347,0.0956494374526346,62.91742840857932,99.24885753664682,2.7185244987503065e-06
10008.0,2.60024,0.4729354233585102,0.09566137387687751,62.917161499941756,99.24900789165775,2.7195030366129283e-06
10016.0,2.60048,0.4729571832994656,0.09567331538187711,62.91689447780484,99.24915831583486,2.7204823233148125e-06
10024.0,2.60072,0.47297895107771215,0.09568526197173863,62.916627342076936,99.24930880923648,2.7214623598089004e-06
10032.0,2.6009599999999997,0.47300072669924276,0.09569721365057428,62.916360092666196,99.24945937192108,2.7224431470419653e-06
10040.0,2.6012,0.4730225101700923,0.09570917042252029,62.91609272947997,99.24961000394761,2.7234246857873088e-06
10048.0,2.6014399999999998,0.47304430149624627,0.09572113229168701,62.915825252426565,99.24976070537446,2.724406977102726e-06
10056.0,2.60168,0.4730661006837545,0.09573309926222112,62.91555766141338,99.24991147626069,2.725390021744557e-06
10064.0,2.60192,0.4730879077386353,0.09574507133825318,62.915289956348225,99.25006231666504,2.7263738206695984e-06
10072.0,2.60216,0.47310972266691736,0.09575704852392052,62.915022137138784,99.25021322664631,2.7273583748269357e-06
10080.0,2.6024,0.4731315454746716,0.09576903082338481,62.914754203692326,99.25036420626361,2.7283436849621154e-06
10088.0,2.60264,0.47315337616791936,0.0957810182407816,62.91448615591662,99.25051525557568,2.7293297521414136e-06
10096.0,2.60288,0.4731752147527463,0.09579301078028292,62.914217993718275,99.25066637464194,2.7303165771404447e-06
10104.0,2.6031199999999997,0.4731970612352069,0.09580500844604471,62.91394971700454,99.25081756352142,2.731304160929112e-06
10112.0,2.60336,0.47321891562136575,0.0958170112422297,62.913681325682404,99.25096882227335,2.7322925044680666e-06
10120.0,2.6035999999999997,0.4732407779173305,0.09582901917302533,62.913412819657815,99.25112015095753,2.733281608566075e-06
10128.0,2.60384,0.4732626481291584,0.09584103224259251,62.913144198837955,99.25127154963306,2.7342714742963534e-06
10136.0,2.6040799999999997,0.47328452626297235,0.09585305045512932,62.91287546312919,99.25142301835972,2.7352621024113855e-06
10144.0,2.60432,0.4733064123248629,0.09586507381481725,62.91260661243814,99.25157455719702,2.73625349390035e-06
10152.0,2.6045599999999998,0.4733283063209314,0.0958771023258448,62.91233764667134,99.25172616620453,2.7372456497177297e-06
10160.0,2.6048,0.4733502082573221,0.09588913599242521,62.91206856573485,99.25187784544218,2.738238570629887e-06
10168.0,2.60504,0.4733721181401288,0.09590117481874516,62.91179936953528,99.25202959496949,2.7392322577177473e-06
10176.0,2.60528,0.47339403597551055,0.09591321880902827,62.911530057978325,99.25218141484648,2.740226711753841e-06
10184.0,2.60552,0.47341596176959466,0.09592526796748191,62.911260630970176,99.25233330513296,2.741221933719636e-06
10192.0,2.60576,0.473437895528519,0.09593732229832035,62.910991088416765,99.25248526588885,2.7422179245842647e-06
10200.0,2.606,0.4734598372584644,0.09594938180578266,62.91072143022324,99.25263729717456,2.7432146851449282e-06
10208.0,2.6062399999999997,0.4734817869655613,0.09596144649408132,62.91045165629572,99.25278939904989,2.744212216482553e-06
10216.0,2.60648,0.4735037446560059,0.09597351636746618,62.91018176653928,99.2529415715754,2.7452105193874012e-06
10224.0,2.6067199999999997,0.4735257103359623,0.09598559143017048,62.90991176085948,99.25309381481135,2.7462095948440255e-06
10232.0,2.60696,0.4735476840116052,0.09599767168643451,62.90964163916151,99.25324612881805,2.7472094438469997e-06
10240.0,2.6071999999999997,0.47356966568915343,0.09600975714052401,62.90937140134941,99.25339851365644,2.748210067228992e-06
10248.0,2.60744,0.4735916553747741,0.09602184779667737,62.90910104732866,99.25355096938672,2.7492114660917436e-06
10256.0,2.6076799999999998,0.4736136530747014,0.09603394365917103,62.90883057700411,99.25370349606985,2.750213641192366e-06
10264.0,2.60792,0.47363565879513664,0.09604604473226458,62.90855999028071,99.25385609376642,2.751216593537769e-06
10272.0,2.60816,0.47365767254229213,0.09605815102022472,62.90828928706321,99.25400876253714,2.752220324109421e-06
10280.0,2.6084,0.47367969432242385,0.0960702625273434,62.90801846725581,99.25416150244304,2.7532248337014398e-06
10288.0,2.60864,0.47370172414173645,0.09608237925788547,62.907747530763416,99.2543143135448,2.7542301234186515e-06
10296.0,2.60888,0.47372376200650157,0.09609450121615382,62.90747647748964,99.25446719590373,2.7552361940759904e-06
10304.0,2.60912,0.47374580792295806,0.09610662840643444,62.90720530733876,99.2546201495808,2.7562430466857643e-06
10312.0,2.6093599999999997,0.4737678618973557,0.09611876083302053,62.90693402021496,99.25477317463714,2.7572506822471734e-06
10320.0,2.6096,0.4737899239359887,0.09613089850023086,62.906662616021755,99.25492627113432,2.7582591015589622e-06
10328.0,2.6098399999999997,0.47381199404509894,0.0961430414123567,62.90639109466338,99.25507943913337,2.7592683057452316e-06
10336.0,2.61008,0.4738340722309965,0.09615518957372785,62.906119456043,99.255232678696,2.7602782956108927e-06
10344.0,2.6103199999999998,0.4738561584999581,0.09616734298865706,62.905847700064335,99.25538598988362,2.76128907218136e-06
10352.0,2.61056,0.47387825285827134,0.09617950166146419,62.90557582663099,99.2555393727577,2.762300636455063e-06
10360.0,2.6108,0.47390035531226865,0.09619166559649495,62.90530383564606,99.25569282738012,2.763312989229975e-06
10368.0,2.61104,0.47392246586822995,0.09620383479806738,62.90503172701321,99.25584635381233,2.7643261316332803e-06
10376.0,2.61128,0.4739445845325034,0.0962160092705382,62.904759500635116,99.25599995211634,2.7653400644745173e-06
10384.0,2.6115199999999996,0.4739667113114036,0.09622818901824692,62.90448715641495,99.25615362235393,2.7663547887798702e-06
10392.0,2.61176,0.47398884621125664,0.09624037404554048,62.90421469425565,99.25630736458695,2.7673703055662734e-06
10400.0,2.612,0.4740109892384333,0.09625256435679166,62.903942114059134,99.25646117887783,2.7683866156741034e-06
10408.0,2.61224,0.47403314039925176,0.09626475995634544,62.90366941572854,99.25661506528834,2.7694037202359424e-06
10416.0,2.6124799999999997,0.47405529970009896,0.0962769608485859,62.903396599166,99.25676902388105,2.7704216200613276e-06
10424.0,2.61272,0.4740774671473282,0.09628916703787978,62.90312366427406,99.25692305471813,2.7714403161903223e-06
10432.0,2.6129599999999997,0.47409964274730376,0.09630137852860104,62.90285061095515,99.25707715786184,2.7724598096390893e-06
10440.0,2.6132,0.47412182650643553,0.09631359532514996,62.902577439111234,99.25723133337479,2.7734801012040586e-06
10448.0,2.6134399999999998,0.47414401843107995,0.0963258174318986,62.90230414864482,99.25738558131921,2.774501192037087e-06
10456.0,2.61368,0.474166218527663,0.09633804485325849,62.90203073945696,99.257539901758,2.7755230829870327e-06
10464.0,2.61392,0.4741884268025765,0.0963502775936236,62.90175721144955,99.25769429475368,2.7765457751001266e-06
10472.0,2.61416,0.47421064326222373,0.09636251565739538,62.90148356452432,99.25784876036897,2.777569269409493e-06
10480.0,2.6144,0.474232867913054,0.0963747590490019,62.90120979858223,99.25800329866715,2.7785935667516538e-06
10488.0,2.6146399999999996,0.4742551007614625,0.0963870077728425,62.9009359135251,99.25815790971079,2.7796186682838628e-06
10496.0,2.61488,0.4742773418139149,0.0963992618333567,62.90066190925368,99.25831259356322,2.7806445748441833e-06
10504.0,2.61512,0.47429959107684216,0.09641152123496606,62.90038778566923,99.25846735028743,2.781671287484244e-06
10512.0,2.61536,0.47432184855668696,0.09642378598209976,62.900113542672926,99.25862217994653,2.782698807241795e-06
10520.0,2.6155999999999997,0.47434411425993794,0.09643605607921364,62.89983918016549,99.25877708260397,2.7837271349348547e-06
10528.0,2.61584,0.4743663881930296,0.0964483315307348,62.89956469804815,99.2589320583228,2.784756271727615e-06
10536.0,2.6160799999999997,0.474388670362467,0.09646061234113054,62.89929009622079,99.25908710716672,2.78578621848127e-06
10544.0,2.61632,0.4744109607747208,0.09647289851485034,62.89901537458405,99.25924222919912,2.7868169762597836e-06
10552.0,2.6165599999999998,0.4744332594362729,0.0964851900563512,62.89874053303855,99.25939742448345,2.7878485461016765e-06
10560.0,2.6168,0.4744555663536518,0.096497486970117,62.89846557148435,99.25955269308368,2.788880928838845e-06
10568.0,2.61704,0.4744778815333315,0.09650978926060268,62.89819048982207,99.25970803506317,2.7899141256401075e-06
10576.0,2.61728,0.47450020498185674,0.09652209693230362,62.897915287951285,99.25986345048604,2.79094813735278e-06
10584.0,2.61752,0.4745225367057379,0.0965344099896974,62.89763996577215,99.26001893941603,2.7919829650439107e-06
10592.0,2.6177599999999996,0.47454487671149653,0.09654672843726887,62.89736452318449,99.26017450191705,2.793018609771294e-06
10600.0,2.618,0.47456722500570153,0.09655905227953046,62.897088960087125,99.26033013805355,2.794055072413858e-06
10608.0,2.6182399999999997,0.47458958159486636,0.09657138152096507,62.896813276380115,99.2604858478893,2.7950923541527553e-06
10616.0,2.61848,0.47461194648557675,0.09658371616609679,62.89653747196225,99.26064163148898,2.796130455846868e-06
10624.0,2.6187199999999997,0.47463431968438297,0.09659605621943136,62.89626154673285,99.26079748891681,2.797169378585602e-06
10632.0,2.61896,0.4746567011978471,0.09660840168548232,62.89598550059119,99.2609534202371,2.7982091234298365e-06
10640.0,2.6191999999999998,0.47467909103257866,0.0966207525687906,62.89570933343589,99.26110942551469,2.79924969123614e-06
10648.0,2.61944,0.4747014891951315,0.09663310887386763,62.89543304516627,99.2612655048138,2.800291083194147e-06
10656.0,2.61968,0.47472389569213175,0.09664547060526604,62.89515663568088,99.26142165819934,2.801333300152716e-06
10664.0,2.61992,0.4747463105301701,0.09665783776752007,62.89488010487862,99.26157788573583,2.802376343189688e-06
10672.0,2.62016,0.47476873371584905,0.09667021036517186,62.894603452658004,99.26173418748805,2.803420213383676e-06
10680.0,2.6204,0.47479116525581894,0.09668258840279105,62.894326678916464,99.26189056352126,2.8044649116390485e-06
10688.0,2.62064,0.474813605156674,0.09669497188491767,62.89404978355282,99.26204701390009,2.805510439146983e-06
10696.0,2.6208799999999997,0.47483605342508156,0.09670736081613339,62.89377276646466,99.26220353869003,2.8065567967848636e-06
10704.0,2.62112,0.4748585100676732,0.09671975520100126,62.893495627550045,99.26236013795616,2.807603985649807e-06
10712.0,2.6213599999999997,0.4748809750910924,0.09673215504409231,62.893218366706996,99.26251681176365,2.808652006825051e-06
10720.0,2.6216,0.4749034485020307,0.0967445603500053,62.892940983833,99.26267356017804,2.809700861163309e-06
10728.0,2.6218399999999997,0.4749259303071232,0.0967569711233091,62.89266347882611,99.26283038326449,2.810750549882742e-06
10736.0,2.62208,0.4749484205130786,0.09676938736861448,62.89238585158315,99.26298728108875,2.811801073866903e-06
10744.0,2.6223199999999998,0.4749709191265695,0.0967818090905136,62.89210810200162,99.26314425371632,2.8128524342275565e-06
10752.0,2.62256,0.4749934261542805,0.09679423629360642,62.89183022997896,99.26330130121272,2.8139046320448577e-06
10760.0,2.6228,0.4750159416029444,0.09680666898252094,62.891552235412014,99.263458423644,2.8149576681799995e-06
10768.0,2.62304,0.47503846547923756,0.0968191071618551,62.89127411819825,99.26361562107562,2.816011543860396e-06
10776.0,2.62328,0.4750609977899102,0.09683155083624904,62.89099587823361,99.26377289357387,2.8170662599950416e-06
10784.0,2.62352,0.4750835385416763,0.09684400001032412,62.8907175154149,99.26393024120463,2.8181218177057246e-06
10792.0,2.62376,0.47510608774126195,0.09685645468870963,62.89043902963877,99.26408766403394,2.8191782180849354e-06
10800.0,2.6239999999999997,0.47512864539544253,0.09686891487606344,62.89016042080104,99.26424516212842,2.8202354620401263e-06
10808.0,2.62424,0.4751512115109355,0.09688138057701266,62.88988168879844,99.264402735554,2.8212935508041084e-06
10816.0,2.6244799999999997,0.4751737860945335,0.0968938517962273,62.889602833526766,99.26456038437736,2.82235248525735e-06
10824.0,2.62472,0.4751963691529924,0.09690632853835826,62.889323854882235,99.26471810866484,2.8234122665239515e-06
10832.0,2.6249599999999997,0.47521896069308034,0.09691881080806451,62.88904475276085,99.26487590848288,2.8244728957118235e-06
10840.0,2.6252,0.47524156072161455,0.09693129861003355,62.88876552705788,99.26503378389836,2.8255343737222505e-06
10848.0,2.6254399999999998,0.4752641692453547,0.09694379194892223,62.88848617766948,99.26519173497766,2.8265967017934403e-06
10856.0,2.62568,0.4752867862711355,0.09695629082943029,62.8882067044906,99.26534976178786,2.8276598808297617e-06
10864.0,2.62592,0.47530941180575503,0.09696879525623843,62.8879271074168,99.2655078643957,2.828723911959171e-06
10872.0,2.6261599999999996,0.4753320458560236,0.09698130523403552,62.887647386343396,99.26566604286809,2.82978879630731e-06
10880.0,2.6264,0.4753546884288013,0.09699382076753908,62.887367541164764,99.2658242972725,2.8308545347924263e-06
10888.0,2.62664,0.47537733953088973,0.09700634186143584,62.88708757177639,99.26598262767573,2.8319211286681467e-06
10896.0,2.62688,0.4753999991691668,0.09701886852045581,62.88680747807256,99.26614103414536,2.832988578841924e-06
10904.0,2.6271199999999997,0.47542266735047306,0.0970314007493098,62.886527259948124,99.26629951674862,2.8340568864571346e-06
10912.0,2.62736,0.4754453440816615,0.09704393855271673,62.88624691729769,99.26645807555283,2.835126052648672e-06
10920.0,2.6275999999999997,0.47546802936963534,0.09705648193542464,62.88596645001509,99.26661671062587,2.8361960783317e-06
10928.0,2.62784,0.4754907232212388,0.09706903090215031,62.885685857995085,99.26677542203495,2.8372669647760354e-06
10936.0,2.6280799999999997,0.47551342564339294,0.09708158545765423,62.8854051411315,99.26693420984807,2.8383387128798807e-06
10944.0,2.62832,0.47553613664298117,0.09709414560667746,62.88512429931856,99.26709307413286,2.839411323795091e-06
10952.0,2.62856,0.47555885622689936,0.09710671135396928,62.88484333245025,99.26725201495708,2.8404847986604166e-06
10960.0,2.6288,0.475581584402094,0.09711928270430828,62.88456224041968,99.26741103238898,2.8415591384041273e-06
10968.0,2.62904,0.47560432117545226,0.0971318596624415,62.88428102312104,99.26757012649625,2.8426343442975823e-06
10976.0,2.6292799999999996,0.47562706655393894,0.09714444223316042,62.88399968044682,99.26772929734747,2.8437104172929527e-06
10984.0,2.62952,0.47564982054448063,0.09715703042123655,62.88371821229042,99.26788854501079,2.8447873585621397e-06
10992.0,2.62976,0.4756725831540166,0.09716962423144986,62.88343661854522,99.26804786955442,2.8458651692477486e-06
11000.0,2.63,0.4756953543895375,0.09718222366860993,62.88315489910423,99.26820727104706,2.846943850243354e-06
11008.0,2.6302399999999997,0.4757181342579736,0.09719482873749452,62.88287305386079,99.26836674955688,2.8480234028403618e-06
11016.0,2.63048,0.47574092276633323,0.09720743944292572,62.88259108270727,99.26852630515263,2.8491038279647286e-06
11024.0,2.6307199999999997,0.47576371992158667,0.09722005578970593,62.882308985536596,99.26868593790283,2.8501851267791046e-06
11032.0,2.63096,0.47578652573071667,0.09723267778264592,62.88202676224145,99.2688456478761,2.851267300440743e-06
11040.0,2.6311999999999998,0.4758093402007575,0.09724530542658617,62.88174441271359,99.26900543514164,2.852350349892563e-06
11048.0,2.63144,0.475832163338683,0.0972579387263352,62.88146193684587,99.26916529976798,2.853434276422114e-06
11056.0,2.63168,0.4758549951515461,0.09727057768674656,62.88117933452922,99.26932524182467,2.8545190810170326e-06
11064.0,2.63192,0.475877835646361,0.09728322231265374,62.88089660565559,99.2694852613808,2.855604764869266e-06
11072.0,2.63216,0.47590068483015474,0.09729587260889873,62.880613750116844,99.26964535850549,2.8566913291530295e-06
11080.0,2.6324,0.475923542710007,0.09730852858035398,62.880330767804,99.26980553326858,2.8577787748197228e-06
11088.0,2.63264,0.4759464092929356,0.0973211902318591,62.88004765860895,99.26996578573913,2.8588671031861936e-06
11096.0,2.6328799999999997,0.4759692845860384,0.09733385756829932,62.879764422423094,99.27012611598687,2.8599563151591242e-06
11104.0,2.63312,0.475992168596374,0.09734653059453956,62.879481059137944,99.27028652408121,2.8610464119250647e-06
11112.0,2.6333599999999997,0.47601506133101396,0.0973592093154532,62.87919756864484,99.27044701009173,2.8621373946551474e-06
11120.0,2.6336,0.4760379627970819,0.0973718937359439,62.878913950834495,99.27060757408834,2.8632292642822668e-06
11128.0,2.6338399999999997,0.47606087300164024,0.09738458386088279,62.87863020559841,99.27076821614051,2.864322022117104e-06
11136.0,2.63408,0.4760837919518312,0.09739727969518652,62.878346332826354,99.27092893631857,2.865415669142668e-06
11144.0,2.6343199999999998,0.476106719654758,0.09740998124375155,62.87806233240905,99.27108973469238,2.866510206561701e-06
11152.0,2.63456,0.4761296561175368,0.09742268851148295,62.877778204236925,99.27125061133202,2.8676056355715474e-06
11160.0,2.6348,0.47615260134733717,0.09743540150331659,62.877493948199145,99.27141156630837,2.8687019571706373e-06
11168.0,2.63504,0.476175555351266,0.09744812022415515,62.877209564186344,99.27157259969132,2.869799172693551e-06
11176.0,2.63528,0.47619851813651165,0.09746084467894782,62.876925052088076,99.27173371155175,2.870897283090146e-06
11184.0,2.6355199999999996,0.4762214897102227,0.09747357487262305,62.8766404117943,99.27189490196008,2.8719962895762706e-06
11192.0,2.63576,0.4762444700795608,0.097486310810118,62.876355643194834,99.27205617098686,2.8730961933554376e-06
11200.0,2.636,0.4762674592517409,0.09749905249640073,62.876070746178975,99.272217518703,2.8741969953682524e-06
11208.0,2.63624,0.47629045723391555,0.0975117999364061,62.87578572063666,99.27237894517897,2.87529869696009e-06
11216.0,2.6364799999999997,0.4763134640333184,0.09752455313511535,62.87550056645654,99.27254045048595,2.8764012991054787e-06
11224.0,2.63672,0.4763364796571435,0.09753731209748914,62.87521528352799,99.2727020346947,2.877504803024893e-06
11232.0,2.6369599999999997,0.47635950411259803,0.09755007682849684,62.87492987173994,99.27286369787629,2.878609209935724e-06
11240.0,2.6372,0.47638253740694336,0.09756284733313922,62.8746443309799,99.27302544010251,2.8797145208703245e-06
11248.0,2.63744,0.4764055795473774,0.09757562361638329,62.874358661137144,99.27318726144424,2.8808207371779237e-06
11256.0,2.63768,0.47642863054118045,0.09758840568324319,62.87407286210001,99.2733491619732,2.881927859812234e-06
11264.0,2.63792,0.47645169039559265,0.09760119353871213,62.873786933757074,99.27351114176082,2.8830358900060657e-06
11272.0,2.63816,0.4764747591178673,0.0976139871877921,62.873500875996754,99.2736732008785,2.884144828971412e-06
11280.0,2.6384,0.4764978367153118,0.09762678663551647,62.87321468870692,99.27383533939808,2.8852546776774057e-06
11288.0,2.6386399999999997,0.47652092319517014,0.09763959188688484,62.87292837177613,99.27399755739094,2.8863654374809854e-06
11296.0,2.63888,0.47654401856476886,0.09765240294694404,62.87264192509137,99.27415985492932,2.887477109389833e-06
11304.0,2.63912,0.4765671228313942,0.09766521982072,62.87235534854052,99.27432223208501,2.8885896946475523e-06
11312.0,2.63936,0.47659023600234585,0.09767804251324748,62.87206864201107,99.27448468892997,2.889703194492351e-06
11320.0,2.6395999999999997,0.4766133580849785,0.09769087102959319,62.871781805389205,99.27464722553691,2.8908176099658333e-06
11328.0,2.63984,0.4766364890865823,0.09770370537478947,62.87149483856268,99.27480984197764,2.8919329424411297e-06
11336.0,2.6400799999999998,0.4766596290145314,0.09771654555391672,62.87120774141829,99.27497253832497,2.893049192897395e-06
11344.0,2.64032,0.47668277787615887,0.09772939157203392,62.87092051384313,99.27513531465125,2.894166362587485e-06
11352.0,2.64056,0.47670593567881125,0.09774224343420904,62.87063315572409,99.27529817102888,2.8952844527534625e-06
11360.0,2.6408,0.47672910242989036,0.09775510114554208,62.87034566694747,99.27546110753072,2.8964034643798784e-06
11368.0,2.64104,0.4767522781367333,0.09776796471109862,62.87005804740031,99.27562412422913,2.8975233988545116e-06
11376.0,2.64128,0.4767754628067612,0.0977808341359923,62.86977029696833,99.27578722119728,2.8986442571896706e-06
11384.0,2.64152,0.47679865644735414,0.09779370942531541,62.86948241553797,99.27595039850789,2.8997660406436068e-06
11392.0,2.6417599999999997,0.4768218590659059,0.09780659058416934,62.869194402995305,99.27611365623389,2.9008887504738032e-06
11400.0,2.642,0.4768450706698659,0.09781947761768774,62.868906259225234,99.2762769944489,2.902012387719551e-06
11408.0,2.6422399999999997,0.4768682912666182,0.09783237053096949,62.86861798411411,99.27644041322571,2.9031369537832784e-06
11416.0,2.64248,0.47689152086363246,0.0978452693291624,62.8683295775466,99.2766039126382,2.904262449695025e-06
11424.0,2.6427199999999997,0.47691475946833634,0.09785817401739245,62.86804103940817,99.2767674927597,2.9053888767492807e-06
11432.0,2.64296,0.4769380070881714,0.09787108460079483,62.86775236958421,99.27693115366367,2.906516236201214e-06
11440.0,2.6431999999999998,0.47696126373063574,0.0978840010845375,62.867463567959526,99.27709489542406,2.9076445290561934e-06
11448.0,2.64344,0.47698452940316105,0.09789692347375306,62.86717463441954,99.27725871811427,2.908773756733608e-06
11456.0,2.64368,0.47700780411326504,0.09790985177362334,62.86688556884871,99.27742262180838,2.909903920238056e-06
11464.0,2.64392,0.47703108786842324,0.09792278598930823,62.866596371132,99.27758660658014,2.9110350208555458e-06
11472.0,2.64416,0.4770543806761254,0.09793572612597694,62.86630704115397,99.27775067250347,2.9121670598612914e-06
11480.0,2.6444,0.4770776825439176,0.0979486721888315,62.86601757879803,99.27791481965288,2.9133000383154017e-06
11488.0,2.64464,0.47710099347927964,0.09796162418303858,62.865727983949036,99.27807904810216,2.914433957631869e-06
11496.0,2.6448799999999997,0.4771243134897779,0.09797458211381438,62.86543825649061,99.27824335792606,2.915568818836108e-06
11504.0,2.64512,0.4771476425829363,0.09798754598635305,62.86514839630689,99.27840774919885,2.916704623225692e-06
11512.0,2.6453599999999997,0.4771709807662929,0.09800051580585806,62.86485840328165,99.27857222199498,2.917841372090483e-06
11520.0,2.6456,0.47719432804744305,0.0980134915775662,62.86456827729753,99.27873677638954,2.918979066499843e-06
11528.0,2.6458399999999997,0.4772176844339149,0.09802647330667837,62.86427801823857,99.27890141245685,2.920117707883184e-06
11536.0,2.64608,0.47724104993332406,0.09803946099844567,62.86398762598752,99.27906613027217,2.9212572972805685e-06
11544.0,2.64632,0.4772644245532435,0.09805245465809687,62.863697100427665,99.27923092991031,2.922397836008074e-06
11552.0,2.64656,0.4772878083012602,0.09806545429087005,62.863406441442024,99.27939581144622,2.923539325362502e-06
11560.0,2.6468,0.4773112011850192,0.09807845990203712,62.86311564891265,99.27956077495544,2.924681766408588e-06
11568.0,2.64704,0.4773346032120973,0.09809147149683352,62.862824722722756,99.27972582051282,2.925825160591934e-06
11576.0,2.64728,0.47735801439016,0.0981044890805455,62.86253366275439,99.2798909481941,2.9269695089603135e-06
11584.0,2.64752,0.4773814347268294,0.09811751265843668,62.862242468890116,99.28005615807456,2.928114812831346e-06
11592.0,2.64776,0.4774048642297419,0.09813054223578016,62.86195114101225,99.28022145022966,2.929261073508771e-06
11600.0,2.6479999999999997,0.477428302906592,0.09814357781788285,62.86165967900225,99.28038682473537,2.9304082920580954e-06
11608.0,2.64824,0.477451750765006,0.09815661941001526,62.86136808274261,99.28055228166706,2.9315564699334028e-06
11616.0,2.6484799999999997,0.4774752078126992,0.09816966701749881,62.86107635211431,99.280717821101,2.9327056082063664e-06
11624.0,2.64872,0.4774986740573432,0.09818272064563231,62.8607844869991,99.28088344311301,2.933855708216193e-06
11632.0,2.6489599999999998,0.4775221495066243,0.09819578029972412,62.8604924872784,99.2810491477791,2.9350067712835857e-06
11640.0,2.6492,0.4775456341682877,0.09820884598511696,62.86020035283237,99.28121493517597,2.936158798516454e-06
11648.0,2.64944,0.47756912805000934,0.09822191770711651,62.85990808354269,99.2813808053795,2.937311791385073e-06
11656.0,2.64968,0.4775926311595553,0.09823499547108012,62.85961567928987,99.28154675846648,2.938465750944925e-06
11664.0,2.64992,0.47761614350464754,0.09824807928234218,62.85932313995486,99.28171279451328,2.9396206785490942e-06
11672.0,2.65016,0.4776396650930225,0.09826116914624662,62.85903046541842,99.2818789135964,2.940776575515971e-06
11680.0,2.6504,0.4776631959324761,0.09827426506817195,62.858737655560596,99.2820451157928,2.941933442916458e-06
11688.0,2.65064,0.4776867360307344,0.09828736705345952,62.85844471026229,99.28221140117888,2.9430912822323943e-06
11696.0,2.65088,0.477710285395614,0.09830047510750237,62.858151629403025,99.28237776983191,2.9442500945493313e-06
11704.0,2.6511199999999997,0.4777338440348872,0.09831358923567063,62.85785841286305,99.28254422182867,2.9454098812180406e-06
11712.0,2.65136,0.47775741195634125,0.09832670944334415,62.85756506052217,99.28271075724624,2.9465706435877513e-06
11720.0,2.6515999999999997,0.4777809891678231,0.09833983573593767,62.85727157225874,99.28287737616242,2.9477323828002967e-06
11728.0,2.65184,0.4778045756771093,0.09835296811882827,62.8569779479529,99.28304407865409,2.948895100348311e-06
11736.0,2.6520799999999998,0.47782817149206874,0.09836610659744585,62.85668418748332,99.28321086479923,2.95005879732197e-06
11744.0,2.65232,0.4778517766205247,0.09837925117719667,62.856390290729244,99.2833777346753,2.9512234751028856e-06
11752.0,2.65256,0.47787539107031574,0.09839240186349697,62.85609625756976,99.28354468835985,2.952389135044913e-06
11760.0,2.6528,0.4778990148493407,0.09840555866179809,62.85580208788323,99.28371172593106,2.9535557782343747e-06
11768.0,2.65304,0.4779226479654277,0.09841872157751358,62.85550778154883,99.2838788474664,2.954723406190888e-06
11776.0,2.6532799999999996,0.4779462904264967,0.0984318906161097,62.855213338444585,99.28404605304416,2.9558920200054017e-06
11784.0,2.65352,0.47796994224042283,0.0984450657830293,62.85491875844907,99.28421334274228,2.9570616210595266e-06
11792.0,2.65376,0.47799360341509606,0.09845824708372507,62.854624041440545,99.28438071663884,2.95823221071714e-06
11800.0,2.654,0.47801727395846727,0.09847143452368523,62.85432918729607,99.2845481748126,2.959403790116222e-06
11808.0,2.6542399999999997,0.4780409538784159,0.09848462810835974,62.85403419589416,99.28471571734153,2.960576360774847e-06
11816.0,2.65448,0.4780646431829143,0.09849782784325194,62.85373906711208,99.28488334430455,2.961749923791674e-06
11824.0,2.6547199999999997,0.47808834187988947,0.09851103373384142,62.85344380082763,99.28505105578013,2.9629244805560237e-06
11832.0,2.65496,0.4781120499772833,0.0985242457856177,62.85314839691836,99.28521885184686,2.9641000324387125e-06
11840.0,2.6552,0.47813576748309883,0.09853746400410596,62.852852855261055,99.28538673258389,2.9652765805484225e-06
11848.0,2.65544,0.4781594944052674,0.09855068839479303,62.85255717573344,99.28555469806969,2.966454126417877e-06
11856.0,2.65568,0.4781832307518141,0.0985639189632195,62.8522613582111,99.28572274838393,2.9676326712120405e-06
11864.0,2.65592,0.47820697653071825,0.09857715571490212,62.85196540257082,99.28589088360563,2.9688122163518436e-06
11872.0,2.65616,0.47823073174997427,0.09859039865536763,62.85166930868915,99.286059103814,2.969992763234317e-06
11880.0,2.6563999999999997,0.4782544964176392,0.09860364779017927,62.85137307644145,99.28622740908907,2.9711743130097747e-06
11888.0,2.65664,0.47827827054169664,0.09861690312486097,62.8510767057044,99.28639579950992,2.9723568672417814e-06
11896.0,2.6568799999999997,0.4783020541302257,0.09863016466499147,62.85078019635352,99.28656427515662,2.973540427050583e-06
11904.0,2.65712,0.4783258471912587,0.09864343241612507,62.85048354826482,99.2867328361088,2.9747249938571105e-06
11912.0,2.6573599999999997,0.4783496497328433,0.09865670638382613,62.85018676131422,99.28690148244614,2.9759105690583943e-06
11920.0,2.6576,0.4783734617630895,0.0986699865736956,62.84988983537726,99.2870702142488,2.9770971537446123e-06
11928.0,2.6578399999999998,0.47839728329003417,0.09868327299129506,62.8495927703299,99.28723903159646,2.978284749485496e-06
11936.0,2.65808,0.4784211143218095,0.09869656564224094,62.849295566046116,99.28740793456967,2.979473357460658e-06
11944.0,2.65832,0.4784449548665009,0.09870986453212523,62.84899822240109,99.28757692324857,2.9806629791087613e-06
11952.0,2.65856,0.47846880493220945,0.0987231696665502,62.84870073926981,99.28774599771343,2.98185361584457e-06
11960.0,2.6588,0.4784926645270995,0.09873648105115515,62.8484031165261,99.28791515804534,2.9830452688291923e-06
11968.0,2.65904,0.478516533659261,0.09874979869153944,62.84810535404507,99.28808440432445,2.984237939645467e-06
11976.0,2.65928,0.4785404123368807,0.09876312259335807,62.847807451700504,99.28825373663196,2.9854316294421665e-06
11984.0,2.6595199999999997,0.47856430056809784,0.09877645276224112,62.847509409366786,99.28842315504858,2.9866263396594963e-06
11992.0,2.65976,0.4785881983610676,0.09878978920382933,62.84721122691801,99.28859265965515,2.9878220717276404e-06
12000.0,2.6599999999999997,0.4786121057240086,0.09880313192380037,62.8469129042273,99.28876225053315,2.9890188268115613e-06
12008.0,2.66024,0.47863602266506483,0.09881648092779198,62.84661444116895,99.28893192776334,2.990216606504121e-06
12016.0,2.6604799999999997,0.47865994919247784,0.09882983622149787,62.846315837615506,99.28910169142749,2.991415411988015e-06
12024.0,2.66072,0.47868388531444117,0.09884319781058677,62.846017093440395,99.28927154160684,2.9926152447281216e-06
12032.0,2.6609599999999998,0.4787078310391646,0.09885656570073797,62.845718208516736,99.28944147838286,2.993816106171585e-06
12040.0,2.6612,0.4787317863749223,0.0988699398976685,62.84541918271632,99.28961150183784,2.9950179975280857e-06
12048.0,2.66144,0.47875575132991266,0.09888332040705462,62.84512001591251,99.28978161205309,2.9962209204074477e-06
12056.0,2.66168,0.47877972591243256,0.0988967072346293,62.84482070797776,99.28995180911086,2.9974248759430234e-06
12064.0,2.66192,0.47880371013073064,0.09891010038610022,62.84452125878481,99.290122093093,2.9986298656058583e-06
12072.0,2.66216,0.47882770399307145,0.09892349986718564,62.84422166820605,99.29029246408149,2.999835890844639e-06
12080.0,2.6624,0.4788517075077842,0.09893690568364155,62.84392193611295,99.29046292215882,3.0010429528382065e-06
12088.0,2.6626399999999997,0.4788757206831223,0.09895031784118329,62.843622062378174,99.29063346740692,3.0022510531994685e-06
12096.0,2.66288,0.4788997435274377,0.09896373634558293,62.84332204687263,99.29080409990863,3.0034601931327085e-06
12104.0,2.6631199999999997,0.4789237760490343,0.09897716120258736,62.84302188946814,99.2909748197463,3.0046703741151394e-06
12112.0,2.66336,0.47894781825623195,0.09899059241795406,62.84272159003608,99.29114562700252,3.0058815976232044e-06
12120.0,2.6635999999999997,0.4789718701574162,0.09900402999747891,62.84242114844637,99.29131652176078,3.007093864895881e-06
12128.0,2.66384,0.47899593176089555,0.09901747394691639,62.842120564570706,99.29148750410346,3.0083071775676643e-06
12136.0,2.66408,0.4790200030750792,0.09903092427207896,62.841819838279164,99.29165857411424,3.0095215368389835e-06
12144.0,2.66432,0.4790440841083267,0.09904438097875308,62.84151896944251,99.29182973187616,3.0107369442225164e-06
12152.0,2.66456,0.4790681748690143,0.09905784407273609,62.841217957931356,99.2920009774724,3.0119534011877677e-06
12160.0,2.6648,0.4790922753655842,0.09907131355986402,62.84091680361559,99.29217231098667,3.01317090893131e-06
12168.0,2.66504,0.47911638560640096,0.09908478944593117,62.84061550636594,99.29234373250208,3.014389469100746e-06
12176.0,2.66528,0.47914050559992993,0.09909827173678983,62.84031406605179,99.29251524210258,3.015609082898817e-06
12184.0,2.66552,0.4791646353545873,0.09911176043826657,62.84001248254323,99.29268683987173,3.0168297518335754e-06
12192.0,2.6657599999999997,0.4791887748788055,0.09912525555619872,62.839710755709945,99.29285852589327,3.0180514773968845e-06
12200.0,2.666,0.47921292418108347,0.09913875709646247,62.839408885420326,99.29303030025169,3.019274260833118e-06
12208.0,2.6662399999999997,0.4792370832698421,0.09915226506489219,62.839106871544374,99.29320216303056,3.020498103802215e-06
12216.0,2.66648,0.47926125215360443,0.09916577946738095,62.83880471395001,99.29337411431474,3.021723007550862e-06
12224.0,2.6667199999999998,0.47928543084084335,0.0991793003097956,62.838502412506195,99.29354615418843,3.0229489736202653e-06
12232.0,2.66696,0.4793096193400485,0.09919282759801404,62.83819996708173,99.29371828273602,3.0241760035130805e-06
12240.0,2.6672,0.479333817659777,0.09920636133795359,62.83789737754457,99.2938905000426,3.0254040984459274e-06
12248.0,2.66744,0.47935802580850656,0.099219901535489,62.8375946437636,99.29406280619244,3.0266332601126667e-06
12256.0,2.66768,0.4793822437948179,0.09923344819655423,62.837291765606444,99.29423520127071,3.027863489726834e-06
12264.0,2.6679199999999996,0.47940647162724154,0.09924700132705695,62.83698874294133,99.29440768536215,3.029094788828864e-06
12272.0,2.66816,0.47943070931432435,0.09926056093291578,62.836685575636196,99.29458025855169,3.0303271589345192e-06
12280.0,2.6684,0.47945495686468115,0.09927412702008898,62.836382263557816,99.29475292092494,3.0315606012920295e-06
12288.0,2.66864,0.4794792142868472,0.09928769959449212,62.83607880657437,99.29492567256668,3.0327951175960274e-06
12296.0,2.6688799999999997,0.47950348158946127,0.09930127866210041,62.83577520455257,99.29509851356279,3.0340307090754672e-06
12304.0,2.66912,0.47952775878111137,0.09931486422886238,62.83547145735978,99.29527144399863,3.0352673772784944e-06
12312.0,2.6693599999999997,0.47955204587040257,0.09932845630073787,62.83516756486292,99.29544446395974,3.0365051237432296e-06
12320.0,2.6696,0.47957634286600814,0.0993420548837267,62.83486352692744,99.29561757353241,3.0377439497641624e-06
12328.0,2.6698399999999998,0.4796006497765213,0.09935565998378554,62.83455934342062,99.29579077280206,3.0389838570436347e-06
12336.0,2.67008,0.4796249666106398,0.09936927160693142,62.834255014208054,99.29596406185529,3.0402248468368155e-06
12344.0,2.67032,0.4796492933770103,0.09938288975915446,62.83395053915604,99.29613744077811,3.0414669207196043e-06
12352.0,2.67056,0.47967363008429637,0.09939651444645613,62.833645918130564,99.29631090965671,3.0427100802393747e-06
12360.0,2.6708,0.4796979767412311,0.09941014567487844,62.8333411509964,99.29648446857803,3.043954326683677e-06
12368.0,2.6710399999999996,0.4797223333564659,0.09942378345041951,62.83303623761975,99.29665811762814,3.0451996617826085e-06
12376.0,2.67128,0.47974669993875874,0.09943742777913893,62.832731177865,99.29683185689423,3.046446086820636e-06
12384.0,2.6715199999999997,0.47977107649681516,0.0994510786670687,62.8324259715974,99.29700568646294,3.047693603389079e-06
12392.0,2.67176,0.4797954630393583,0.09946473612025243,62.83212061868194,99.29717960642111,3.048942213061524e-06
12400.0,2.6719999999999997,0.4798198595751815,0.09947840014477481,62.831815118982334,99.29735361685641,3.050191917137087e-06
12408.0,2.67224,0.4798442661129955,0.09949207074667614,62.83150947236376,99.29752771785554,3.051442717367452e-06
12416.0,2.6724799999999997,0.47986868266161814,0.09950574793205838,62.83120367869051,99.29770190950619,3.052694614986202e-06
12424.0,2.67272,0.47989310922981476,0.09951943170699598,62.83089773782714,99.29787619189558,3.0539476115854257e-06
12432.0,2.67296,0.47991754582636814,0.09953312207757495,62.830591649637896,99.29805056511111,3.055201708731772e-06
12440.0,2.6732,0.479941992460131,0.09954681904992216,62.83028541398611,99.29822502924063,3.0564569077066236e-06
12448.0,2.67344,0.4799664491398737,0.09956052263012034,62.82997903073629,99.29839958437145,3.057713210256268e-06
12456.0,2.67368,0.47999091587447407,0.09957423282431409,62.82967249975085,99.29857423059198,3.058970617696012e-06
12464.0,2.67392,0.4800153926727573,0.09958794963862035,62.82936582089331,99.29874896799002,3.0602291316403042e-06
12472.0,2.67416,0.4800398795435661,0.0996016730791677,62.82905899402682,99.29892379665364,3.061488753681236e-06
12480.0,2.6744,0.4800643764958145,0.09961540315212658,62.828752019012995,99.29909871667184,3.0627494851672646e-06
12488.0,2.6746399999999997,0.4800888835383329,0.09962913986362222,62.82844489571525,99.29927372813249,3.06401132786858e-06
12496.0,2.67488,0.48011340068006075,0.09964288321984295,62.828137623995254,99.29944883112476,3.0652742830974042e-06
12504.0,2.6751199999999997,0.4801379279298843,0.09965663322694902,62.82783020371542,99.29962402573722,3.0665383524874602e-06
12512.0,2.67536,0.4801624652967071,0.09967038989111221,62.82752263473801,99.29979931205857,3.0678035376478016e-06
12520.0,2.6755999999999998,0.480187012789505,0.09968415321854675,62.82721491692442,99.29997469017815,3.0690698398736873e-06
12528.0,2.67584,0.4802115704171693,0.09969792321542113,62.82690705013701,99.30015016018456,3.07033726096075e-06
12536.0,2.67608,0.480236138188701,0.09971169988796738,62.82659903423633,99.30032572216747,3.0716058022458827e-06
12544.0,2.67632,0.48026071611304755,0.09972548324238924,62.826290869083905,99.30050137621602,3.0728754653705194e-06
12552.0,2.67656,0.4802853041991741,0.09973927328490219,62.825982554541035,99.3006771224195,3.0741462519599036e-06
12560.0,2.6768,0.4803099024561183,0.0997530700217643,62.82567409046794,99.30085296086804,3.075418163332424e-06
12568.0,2.67704,0.48033451089283274,0.09976687345918772,62.825365476726084,99.3010288916508,3.0766912013014466e-06
12576.0,2.6772799999999997,0.48035912951838083,0.09978068360344866,62.82505671317499,99.30120491485822,3.0779653672115734e-06
12584.0,2.67752,0.4803837583417717,0.09979450046079472,62.82474779967517,99.30138103058012,3.079240662729681e-06
12592.0,2.67776,0.4804083973720326,0.0998083240374855,62.82443873608704,99.30155723890644,3.080517089482556e-06
12600.0,2.678,0.4804330466182637,0.0998221543398234,62.8241295222701,99.30173353992787,3.0817946487878155e-06
12608.0,2.6782399999999997,0.4804577060894794,0.0998359913740646,62.82382015808479,99.30190993373425,3.0830733424734735e-06
12616.0,2.67848,0.4804823757948058,0.09984983514652974,62.82351064338978,99.30208642041653,3.084353171892614e-06
12624.0,2.6787199999999998,0.4805070557433143,0.09986368566351074,62.82320097804469,99.30226300006512,3.0856341387182815e-06
12632.0,2.67896,0.4805317459440945,0.09987754293131149,62.82289116190884,99.30243967277066,3.0869162446019326e-06
12640.0,2.6792,0.4805564464063098,0.09989140695627932,62.822581194840346,99.30261643862455,3.088199490904362e-06
12648.0,2.67944,0.4805811571390369,0.09990527774471465,62.82227107669873,99.30279329771729,3.089483879461292e-06
12656.0,2.67968,0.4806058781514655,0.09991915530298333,62.82196080734146,99.3029702501406,3.0907694116574172e-06
12664.0,2.67992,0.4806306094527301,0.09993303963742199,62.82165038662705,99.30314729598565,3.0920560891866e-06
12672.0,2.68016,0.4806553510519835,0.09994693075437952,62.82133981441382,99.3033244353437,3.0933439137157158e-06
12680.0,2.6803999999999997,0.480680102958453,0.09996082866024852,62.821029090559115,99.30350166830685,3.094632886597849e-06
12688.0,2.68064,0.4807048651812785,0.09997473336137437,62.82071821492137,99.30367899496626,3.0959230096964786e-06
12696.0,2.6808799999999997,0.48072963772971367,0.09998864486416834,62.82040718735746,99.30385641541422,3.0972142843754824e-06
12704.0,2.68112,0.4807544206129564,0.10000256317501215,62.82009600772506,99.30403392974242,3.0985067123372024e-06
12712.0,2.6813599999999997,0.48077921384022326,0.10001648830029994,62.81978467588145,99.30421153804285,3.09980029526008e-06
12720.0,2.6816,0.4808040174208057,0.10003042024646996,62.81947319168262,99.3043892404082,3.1010950345434587e-06
12728.0,2.68184,0.4808288313639072,0.10004435901991278,62.819161554986124,99.30456703693028,3.1023909320569853e-06
12736.0,2.68208,0.48085365567884636,0.10005830462708573,62.81884976564727,99.3047449277023,3.1036879892146517e-06
12744.0,2.68232,0.4808784903748853,0.10007225707441617,62.81853782352251,99.30492291281672,3.1049862077480973e-06
12752.0,2.6825599999999996,0.48090333546130504,0.10008621636834412,62.81822572846795,99.30510099236623,3.106285589365062e-06
12760.0,2.6828,0.480928190947463,0.10010018251535441,62.81791348033831,99.30527916644441,3.1075861354887887e-06
12768.0,2.68304,0.4809530568426268,0.10011415552188335,62.817601078989945,99.30545743514378,3.108887848020535e-06
12776.0,2.68328,0.48097793315618065,0.10012813539443471,62.81728852427819,99.30563579855799,3.1101907283087593e-06
12784.0,2.6835199999999997,0.4810028198974517,0.10014212213948213,62.81697581605873,99.30581425678017,3.1114947780812462e-06
12792.0,2.68376,0.4810277170757858,0.10015611576351167,62.816662954186796,99.30599280990361,3.112799999053444e-06
12800.0,2.6839999999999997,0.4810526247006053,0.10017011627305437,62.81634993851651,99.30617145802218,3.1141063926308653e-06
12808.0,2.68424,0.4810775427812429,0.1001841236745929,62.81603676890345,99.30635020122905,3.115413960715537e-06
12816.0,2.6844799999999998,0.48110247132714823,0.10019813797467746,62.815723445200796,99.30652903961878,3.1167227047522914e-06
12824.0,2.68472,0.4811274103477138,0.10021215917982816,62.815409967262966,99.30670797328514,3.1180326265012945e-06
12832.0,2.68496,0.4811523598523509,0.10022618729657772,62.81509633494422,99.30688700232213,3.1193437276903304e-06
12840.0,2.6852,0.4811773198505485,0.10024022233150436,62.81478254809769,99.30706612682465,3.1206560097372473e-06
12848.0,2.68544,0.48120229035170464,0.10025426429113721,62.81446860657771,99.30724534688655,3.1219694745695157e-06
12856.0,2.68568,0.48122727136533566,0.10026831318207391,62.81415451023674,99.30742466260294,3.1232841236288825e-06
12864.0,2.68592,0.4812522629009001,0.10028236901088156,62.81384025892819,99.30760407406835,3.124599958683996e-06
12872.0,2.6861599999999997,0.48127726496787565,0.10029643178413991,62.81352585250513,99.3077835813775,3.1259169814888533e-06
12880.0,2.6864,0.4813022775758184,0.10031050150847495,62.81321129081928,99.30796318462599,3.12723519349831e-06
12888.0,2.6866399999999997,0.48132730073419244,0.10032457819046285,62.812896573723954,99.30814288390839,3.1285545966645076e-06
12896.0,2.68688,0.4813523344525814,0.10033866183674892,62.812581701071075,99.30832267932041,3.1298751923906445e-06
12904.0,2.6871199999999997,0.4813773787405105,0.10035275245394769,62.81226667271314,99.30850257095726,3.131196982463872e-06
12912.0,2.68736,0.48140243360752416,0.10036685004868649,62.81195148850226,99.30868255891431,3.1325199686443563e-06
12920.0,2.6875999999999998,0.4814274990632455,0.10038095462763892,62.811636148289324,99.30886264328764,3.1338441523861806e-06
12928.0,2.68784,0.4814525751172054,0.10039506619742869,62.81132065192674,99.3090428241725,3.135169535644571e-06
12936.0,2.68808,0.48147766177905527,0.10040918476474925,62.81100499926458,99.30922310166551,3.1364961199029096e-06
12944.0,2.68832,0.4815027590583873,0.10042331033626287,62.810689190154115,99.30940347586258,3.137823906969934e-06
12952.0,2.68856,0.48152786696481353,0.10043744291864493,62.8103732244463,99.30958394685985,3.139152898633566e-06
12960.0,2.6888,0.4815529855080259,0.1004515825186178,62.81005710199075,99.30976451475442,3.1404830963679345e-06
12968.0,2.68904,0.4815781146976224,0.10046572914285305,62.80974082263863,99.30994517964228,3.141814502167587e-06
12976.0,2.68928,0.4816032545433234,0.10047988279809306,62.809424386239186,99.31012594162067,3.1431471175020273e-06
12984.0,2.68952,0.4816284050547894,0.10049404349104857,62.809107792642585,99.31030680078624,3.144480944204664e-06
12992.0,2.6897599999999997,0.4816535662417006,0.1005082112284435,62.808791041698704,99.31048775723586,3.1458159840711296e-06
13000.0,2.69,0.48167873811381806,0.10052238601704934,62.808474133256155,99.31066881106723,3.147152238590202e-06
13008.0,2.6902399999999997,0.4817039206808081,0.10053656786358613,62.80815706716503,99.31084996237706,3.1484897097672215e-06
13016.0,2.69048,0.48172911395246004,0.1005507567748454,62.80783984327376,99.31103121126327,3.14982839907015e-06
13024.0,2.69072,0.48175431793850304,0.1005649527575867,62.80752246143157,99.31121255782323,3.151168308336252e-06
13032.0,2.69096,0.4817795326486862,0.10057915581858298,62.80720492148733,99.31139400215446,3.1525094393765793e-06
13040.0,2.6912,0.48180475809283957,0.10059336596465474,62.80688722328887,99.31157554435524,3.1538517936760546e-06
13048.0,2.69144,0.48182999428069806,0.10060758320257096,62.806569366685274,99.31175718452296,3.1551953732431026e-06
13056.0,2.69168,0.4818552412221206,0.10062180753917262,62.80625135152346,99.31193892275633,3.156540179601196e-06
13064.0,2.6919199999999996,0.48188049892690543,0.1006360389812685,62.805933177651475,99.3121207591534,3.157886214606874e-06
13072.0,2.69216,0.481905767404871,0.1006502775356809,62.805614844917,99.3123026938125,3.1592334800981733e-06
13080.0,2.6924,0.48193104666591796,0.10066452320928042,62.80529635316614,99.31248472683289,3.1605819776116726e-06
13088.0,2.69264,0.4819563367198504,0.10067877600888539,62.804977702246845,99.31266685831274,3.1619317091912616e-06
13096.0,2.6928799999999997,0.4819816375765982,0.1006930359413871,62.80465889200522,99.3128490883515,3.163282676338055e-06
13104.0,2.69312,0.48200694924602966,0.10070730301364421,62.80433992228819,99.31303141704802,3.164634880930951e-06
13112.0,2.6933599999999998,0.4820322717380335,0.10072157723252892,62.804020792942396,99.31321384450133,3.165988324822634e-06
13120.0,2.6936,0.4820576050625811,0.10073585860496227,62.803701503813365,99.31339637081123,3.16734300952347e-06
13128.0,2.69384,0.48208294922954686,0.10075014713781254,62.803382054747935,99.3135789960766,3.1686989370927684e-06
13136.0,2.69408,0.48210830424893136,0.10076444283802137,62.80306244559108,99.31376172039754,3.170056109053231e-06
13144.0,2.69432,0.48213367013067343,0.10077874571249759,62.80274267618873,99.31394454387353,3.1714145272937787e-06
13152.0,2.69456,0.4821590468847324,0.1007930557681638,62.802422746386334,99.31412746660436,3.172774193688684e-06
13160.0,2.6948,0.4821844345211513,0.10080737301199186,62.802102656027806,99.31431048869075,3.1741351097984272e-06
13168.0,2.6950399999999997,0.48220983304987486,0.10082169745090026,62.80178240495895,99.31449361023225,3.1754972777000504e-06
13176.0,2.69528,0.4822352424809761,0.10083602909188205,62.80146199302312,99.31467683133,3.176860698961744e-06
13184.0,2.6955199999999997,0.4822606628244653,0.10085036794189692,62.801141420064866,99.31486015208438,3.178225375508665e-06
13192.0,2.69576,0.4822860940903733,0.10086471400791838,62.80082068592861,99.3150435725959,3.1795913092235664e-06
13200.0,2.6959999999999997,0.4823115362888159,0.10087906729696991,62.80049979045779,99.31522709296593,3.180958501633777e-06
13208.0,2.69624,0.4823369894298093,0.10089342781602095,62.800178733496864,99.31541071329488,3.1823269548471775e-06
13216.0,2.6964799999999998,0.48236245352349894,0.10090779557211606,62.79985751488851,99.31559443368434,3.183696670420393e-06
13224.0,2.69672,0.4823879285799669,0.10092217057226607,62.799536134476334,99.31577825423531,3.1850676502770403e-06
13232.0,2.69696,0.4824134146093165,0.10093655282349613,62.79921459210343,99.31596217504911,3.186439896333795e-06
13240.0,2.6972,0.48243891162173647,0.10095094233288146,62.79889288761106,99.31614619622809,3.187813410208191e-06
13248.0,2.69744,0.48246441962731496,0.10096533910744292,62.79857102084272,99.31633031787332,3.1891881940142772e-06
13256.0,2.69768,0.48248993863627115,0.10097974315427734,62.79824899164011,99.31651454008738,3.19056424930945e-06
13264.0,2.69792,0.48251546865876005,0.10099415448044757,62.79792679984562,99.3166988629721,3.1919415780404557e-06
13272.0,2.6981599999999997,0.4825410097049578,0.10100857309303046,62.79760444530133,99.31688328662953,3.1933201821301374e-06
13280.0,2.6984,0.4825665617851266,0.1010229989991537,62.79728192784812,99.31706781116252,3.194700063158251e-06
13288.0,2.6986399999999997,0.4825921249094277,0.10103743220589012,62.796959247328296,99.31725243667296,3.1960812232604338e-06
13296.0,2.69888,0.482617699088154,0.10105187272038901,62.7966364035819,99.3174371632641,3.1974636640426534e-06
13304.0,2.6991199999999997,0.4826432843315337,0.10106632054976541,62.796313396450145,99.31762199103854,3.1988473874786404e-06
13312.0,2.69936,0.4826688806498167,0.10108077570114872,62.795990225773885,99.31780692009909,3.2002323955128265e-06
13320.0,2.6995999999999998,0.48269448805334,0.10109523818171967,62.79566689139247,99.31799195054965,3.2016186897588906e-06
13328.0,2.69984,0.482720106552338,0.10110970799860339,62.795343393147,99.31817708249287,3.2030062723848515e-06
13336.0,2.70008,0.4827457361571788,0.1011241851590026,62.79501973087638,99.31836231603288,3.204395145002845e-06
13344.0,2.70032,0.48277137687816507,0.10113866967008525,62.79469590442061,99.31854765127308,3.2057853096089598e-06
13352.0,2.70056,0.48279702872562097,0.10115316153903371,62.79437191361938,99.31873308831712,3.2071767681622775e-06
13360.0,2.7008,0.48282269170995884,0.10116766077308231,62.794047758311244,99.31891862726944,3.2085695222679947e-06
13368.0,2.70104,0.48284836584148755,0.10118216737940919,62.79372343833607,99.31910426823353,3.2099635741141766e-06
13376.0,2.7012799999999997,0.48287405113065035,0.10119668136527057,62.79339895353186,99.31929001131417,3.2113589253106466e-06
13384.0,2.70152,0.4828997475878246,0.10121120273788772,62.79307430373755,99.31947585661547,3.2127555778658287e-06
13392.0,2.7017599999999997,0.4829254552234098,0.10122573150449655,62.79274948879159,99.31966180424189,3.214153533757307e-06
13400.0,2.702,0.4829511740478938,0.10124026767238527,62.792424508530836,99.31984785429877,3.2155527946519594e-06
13408.0,2.7022399999999998,0.48297690407166044,0.10125481124878541,62.79209936279409,99.32003400689034,3.2169533627440175e-06
13416.0,2.70248,0.48300264530522946,0.10126936224100759,62.791774051417875,99.32022026212233,3.2183552396803126e-06
13424.0,2.70272,0.48302839775905393,0.10128392065632702,62.79144857423979,99.32040662009975,3.219758427494711e-06
13432.0,2.70296,0.4830541614436091,0.10129848650203362,62.79112293109718,99.32059308092776,3.2211629281871565e-06
13440.0,2.7032,0.4830799363694596,0.10131305978547017,62.7907971218262,99.32077964471254,3.222568743389831e-06
13448.0,2.70344,0.4831057225470652,0.10132764051392233,62.79047114626438,99.32096631155912,3.2239758753324323e-06
13456.0,2.70368,0.4831315199870225,0.10134222869475547,62.79014500424679,99.32115308157395,3.2253843256949442e-06
13464.0,2.70392,0.48315732869986094,0.1013568243352992,62.78981869560982,99.32133995486281,3.2267940965274236e-06
13472.0,2.70416,0.48318314869613244,0.1013714274428981,62.78949222018957,99.32152693153172,3.2282051898498607e-06
13480.0,2.7043999999999997,0.48320897998647944,0.1013860380249502,62.789165577820825,99.32171401168773,3.2296176073275887e-06
13488.0,2.70464,0.48323482258143796,0.10140065608879567,62.78883876833984,99.3219011954367,3.2310313512095813e-06
13496.0,2.7048799999999997,0.4832606764916826,0.10141528164185529,62.78851179158056,99.3220884828859,3.2324464231881575e-06
13504.0,2.70512,0.48328654172782015,0.10142991469151379,62.78818464737811,99.32227587414198,3.2338628253372748e-06
13512.0,2.7053599999999998,0.48331241830047994,0.10144455524517089,62.78785733556724,99.32246336931182,3.2352805597000525e-06
13520.0,2.7056,0.4833383062203831,0.10145920331028062,62.78752985598109,99.32265096850334,3.2366996279873138e-06
13528.0,2.70584,0.4833642054981429,0.1014738588942382,62.78720220845469,99.32283867182323,3.2381200324719314e-06
13536.0,2.70608,0.4833901161445126,0.10148852200452041,62.786874392821524,99.32302647937948,3.23954177480382e-06
13544.0,2.70632,0.4834160381701769,0.1015031926485675,62.78654640891569,99.32321439127948,3.240964857059251e-06
13552.0,2.7065599999999996,0.4834419715858433,0.10151787083383491,62.786218256571,99.32340240763082,3.24238928128597e-06
13560.0,2.7068,0.4834679164023106,0.10153255656783221,62.785889935620226,99.32359052854183,3.2438150491516227e-06
13568.0,2.70704,0.4834938726302703,0.10154724985801034,62.785561445897386,99.32377875411996,3.2452421629360228e-06
13576.0,2.70728,0.4835198402805543,0.1015619507119021,62.78523278723347,99.32396708447423,3.2466706243962517e-06
13584.0,2.7075199999999997,0.48354581936392554,0.10157665913700376,62.784903959461154,99.32415551971282,3.2481004356494433e-06
13592.0,2.70776,0.4835718098911702,0.1015913751408268,62.78457496241267,99.32434405994428,3.249531598783433e-06
13600.0,2.7079999999999997,0.4835978118731682,0.10160609873093827,62.784245795918125,99.32453270527844,3.250964115583831e-06
13608.0,2.70824,0.48362382532068926,0.10162082991484515,62.78391645981007,99.32472145582362,3.2523979883643714e-06
13616.0,2.7084799999999998,0.4836498502446467,0.10163556870013798,62.7835869539189,99.32491031168976,3.253833218850526e-06
13624.0,2.70872,0.4836758866558836,0.10165031509437002,62.783257278075915,99.32509927298607,3.2552698091817886e-06
13632.0,2.70896,0.48370193456526617,0.10166506910510979,62.782927432112196,99.3252883398219,3.2567077614598713e-06
13640.0,2.7092,0.48372799398375493,0.10167983073998177,62.782597415857914,99.32547751230734,3.2581470773794066e-06
13648.0,2.70944,0.48375406492219974,0.10169460000654999,62.78226722914427,99.32566679055165,3.259587759294993e-06
13656.0,2.7096799999999996,0.48378014739159403,0.10170937691246222,62.781936871800696,99.3258561746653,3.261029808920537e-06
13664.0,2.70992,0.4838062414028611,0.10172416146532888,62.78160634365754,99.32604566475813,3.262473228397844e-06
13672.0,2.7101599999999997,0.48383234696694744,0.10173895367277586,62.7812756445446,99.32623526094031,3.2639180198486737e-06
13680.0,2.7104,0.4838584640948944,0.1017537535424852,62.78094477428969,99.32642496332309,3.2653641850771377e-06
13688.0,2.7106399999999997,0.4838845927976322,0.10176856108207835,62.78061373272303,99.3266147720164,3.266811726424728e-06
13696.0,2.71088,0.48391073308623617,0.10178337629926136,62.780282519672134,99.32680468713195,3.26826064567474e-06
13704.0,2.7111199999999998,0.4839368849717108,0.10179819920170254,62.779951134965785,99.32699470878059,3.2697109450098417e-06
13712.0,2.71136,0.4839630484650839,0.10181302979708583,62.779619578432474,99.32718483707335,3.271162626577235e-06
13720.0,2.7116,0.4839892235774798,0.1018278680931522,62.7792878498994,99.32737507212231,3.2726156921370855e-06
13728.0,2.71184,0.48401541031990963,0.10184271409758093,62.77895594919522,99.32756541403838,3.2740701440809995e-06
13736.0,2.71208,0.4840416087035315,0.10185756781813703,62.77862387614659,99.32775586293388,3.2755259841807073e-06
13744.0,2.71232,0.4840678187394317,0.10187242926254715,62.778291630581144,99.32794641892046,3.276983214622732e-06
13752.0,2.71256,0.48409404043872045,0.10188729843855394,62.77795921232606,99.32813708211003,3.2784418375766336e-06
13760.0,2.7127999999999997,0.48412027381260475,0.10190217535395743,62.77762662120675,99.32832785261552,3.2799018548619453e-06
13768.0,2.71304,0.4841465188721779,0.10191706001649546,62.77729385705075,99.3285187305486,3.2813632688741268e-06
13776.0,2.7132799999999997,0.4841727756286817,0.10193195243399263,62.77696091968295,99.3287097160227,3.2828260814373364e-06
13784.0,2.71352,0.48419904409328524,0.10194685261423465,62.77662780892951,99.32890080915038,3.284290294768936e-06
13792.0,2.7137599999999997,0.48422532427718173,0.10196176056502348,62.776294524616226,99.32909201004449,3.2857559110716393e-06
13800.0,2.714,0.48425161619166285,0.10197667629421919,62.77596106656727,99.32928331881897,3.2872229321626653e-06
13808.0,2.7142399999999998,0.4842779198479047,0.10199159980961892,62.77562743460868,99.32947473558646,3.2886913604860465e-06
13816.0,2.71448,0.48430423525723354,0.10200653111910733,62.77529362856456,99.3296662604611,3.2901611978312464e-06
13824.0,2.71472,0.4843305624309023,0.10202147023052996,62.77495964825987,99.32985789355632,3.2916324464402993e-06
13832.0,2.71496,0.484356901380188,0.10203641715174855,62.774625493519245,99.33004963498577,3.2931051085151474e-06
13840.0,2.7152,0.4843832521164666,0.10205137189068333,62.77429116416599,99.33024148486396,3.2945791858652996e-06
13848.0,2.71544,0.484409614650998,0.10206633445519124,62.773956660024965,99.3304334433044,3.296054680944812e-06
13856.0,2.71568,0.4844359889951932,0.10208130485321736,62.77362198091838,99.33062551042217,3.2975315956086814e-06
13864.0,2.7159199999999997,0.48446237516038915,0.10209628309266731,62.77328712666984,99.33081768633154,3.2990099321166747e-06
13872.0,2.71616,0.4844887731579476,0.10211126918146325,62.772952097102625,99.33100997114705,3.300489692699261e-06
13880.0,2.7163999999999997,0.48451518299933,0.10212626312758641,62.77261689203837,99.33120236498443,3.30197087921298e-06
13888.0,2.71664,0.4845416046958807,0.10214126493895401,62.77228151130056,99.33139486795801,3.3034534941311612e-06
13896.0,2.7168799999999997,0.48456803825909733,0.10215627462357284,62.771945954709494,99.331587480184,3.304937539366627e-06
13904.0,2.71712,0.48459448370040237,0.10217129218940947,62.77161022208714,99.3317802017777,3.306423017224632e-06
13912.0,2.7173599999999998,0.4846209410312432,0.10218631764444723,62.77127431325545,99.3319730328546,3.3079099299533775e-06
13920.0,2.7176,0.4846474102631685,0.10220135099672935,62.770938228035355,99.33216597353122,3.309398279371625e-06
13928.0,2.71784,0.4846738914076081,0.10221639225423418,62.77060196624876,99.33235902392292,3.3108880680028188e-06
13936.0,2.71808,0.4847003844761461,0.10223144142503017,62.77026552771553,99.33255218414641,3.3123792977065826e-06
13944.0,2.71832,0.4847268894802913,0.10224649851714554,62.76992891225664,99.33274545431776,3.3138719707843164e-06
13952.0,2.71856,0.4847534064315774,0.10226156353862513,62.76959211969256,99.33293883455336,3.3153660895150606e-06
13960.0,2.7188,0.48477993534163993,0.10227663649757432,62.76925514984191,99.33313232497068,3.316861655811638e-06
13968.0,2.7190399999999997,0.484806476221995,0.10229171740203304,62.76891800252554,99.33332592568587,3.3183586721920947e-06
13976.0,2.71928,0.48483302908431464,0.10230680626013235,62.76858067756163,99.33351963681689,3.319857140564628e-06
13984.0,2.71952,0.48485959394019457,0.10232190307996261,62.76824317476963,99.33371345848077,3.3213570632614764e-06
13992.0,2.71976,0.48488617080125584,0.1023370078696311,62.76790549396848,99.33390739079488,3.3228584425956046e-06
14000.0,2.7199999999999998,0.48491275967922304,0.10235212063730642,62.76756763497513,99.33410143387778,3.324361280512216e-06
14008.0,2.72024,0.4849393605856993,0.10236724139109081,62.7672295976089,99.33429558784661,3.325865579573305e-06
14016.0,2.72048,0.48496597353244586,0.10238237013917888,62.766891381686996,99.33448985282017,3.3273713416654784e-06
14024.0,2.72072,0.48499259853114657,0.10239750688972386,62.76655298702748,99.3346842289165,3.3288785691471903e-06
14032.0,2.72096,0.4850192355935108,0.10241265165089607,62.76621441344813,99.33487871625378,3.3303872643352598e-06
14040.0,2.7211999999999996,0.4850458847313519,0.1024278044309275,62.76587566076544,99.33507331495113,3.331897429129402e-06
14048.0,2.72144,0.48507254595636123,0.10244296523798341,62.76553672879739,99.33526802512661,3.3334090661101145e-06
14056.0,2.72168,0.4850992192803894,0.10245813408032219,62.765197617358666,99.33546284690011,3.3349221772673176e-06
14064.0,2.72192,0.48512590471520906,0.10247331096616048,62.76485832626576,99.33565778039055,3.336436764993388e-06
14072.0,2.7221599999999997,0.48515260227261875,0.10248849590373231,62.764518855334934,99.33585282571714,3.337952831639839e-06
14080.0,2.7224,0.4851793119645227,0.10250368890133435,62.7641792043808,99.33604798300038,3.3394703791534173e-06
14088.0,2.7226399999999997,0.48520603380270105,0.10251888996719537,62.76383937321973,99.33624325235928,3.3409894101554816e-06
14096.0,2.72288,0.4852327677990955,0.10253409910963865,62.763499361665765,99.33643863391458,3.3425099265974034e-06
14104.0,2.7231199999999998,0.48525951396556866,0.10254931633694503,62.76315916953407,99.33663412778618,3.34403193088775e-06
14112.0,2.72336,0.48528627231400934,0.10256454165741302,62.76281879663945,99.33682973409425,3.345555425399623e-06
14120.0,2.7236,0.4853130428564128,0.10257977507940422,62.762478242795055,99.33702545295998,3.347080412106752e-06
14128.0,2.72384,0.4853398256046494,0.10259501661121187,62.76213750781596,99.33722128450336,3.3486068936436044e-06
14136.0,2.72408,0.4853666205707521,0.10261026626122434,62.76179659151469,99.33741722884608,3.3501348719846803e-06
14144.0,2.72432,0.4853934277666742,0.10262552403778735,62.76145549370504,99.33761328610898,3.351664349562448e-06
14152.0,2.72456,0.4854202472043956,0.10264078994926437,62.76111421420042,99.33780945641314,3.3531953287723673e-06
14160.0,2.7248,0.48544707889600336,0.10265606400408259,62.76077275281259,99.3380057398808,3.3547278116012757e-06
14168.0,2.72504,0.48547392285345864,0.10267134621060016,62.760431109355224,99.33820213663286,3.356261800706769e-06
14176.0,2.7252799999999997,0.4855007790888868,0.10268663657727134,62.76008928363929,99.33839864679202,3.357797298097271e-06
14184.0,2.72552,0.48552764761433276,0.10270193511250739,62.75974727547711,99.33859527048006,3.359334306226838e-06
14192.0,2.7257599999999997,0.48555452844186825,0.10271724182473738,62.75940508468061,99.33879200781907,3.3608728275179146e-06
14200.0,2.726,0.4855814215836734,0.10273255672245488,62.75906271105999,99.3389888589323,3.3624128639850933e-06
14208.0,2.7262399999999998,0.48560832705180107,0.10274787981408362,62.75872015442744,99.3391858239416,3.3639544183206646e-06
14216.0,2.72648,0.4856352448584702,0.10276321110814468,62.758377414592374,99.33938290297074,3.3654974925492433e-06
14224.0,2.72672,0.48566217501581843,0.10277855061311549,62.758034491365585,99.3395800961425,3.367042089161122e-06
14232.0,2.72696,0.4856891175360104,0.10279389833749154,62.75769138455738,99.33977740358,3.368588210611898e-06
14240.0,2.7272,0.4857160724313208,0.1028092542898338,62.75734809397607,99.33997482540757,3.370135858965506e-06
14248.0,2.72744,0.4857430397138952,0.10282461847863232,62.757004619432315,99.34017236174809,3.3716850369404516e-06
14256.0,2.72768,0.48577001939604736,0.10283999091247573,62.756660960734514,99.34037001272621,3.373235746552868e-06
14264.0,2.7279199999999997,0.48579701149000853,0.10285537159990843,62.75631711769205,99.34056777846577,3.3747879903084675e-06
14272.0,2.72816,0.48582401600803743,0.10287076054949312,62.75597309011382,99.34076565909082,3.3763417706828927e-06
14280.0,2.7283999999999997,0.48585103296250354,0.1028861577698584,62.755628877807005,99.34096365472655,3.377897089730828e-06
14288.0,2.72864,0.4858780623656462,0.10290156326956144,62.75528448058087,99.34116176549684,3.3794539501985323e-06
14296.0,2.7288799999999998,0.48590510422987454,0.10291697705725895,62.754939898241545,99.34135999152743,3.3810123541761558e-06
14304.0,2.72912,0.48593215856751454,0.10293239914156296,62.75459513059675,99.34155833294315,3.3825723042071876e-06
14312.0,2.72936,0.4859592253909198,0.10294782953110403,62.75425017745391,99.34175678986908,3.3841338027850042e-06
14320.0,2.7296,0.48598630471255605,0.10296326823457944,62.75390503861881,99.34195536243158,3.385696851985106e-06
14328.0,2.72984,0.4860133965447575,0.10297871526061418,62.75355971389905,99.34215405075551,3.3872614545869048e-06
14336.0,2.73008,0.4860405009000296,0.10299417061793371,62.75321420309975,99.34235285496754,3.3888276126635883e-06
14344.0,2.73032,0.48606761779079394,0.10300963431521847,62.752868506027255,99.34255177519344,3.390395328776379e-06
14352.0,2.7305599999999997,0.48609474722950013,0.10302510636116761,62.752522622487405,99.34275081155937,3.3919646054525775e-06
14360.0,2.7308,0.4861218892287108,0.10304058676454757,62.75217655228414,99.34294996419263,3.393535444810087e-06
14368.0,2.73104,0.4861490438008558,0.10305607553405183,62.75183029522366,99.3431492332191,3.395107849642969e-06
14376.0,2.73128,0.48617621095853814,0.10307157267847551,62.75148385110939,99.34334861876654,3.3966818220660452e-06
14384.0,2.7315199999999997,0.4862033907142761,0.10308707820656808,62.75113721974607,99.34354812096183,3.3982573646667505e-06
14392.0,2.73176,0.486230583080616,0.10310259212709798,62.750790400937994,99.34374773993207,3.399834480000912e-06
14400.0,2.7319999999999998,0.48625778807021897,0.10311811444890179,62.75044339448759,99.34394747580568,3.401413170201083e-06
14408.0,2.73224,0.4862850056956113,0.10313364518074213,62.75009620019948,99.34414732870958,3.4029934381021865e-06
14416.0,2.73248,0.4863122359694948,0.10314918433148455,62.74974881787547,99.34434729877258,3.4045752858367762e-06
14424.0,2.73272,0.4863394789044855,0.10316473190994851,62.749401247318765,99.34454738612257,3.4061587160215865e-06
14432.0,2.73296,0.48636673451322765,0.10318028792497239,62.74905348833213,99.34474759088775,3.4077437312332592e-06
14440.0,2.7332,0.4863940028084814,0.10319585238546353,62.74870554071662,99.34494791319743,3.4093303336166844e-06
14448.0,2.73344,0.486421283802871,0.10321142530025462,62.7483574042753,99.3451483531796,3.4109185260329986e-06
14456.0,2.7336799999999997,0.4864485775091978,0.10322700667828233,62.74800907880813,99.34534891096418,3.4125083106571597e-06
14464.0,2.73392,0.48647588394017643,0.1032425965284366,62.74766056411666,99.34554958668015,3.4140996901405965e-06
14472.0,2.73416,0.4865032031085504,0.10325819485962674,62.74731186000206,99.34575038045675,3.4156926670892493e-06
14480.0,2.7344,0.48653053502718013,0.10327380168083179,62.74696296626371,99.34595129242449,3.417287243675762e-06
14488.0,2.7346399999999997,0.48655787970878883,0.10328941700095517,62.74661388270303,99.34615232271243,3.418883422792112e-06
14496.0,2.73488,0.48658523716627833,0.10330504082900532,62.74626460911895,99.34635347145135,3.4204812065993795e-06
14504.0,2.7351199999999998,0.4866126074124631,0.10332067317394361,62.74591514531158,99.34655473877126,3.4220805977651834e-06
14512.0,2.73536,0.4866399904601866,0.10333631404475088,62.745565491080434,99.34675612480244,3.423681598927845e-06
14520.0,2.7356,0.4866673863224104,0.10335196345047841,62.74521564622288,99.3469576296765,3.425284212309353e-06
14528.0,2.73584,0.4866947950119575,0.1033676214001011,62.7448656105389,99.34715925352347,3.426888440828668e-06
14536.0,2.73608,0.4867222165418317,0.1033832879027001,62.7445153838255,99.34736099647547,3.4284942866861912e-06
14544.0,2.73632,0.4867496509249482,0.10339896296730898,62.744164965881055,99.3475628586636,3.430101752590404e-06
14552.0,2.73656,0.4867770981742517,0.10341464660298093,62.7438143565035,99.34776484021921,3.431710841200444e-06
14560.0,2.7367999999999997,0.48680455830280644,0.10343033881884046,62.743463555488866,99.34796694127495,3.4333215547460097e-06
14568.0,2.73704,0.4868320313235362,0.10344603962393474,62.74311256263541,99.348169161962,3.434933896179986e-06
14576.0,2.7372799999999997,0.48685951724954757,0.10346174902741839,62.74276137773893,99.34837150241337,3.4365478676996896e-06
14584.0,2.73752,0.48688701609385754,0.1034774670383977,62.742410000596344,99.34857396276117,3.438163472027479e-06
14592.0,2.7377599999999997,0.486914527869513,0.10349319366599907,62.74205843100384,99.34877654313787,3.4397807118618138e-06
14600.0,2.738,0.48694205258968154,0.10350892891942083,62.74170666875518,99.34897924367729,3.441399589503322e-06
14608.0,2.73824,0.48696959026738895,0.10352467280778324,62.74135471364711,99.34918206451167,3.443020107925706e-06
14616.0,2.73848,0.4869971409158461,0.10354042534031531,62.74100256547337,99.34938500577535,3.4446422693802504e-06
14624.0,2.73872,0.48702470454817326,0.10355618652619723,62.740650224029025,99.34958806760163,3.4462660766270938e-06
14632.0,2.73896,0.4870522811775206,0.10357195637462935,62.7402976891088,99.34979125012407,3.4478915323870532e-06
14640.0,2.7392,0.48707987081716037,0.10358773489488471,62.73994496050583,99.3499945534774,3.449518638904476e-06
14648.0,2.73944,0.48710747348022176,0.10360352209615763,62.73959203801508,99.35019797779503,3.451147399194696e-06
14656.0,2.73968,0.4871350891800201,0.1036193179877518,62.73923892142869,99.35040152321217,3.452777815531358e-06
14664.0,2.7399199999999997,0.4871627179297796,0.10363512257892192,62.73888561054023,99.3506051898631,3.4544098906954166e-06
14672.0,2.74016,0.4871903597427548,0.10365093587894295,62.73853210514274,99.35080897788252,3.4560436274339024e-06
14680.0,2.7403999999999997,0.48721801463232356,0.10366675789716345,62.73817840502703,99.35101288740645,3.4576790280682612e-06
14688.0,2.74064,0.4872456826117189,0.10368258864285221,62.73782450998653,99.35121691856929,3.4593160956346446e-06
14696.0,2.7408799999999998,0.4872733636943629,0.10369842812538908,62.73747041981117,99.35142107150769,3.460954832468376e-06
14704.0,2.74112,0.4873010578935851,0.10371427635410416,62.7371161342926,99.35162534635711,3.4625952413989814e-06
14712.0,2.74136,0.48732876522274554,0.10373013333834795,62.73676165322218,99.35182974325342,3.4642373252012482e-06
14720.0,2.7416,0.4873564856953295,0.10374599908754573,62.73640697638959,99.35203426233377,3.465881086178118e-06
14728.0,2.74184,0.4873842193246755,0.10376187361104175,62.736052103586346,99.3522389037338,3.4675265274104595e-06
14736.0,2.74208,0.48741196612431276,0.1037777569182926,62.73569703460133,99.35244366759095,3.4691736512212602e-06
14744.0,2.74232,0.48743972610767716,0.10379364901870446,62.73534176922476,99.3526485540418,3.470822460439276e-06
14752.0,2.74256,0.48746749928823563,0.10380954992170431,62.73498630724619,99.3528535632233,3.4724729578863237e-06
14760.0,2.7428,0.4874952856795811,0.10382545963679447,62.73463064845284,99.35305869527377,3.474125145938589e-06
14768.0,2.7430399999999997,0.4875230852951586,0.1038413781733955,62.734274792634785,99.35326395032988,3.4757790276992995e-06
14776.0,2.74328,0.4875508981486059,0.10385730554104161,62.73391873957903,99.35346932853042,3.477434605518427e-06
14784.0,2.7435199999999997,0.4875787242534665,0.10387324174921596,62.73356248907399,99.35367483001319,3.4790918822702156e-06
14792.0,2.74376,0.4876065636233152,0.10388918680742287,62.733206040907454,99.3538804549163,3.480750860802696e-06
14800.0,2.7439999999999998,0.4876344162718544,0.10390514072524275,62.732849394864985,99.35408620337927,3.4824115435174964e-06
14808.0,2.74424,0.4876622822126367,0.10392110351217342,62.732492550734825,99.35429207553996,3.484073933556394e-06
14816.0,2.74448,0.48769016145941,0.10393707517782762,62.73213550830218,99.35449807153834,3.4857380332948028e-06
14824.0,2.74472,0.4877180540258266,0.10395305573176651,62.731778267353654,99.35470419151339,3.4874038456493716e-06
14832.0,2.74496,0.48774595992557046,0.10396904518357254,62.7314208276753,99.35491043560437,3.4890713734928025e-06
14840.0,2.7451999999999996,0.4877738791724547,0.10398504354290526,62.731063189051,99.35511680395193,3.4907406192459986e-06
14848.0,2.74544,0.48780181178014087,0.10400105081934054,62.730705351267225,99.3553232966951,3.492411586088515e-06
14856.0,2.74568,0.4878297577624878,0.1040170670225705,62.73034731410766,99.35552991397503,3.4940842764050184e-06
14864.0,2.74592,0.48785771713325776,0.104033092162235,62.729989077357246,99.3557366559318,3.495758693132974e-06
14872.0,2.7461599999999997,0.4878856899062449,0.10404912624799542,62.72963064080047,99.35594352270584,3.4974348391643583e-06
14880.0,2.7464,0.48791367609537345,0.10406516928959082,62.72927200421994,99.35615051443875,3.4991127169139067e-06
14888.0,2.7466399999999997,0.4879416757144151,0.10408122129667612,62.72891316740049,99.35635763127074,3.500792329581991e-06
14896.0,2.74688,0.4879696887773402,0.10409728227902315,62.72855413012352,99.3565648733441,3.5024736796257505e-06
14904.0,2.74712,0.48799771529802183,0.10411335224635129,62.72819489217219,99.35677224080005,3.504156770011948e-06
14912.0,2.74736,0.4880257552903656,0.10412943120840175,62.72783545332915,99.35697973378022,3.5058416036726524e-06
14920.0,2.7476,0.4880538087684086,0.10414551917499426,62.72747581337483,99.35718735242772,3.507528183072712e-06
14928.0,2.74784,0.4880818757460333,0.10416161615586327,62.727115972092236,99.35739509688389,3.5092165114618422e-06
14936.0,2.74808,0.4881099562373243,0.10417772216086221,62.72675592926058,99.35760296729244,3.5109065913365033e-06
14944.0,2.7483199999999997,0.488138050256267,0.10419383719979093,62.726395684661,99.3578109637959,3.512598425718969e-06
14952.0,2.74856,0.48816615781687983,0.10420996128247142,62.7260352380743,99.35801908653713,3.5142920175760016e-06
14960.0,2.7488,0.48819427893331485,0.10422609441880563,62.72567458927941,99.35822733566042,3.5159873693732215e-06
14968.0,2.74904,0.4882224136195671,0.10424223661860857,62.72531373805732,99.35843571130843,3.517684484405833e-06
14976.0,2.7492799999999997,0.48825056188983557,0.10425838789181566,62.72495268418628,99.35864421362575,3.519383365139455e-06
14984.0,2.74952,0.4882787237582195,0.10427454824830823,62.7245914274459,99.35885284275606,3.5210840146071565e-06
14992.0,2.7497599999999998,0.48830689923885134,0.10429071769798999,62.72422996761517,99.35906159884341,3.522786435809623e-06
15000.0,2.75,0.4883350883459977,0.1043068962508449,62.72386830447084,99.35927048203318,3.52449063126336e-06
15008.0,2.75024,0.4883632910937676,0.10432308391676978,62.72350643779235,99.35947949246916,3.526196604280533e-06
15016.0,2.75048,0.4883915074964758,0.1043392807057828,62.7231443673556,99.35968863029743,3.527904357397693e-06
15024.0,2.75072,0.4884197375683363,0.10435548662784762,62.722782092938225,99.3598978956629,3.5296138936864575e-06
15032.0,2.75096,0.4884479813235965,0.10437170169295035,62.72241961431738,99.36010728871085,3.5313252161798937e-06
15040.0,2.7512,0.4884762387766402,0.10438792591115868,62.722056931268085,99.36031680958808,3.533038327417637e-06
15048.0,2.7514399999999997,0.4885045099416911,0.1044041592924518,62.72169404356781,99.36052645843961,3.53475323075657e-06
15056.0,2.75168,0.4885327948331814,0.10442040184693184,62.72133095099076,99.36073623541267,3.5364699287424952e-06
15064.0,2.7519199999999997,0.48856109346544113,0.10443665358464564,62.72096765331276,99.36094614065343,3.538188424484038e-06
15072.0,2.75216,0.4885894058528344,0.10445291451566296,62.72060415030902,99.36115617430842,3.53990872104896e-06
15080.0,2.7523999999999997,0.48861773200986297,0.10446918465013591,62.720240441752395,99.36136633652565,3.541630821027011e-06
15088.0,2.75264,0.48864607195086696,0.10448546399812715,62.71987652741853,99.36157662745141,3.543354727810539e-06
15096.0,2.7528799999999998,0.48867442569039704,0.10450175256982364,62.719512407079925,99.36178704723424,3.545080443959995e-06
15104.0,2.75312,0.4887027932429008,0.10451805037535644,62.71914808051054,99.36199759602158,3.5468079726156153e-06
15112.0,2.75336,0.48873117462286,0.10453435742487967,62.718783547483845,99.36220827396116,3.5485373168721456e-06
15120.0,2.7536,0.4887595698448955,0.10455067372863074,62.718418807771265,99.36241908120215,3.550268479310855e-06
15128.0,2.75384,0.4887879789234649,0.10456699929675663,62.71805386114662,99.36263001789204,3.5520014633580145e-06
15136.0,2.75408,0.48881640187323866,0.10458333413952997,62.71768870737994,99.3628410841807,3.5537362716480915e-06
15144.0,2.75432,0.48884483870878287,0.10459967826716692,62.71732334624322,99.36305228021679,3.5554729073606414e-06
15152.0,2.7545599999999997,0.4888732894446985,0.10461603168990698,62.716957777507915,99.36326360614939,3.5572113736305013e-06
15160.0,2.7548,0.4889017540957273,0.10463239441807407,62.71659200094315,99.36347506212917,3.558951673097536e-06
15168.0,2.7550399999999997,0.4889302326764456,0.10464876646190042,62.716226016320746,99.36368664830495,3.5606938092342757e-06
15176.0,2.75528,0.4889587252016454,0.10466514783174563,62.715859823409225,99.3638983648278,3.5624377846682487e-06
15184.0,2.7555199999999997,0.48898723168601305,0.10468153853791201,62.715493421978685,99.36411021184774,3.5641836026113915e-06
15192.0,2.75576,0.4890157521442699,0.10469793859072549,62.71512681179869,99.36432218951512,3.565931266234008e-06
15200.0,2.756,0.4890442865912798,0.10471434800059731,62.7147599926366,99.36453429798179,3.5676807781906096e-06
15208.0,2.75624,0.48907283504173943,0.1047307667778461,62.71439296426236,99.36474653739785,3.569432141986881e-06
15216.0,2.75648,0.4891013975105631,0.10474719493291904,62.71402572644241,99.36495890791565,3.5711853602958377e-06
15224.0,2.75672,0.4891299740125586,0.10476363247620556,62.713658278944926,99.36517140968647,3.5729404363579433e-06
15232.0,2.75696,0.4891585645625691,0.10478007941811894,62.71329062153747,99.36538404286196,3.5746973733843636e-06
15240.0,2.7572,0.4891871691755819,0.10479653576915879,62.71292275398516,99.36559680759538,3.5764561740804965e-06
15248.0,2.75744,0.4892157878664151,0.10481300153973094,62.712554676056,99.36580970403811,3.5782168419913452e-06
15256.0,2.7576799999999997,0.48924442065010704,0.10482947674037137,62.71218638751486,99.36602273234386,3.5799793797876135e-06
15264.0,2.75792,0.48927306754158817,0.10484596138155755,62.71181788812806,99.3662358926652,3.581743790740604e-06
15272.0,2.7581599999999997,0.48930172855582493,0.10486245547379112,62.71144917766117,99.3664491851551,3.5835100781023453e-06
15280.0,2.7584,0.4893304037079291,0.10487895902766088,62.71108025587725,99.36666260996805,3.585278244612158e-06
15288.0,2.7586399999999998,0.48935909301284153,0.10489547205366088,62.71071112254243,99.36687616725673,3.587048293845886e-06
15296.0,2.75888,0.48938779648572617,0.10491199456241695,62.710341777419195,99.36708985717628,3.5888202285343693e-06
15304.0,2.75912,0.4894165141416376,0.10492852656449564,62.70997222027178,99.36730367988062,3.590594051994399e-06
15312.0,2.75936,0.48944524599566663,0.10494506807048785,62.70960245086392,99.36751763552404,3.59236976749882e-06
15320.0,2.7596,0.48947399206305114,0.10496161909107272,62.709232468957275,99.36773172426227,3.5941473777784735e-06
15328.0,2.7598399999999996,0.48950275235885643,0.10497817963683359,62.70886227431591,99.36794594624938,3.595926886453148e-06
15336.0,2.76008,0.4895315268983731,0.1049947497184871,62.70849186669947,99.36816030164195,3.5977082963469734e-06
15344.0,2.76032,0.4895603156967814,0.1050113293466899,62.70812124586996,99.36837479059528,3.5994916108276273e-06
15352.0,2.76056,0.48958911876929834,0.10502791853212351,62.70775041158902,99.36858941326508,3.6012768332111288e-06
15360.0,2.7607999999999997,0.4896179361312902,0.10504451728555883,62.70737936361602,99.36880416980874,3.603063966273807e-06
15368.0,2.76104,0.4896467677979479,0.10506112561766952,62.707008101712816,99.36901906038165,3.6048530136894206e-06
15376.0,2.7612799999999997,0.48967561378469054,0.10507774353926419,62.706636625638225,99.36923408514151,3.6066439782227332e-06
15384.0,2.76152,0.4897044741068255,0.10509437106109072,62.70626493515251,99.36944924424493,3.6084368632599252e-06
15392.0,2.7617599999999998,0.4897333487796972,0.10511100819392204,62.70589303001522,99.36966453784895,3.6102316721578796e-06
15400.0,2.762,0.4897622378188005,0.10512765494862128,62.705520909983285,99.36987996611215,3.6120284077530615e-06
15408.0,2.76224,0.4897911412394537,0.10514431133595352,62.7051485748168,99.37009552919127,3.6138270737400466e-06
15416.0,2.76248,0.4898200590572052,0.10516097736682012,62.7047760242725,99.37031122724545,3.6156276729213768e-06
15424.0,2.76272,0.4898489912874906,0.10517765305206103,62.70440325810862,99.37052706043266,3.6174302087179275e-06
15432.0,2.7629599999999996,0.48987793794578305,0.10519433840254154,62.70403027608269,99.37074302891126,3.619234684521275e-06
15440.0,2.7632,0.4899068990477077,0.10521103342921818,62.7036570779496,99.37095913284126,3.621041103201809e-06
15448.0,2.76344,0.48993587460871113,0.10522773814294833,62.70328366346744,99.37117537238076,3.6228494684949672e-06
15456.0,2.76368,0.48996486464447325,0.10524445255472746,62.702910032390086,99.37139174769048,3.6246597832842453e-06
15464.0,2.7639199999999997,0.4899938691705595,0.10526117667548876,62.70253618447349,99.37160825892985,3.6264720510491134e-06
15472.0,2.76416,0.49002288820257345,0.10527791051619113,62.70216211947307,99.37182490625871,3.62828627522124e-06
15480.0,2.7643999999999997,0.4900519217562729,0.10529465408788613,62.70178783714188,99.37204168983855,3.630102458681037e-06
15488.0,2.76464,0.4900809698472344,0.10531140740152449,62.70141333723567,99.37225860982892,3.63192060522485e-06
15496.0,2.76488,0.49011003249127055,0.10532817046819674,62.70103861950687,99.37247566639174,3.633740717719214e-06
15504.0,2.76512,0.49013910970407826,0.10534494329893054,62.70066368370948,99.37269285968779,3.6355627996713535e-06
15512.0,2.76536,0.49016820150139306,0.10536172590477952,62.70028852959676,99.37291018987833,3.637386854557655e-06
15520.0,2.7656,0.49019730789910604,0.10537851829689072,62.69991315691927,99.37312765712622,3.639212885316354e-06
15528.0,2.76584,0.4902264289129254,0.10539532048630958,62.69953756543084,99.37334526159239,3.6410408957761784e-06
15536.0,2.76608,0.4902555645587981,0.10541213248422288,62.69916175488128,99.37356300344041,3.642870888869196e-06
15544.0,2.76632,0.49028471485255404,0.10542895430175377,62.69878572502236,99.37378088283253,3.644702868154289e-06
15552.0,2.7665599999999997,0.4903138798100621,0.1054457859500516,62.69840947560526,99.3739988999314,3.646536837135598e-06
15560.0,2.7668,0.49034305944734874,0.10546262744036052,62.69803300637876,99.37421705490134,3.6483727987644666e-06
15568.0,2.7670399999999997,0.49037225378025534,0.10547947878382156,62.697656317094435,99.37443534790475,3.65021075691511e-06
15576.0,2.76728,0.4904014628248647,0.10549633999171898,62.697279407499906,99.37465377910658,3.6520507145604596e-06
15584.0,2.7675199999999998,0.49043068659714123,0.10551321107527249,62.69690227734478,99.37487234867054,3.6538926752940903e-06
15592.0,2.76776,0.4904599251130888,0.10553009204572836,62.69652492637812,99.37509105676071,3.6557366426656325e-06
15600.0,2.768,0.4904891783888705,0.10554698291442874,62.69614735434663,99.37530990354287,3.657582619645704e-06
15608.0,2.76824,0.49051844644046244,0.10556388369261145,62.69576956099973,99.37552888918083,3.659430610154779e-06
15616.0,2.76848,0.4905477292840845,0.10558079439165916,62.695391546082845,99.375748013841,3.6612806171989412e-06
15624.0,2.76872,0.4905770269358373,0.10559771502288934,62.695013309343416,99.37596727768852,3.663132644418026e-06
15632.0,2.76896,0.49060633941186105,0.10561464559764623,62.69463485052833,99.37618668088894,3.6649866953971286e-06
15640.0,2.7691999999999997,0.4906356667284571,0.10563158612737107,62.69425616938201,99.37640622360955,3.666842773150041e-06
15648.0,2.76944,0.49066500890173764,0.10564853662339967,62.69387726565171,99.37662590601563,3.668700881637331e-06
15656.0,2.76968,0.49069436594806154,0.10566549709721423,62.69349813908079,99.37684572827506,3.6705610238982334e-06
15664.0,2.76992,0.49072373788366686,0.10568246756023104,62.69311878941455,99.37706569055443,3.6724232035995682e-06
15672.0,2.7701599999999997,0.4907531247248318,0.10569944802389353,62.69273921639761,99.3772857930208,3.6742874243742317e-06
15680.0,2.7704,0.49078252648799775,0.10571643849974331,62.69235941977186,99.377506035843,3.676153689298467e-06
15688.0,2.7706399999999998,0.4908119431894145,0.10573343899921515,62.6919793992824,99.37772641918775,3.678022002374474e-06
15696.0,2.77088,0.49084137484558177,0.10575044953389225,62.691599154670214,99.37794694322452,3.6798923666769536e-06
15704.0,2.77112,0.4908708214728767,0.10576747011529088,62.691218685678294,99.3781676081214,3.681764785932863e-06
15712.0,2.77136,0.4909002830877173,0.1057845007549549,62.69083799204898,99.37838841404701,3.6836392638144188e-06
15720.0,2.7716,0.4909297597066868,0.1058015414645275,62.69045707352202,99.37860936117167,3.6855158034217648e-06
15728.0,2.77184,0.4909592513461742,0.10581859225554377,62.690075929840205,99.37883044966365,3.6873944088102985e-06
15736.0,2.77208,0.49098875802282144,0.10583565313968886,62.68969456074259,99.37905167969384,3.6892750830709122e-06
15744.0,2.7723199999999997,0.49101827975314666,0.10585272412858035,62.68931296597,99.37927305143187,3.6911578299575476e-06
15752.0,2.77256,0.4910478165537091,0.10586980523386358,62.68893114526251,99.37949456504778,3.6930426531917645e-06
15760.0,2.7728,0.491077368441235,0.10588689646728444,62.68854909835731,99.37971622071346,3.6949295559307593e-06
15768.0,2.77304,0.49110693543225453,0.10590399784047945,62.68816682499506,99.37993801859868,3.696818542263083e-06
15776.0,2.7732799999999997,0.49113651754355353,0.10592110936523705,62.687784324912194,99.380159958876,3.6987096153413065e-06
15784.0,2.77352,0.4911661147917927,0.10593823105327725,62.6874015978472,99.38038204171657,3.700602778969485e-06
15792.0,2.77376,0.49119572719367416,0.10595536291634815,62.68701864353791,99.38060426729201,3.7024980369069573e-06
15800.0,2.774,0.49122535476606927,0.1059725049662997,62.6866354617196,99.38082663577569,3.7043953923186304e-06
15808.0,2.77424,0.49125499752565077,0.10598965721487102,62.68625205213053,99.38104914733891,3.7062948493477945e-06
15816.0,2.7744799999999996,0.49128465548935,0.10600681967395496,62.68586841450491,99.38127180215571,3.7081964111770893e-06
15824.0,2.77472,0.4913143286739717,0.10602399235537506,62.68548454857895,99.3814946003988,3.7101000816537456e-06
15832.0,2.77496,0.4913440170963628,0.10604117527098351,62.685100454088115,99.38171754224135,3.7120058645849032e-06
15840.0,2.7752,0.491373720773541,0.10605836843273538,62.68471613076493,99.3819406278584,3.713913763200232e-06
15848.0,2.7754399999999997,0.49140343972232353,0.10607557185247364,62.684331578345414,99.3821638574228,3.715823781693908e-06
15856.0,2.77568,0.491433173959789,0.10609278554219692,62.683946796561614,99.38238723111019,3.717735923266303e-06
15864.0,2.7759199999999997,0.49146292350288806,0.10611000951383365,62.683561785147454,99.38261074909481,3.71965019180551e-06
15872.0,2.77616,0.4914926883686139,0.10612724377934112,62.68317654383609,99.3828344115514,3.7215665911603032e-06
15880.0,2.7763999999999998,0.4915224685741324,0.10614448835078082,62.682791072357965,99.38305821865649,3.7234851245827102e-06
15888.0,2.77664,0.49155226413640674,0.10616174324010086,62.68240537044677,99.38328217058448,3.725405796311624e-06
15896.0,2.77688,0.49158207507266466,0.10617900845940673,62.68201943783169,99.38350626751267,3.7273286096198907e-06
15904.0,2.77712,0.4916119014000042,0.10619628402073301,62.681633274244156,99.38373050961694,3.7292535684526554e-06
15912.0,2.77736,0.4916417431355667,0.10621356993614349,62.68124687941491,99.38395489707365,3.7311806767118907e-06
15920.0,2.7776,0.4916716002966687,0.10623086621780763,62.68086025307178,99.38417943006114,3.7331099376928e-06
15928.0,2.77784,0.4917014729004208,0.10624817287777984,62.68047339494599,99.38440410875543,3.735041355699039e-06
15936.0,2.77808,0.49173136096420217,0.10626548992827417,62.68008630476454,99.38462893333539,3.7369749340211854e-06
15944.0,2.77832,0.4917612645052603,0.1062828173814327,62.67969898225645,99.38485390397852,3.7389106766521875e-06
15952.0,2.7785599999999997,0.49179118354088647,0.10630015524942706,62.67931142715006,99.3850790208628,3.7408485875348793e-06
15960.0,2.7788,0.4918211180885492,0.10631750354453577,62.67892363917089,99.3853042841681,3.742788670003013e-06
15968.0,2.7790399999999997,0.4918510681655089,0.106334862278921,62.67853561804776,99.38552969407205,3.7447309283980236e-06
15976.0,2.77928,0.49188103378929704,0.10635223146490629,62.67814736350544,99.38575525075514,3.7466753660474964e-06
15984.0,2.7795199999999998,0.4919110149773124,0.10636961111474251,62.677758875270634,99.38598095439647,3.748621986974448e-06
15992.0,2.77976,0.4919410117469978,0.10638700124071028,62.67737015306931,99.38620680517559,3.750570795170284e-06
16000.0,2.78,0.4919710241159752,0.10640440185519835,62.676981196624546,99.38643280327395,3.752521794004994e-06
16008.0,2.78024,0.49200105210165623,0.10642181297047781,62.676592005662854,99.38665894887079,3.7544749878655006e-06
16016.0,2.78048,0.49203109572172665,0.10643923459898302,62.67620257990628,99.38688524214832,3.756430380136443e-06
16024.0,2.78072,0.4920611549937381,0.10645666675307475,62.675812919079036,99.38711168328729,3.7583879748971185e-06
16032.0,2.78096,0.4920912299352867,0.10647410944514403,62.67542302290467,99.3873382724689,3.760347776179026e-06
16040.0,2.7812,0.49212132056414987,0.10649156268769121,62.67503289110382,99.38756500987634,3.7623097873899316e-06
16048.0,2.78144,0.49215142689789226,0.10650902649309761,62.6746425234005,99.38779189569048,3.764274012974584e-06
16056.0,2.7816799999999997,0.4921815489543561,0.10652650087390993,62.67425191951401,99.38801893009528,3.7662404563723606e-06
16064.0,2.78192,0.49221168675124777,0.10654398584260036,62.673861079165995,99.38824611327317,3.7682091217234683e-06
16072.0,2.7821599999999997,0.49224184030631857,0.10656148141167149,62.67347000207745,99.38847344540706,3.770180013108748e-06
16080.0,2.7824,0.4922720096375039,0.10657898759373716,62.67307868796651,99.38870092668186,3.772153133972204e-06
16088.0,2.78264,0.4923021947625232,0.10659650440129015,62.672687136554615,99.3889285572802,3.7741284888210333e-06
16096.0,2.78288,0.49233239569937726,0.10661403184699103,62.672295347558425,99.38915633738769,3.776106081142415e-06
16104.0,2.78312,0.49236261246592916,0.10663156994342475,62.67190332069699,99.38938426718852,3.778085915128213e-06
16112.0,2.78336,0.4923928450800878,0.10664911870320727,62.67151105568884,99.38961234686728,3.7800679949032134e-06
16120.0,2.7836,0.4924230935599478,0.10666667813906679,62.67111855224979,99.38984057661061,3.7820523239391767e-06
16128.0,2.7838399999999996,0.4924533579233857,0.10668424826360927,62.670725810098716,99.3900689566028,3.784038906795727e-06
16136.0,2.78408,0.4924836381885623,0.10670182908961022,62.67033282895003,99.3902974870311,3.7860277469824023e-06
16144.0,2.78432,0.4925139343734991,0.10671942062976866,62.66993960852041,99.39052616808132,3.7880188487257604e-06
16152.0,2.78456,0.492544246496264,0.10673702289681496,62.66954614852587,99.39075499993977,3.7900122161991603e-06
16160.0,2.7847999999999997,0.4925745745751126,0.10675463590359303,62.669152448679576,99.39098398279471,3.7920078529252475e-06
16168.0,2.78504,0.4926049186280801,0.10677225966282318,62.668758508698,99.39121311683209,3.794005763503737e-06
16176.0,2.7852799999999998,0.492635278673489,0.10678989418739712,62.66836432829278,99.39144240224101,3.7960059515058466e-06
16184.0,2.78552,0.4926656547295213,0.10680753949012942,62.66796990717801,99.391671839209,3.798008421205935e-06
16192.0,2.78576,0.49269604681440565,0.10682519558386624,62.66757524506689,99.39190142792415,3.8000131768475212e-06
16200.0,2.786,0.49272645494656153,0.1068428624815691,62.66718034166916,99.39213116857678,3.802020222055792e-06
16208.0,2.78624,0.49275687914418437,0.10686054019607391,62.66678519669864,99.39236106135459,3.8040295614921417e-06
16216.0,2.78648,0.4927873194257616,0.1068782287403907,62.666389809864725,99.39259110644846,3.806041198733185e-06
16224.0,2.78672,0.49281777580963765,0.10689592812745105,62.665994180878826,99.39282130404776,3.8080551381172723e-06
16232.0,2.7869599999999997,0.49284824831420426,0.10691363837021849,62.665598309451724,99.39305165434227,3.8100713839187625e-06
16240.0,2.7872,0.49287873695804585,0.10693135948177311,62.66520219529151,99.39328215752374,3.812089939737399e-06
16248.0,2.78744,0.4929092417595207,0.10694909147506819,62.664805838109416,99.3935128137817,3.8141108102831492e-06
16256.0,2.78768,0.4929397627372817,0.10696683436323272,62.664409237611956,99.39374362330865,3.816133999200475e-06
16264.0,2.7879199999999997,0.4929702999098373,0.10698458815931651,62.66401239350806,99.39397458629563,3.818159510866275e-06
16272.0,2.78816,0.4930008532957443,0.10700235287640185,62.66361530550573,99.39420570293424,3.820187349623527e-06
16280.0,2.7883999999999998,0.4930314229137541,0.10702012852768902,62.66321797330941,99.39443697341832,3.8222175191791425e-06
16288.0,2.78864,0.4930620087823895,0.10703791512624973,62.662820396627765,99.39466839793906,3.824250024303224e-06
16296.0,2.78888,0.4930926109204715,0.10705571268533401,62.66242257516496,99.39489997669094,3.826284868655654e-06
16304.0,2.78912,0.49312322934667513,0.1070735212181114,62.66202450862721,99.39513170986689,3.828322056668844e-06
16312.0,2.78936,0.49315386407972406,0.10709134073778456,62.661626196719794,99.39536359766029,3.8303615927405095e-06
16320.0,2.7896,0.4931845151385391,0.10710917125767544,62.66122763914463,99.39559564026669,3.8324034806153405e-06
16328.0,2.78984,0.49321518254180957,0.10712701279097589,62.66082883560768,99.39582783787915,3.834447725114327e-06
16336.0,2.7900799999999997,0.4932458663085269,0.10714486535105837,62.660429785810045,99.396060190694,3.836494329971364e-06
16344.0,2.79032,0.4932765664575346,0.10716272895121387,62.66003048945514,99.39629269890598,3.838543299679771e-06
16352.0,2.7905599999999997,0.4933072830077252,0.10718060360476661,62.659630946245706,99.39652536271029,3.840594638677357e-06
16360.0,2.7908,0.49333801597819094,0.1071984893251618,62.659231155881635,99.39675818230418,3.842648350698789e-06
16368.0,2.7910399999999997,0.4933687653877897,0.10721638612571292,62.658831118066125,99.39699115788255,3.844704440633673e-06
16376.0,2.79128,0.49339953125568503,0.10723429401991619,62.65843083249697,99.3972242896436,3.84676291229763e-06
16384.0,2.79152,0.4934303136008909,0.10725221302118539,62.65803029887476,99.39745757778391,3.848823770249514e-06
16392.0,2.79176,0.493461112442471,0.10727014314296804,62.65762951689947,99.39769102250055,3.85088701898033e-06
16400.0,2.792,0.4934919277996913,0.10728808439883424,62.657228486267925,99.39792462399292,3.852952662289509e-06
16408.0,2.79224,0.4935227596915804,0.10730603680222064,62.65682720668051,99.39815838245771,3.855020705136818e-06
16416.0,2.79248,0.4935536081374763,0.10732400036674884,62.656425677832814,99.3983922980949,3.8570911513378786e-06
16424.0,2.79272,0.4935844731565655,0.10734197510595704,62.656023899422784,99.39862637110296,3.8591640054939464e-06
16432.0,2.79296,0.49361535476808505,0.10735996103341763,62.65562187114749,99.39886060168084,3.8612392721661884e-06
16440.0,2.7931999999999997,0.4936462529914766,0.10737795816282703,62.65521959270051,99.39909499002971,3.863316955230363e-06
16448.0,2.79344,0.4936771678459413,0.10739596650774644,62.654817063779554,99.39932953634816,3.865397059699436e-06
16456.0,2.7936799999999997,0.4937080993509942,0.10741398608192468,62.65441428407737,99.39956424083823,3.8674795894345146e-06
16464.0,2.79392,0.49373904752599646,0.10743201689902585,62.65401125328904,99.39979910370025,3.86956454910085e-06
16472.0,2.7941599999999998,0.4937700123903604,0.10745005897274872,62.65360797110901,99.40003412513504,3.871651943295844e-06
16480.0,2.7944,0.4938009939637052,0.10746811231691739,62.653204437228744,99.4002693053455,3.873741775899109e-06
16488.0,2.79464,0.4938319922654071,0.10748617694521939,62.65280065134312,99.40050464453213,3.875834051979123e-06
16496.0,2.79488,0.49386300731515925,0.10750425287153176,62.65239661314178,99.40074014289881,3.877928775468695e-06
16504.0,2.79512,0.49389403913249963,0.10752234010964608,62.651992322317064,99.4009758006477,3.8800259510862745e-06
16512.0,2.79536,0.4939250877370179,0.1075404386733889,62.65158777856026,99.40121161798162,3.88212558350405e-06
16520.0,2.7956,0.49395615314851377,0.10755854857671426,62.651182981558755,99.40144759510585,3.88422767674041e-06
16528.0,2.79584,0.4939872353865404,0.10757666983343726,62.65077793100459,99.40168373222274,3.8863322359231995e-06
16536.0,2.79608,0.4940183344709725,0.1075948024575656,62.65037262658513,99.40192002953818,3.888439264988312e-06
16544.0,2.7963199999999997,0.49404945042152726,0.10761294646301994,62.64996706798981,99.40215648725638,3.890548768711249e-06
16552.0,2.79656,0.49408058325797416,0.10763110186375655,62.64956125490723,99.40239310558205,3.892660751812e-06
16560.0,2.7967999999999997,0.49411173300029493,0.10764926867386039,62.649155187022814,99.40262988472197,3.894775218281201e-06
16568.0,2.79704,0.4941428996682221,0.10766744690727609,62.64874886402577,99.4028668248805,3.896892173311455e-06
16576.0,2.7972799999999998,0.49417408328181334,0.10768563657814294,62.64834228559975,99.40310392626554,3.899011620945827e-06
16584.0,2.79752,0.4942052838609669,0.10770383770051235,62.64793545143124,99.40334118908315,3.901133566023809e-06
16592.0,2.79776,0.4942365014256342,0.10772205028847168,62.647528361205914,99.40357861354003,3.903258013320131e-06
16600.0,2.798,0.4942677359959817,0.10774027435623883,62.64712101460601,99.40381619984528,3.905384966899443e-06
16608.0,2.79824,0.49429898759192337,0.1077585099178894,62.64671341131774,99.40405394820517,3.907514432019883e-06
16616.0,2.79848,0.4943302562337026,0.10777675698769638,62.64630555102172,99.40429185882965,3.909646412780028e-06
16624.0,2.79872,0.4943615419414014,0.10779501557984367,62.64589743340136,99.40452993192687,3.911780914086443e-06
16632.0,2.79896,0.49439284473515555,0.10781328570855149,62.64548905813936,99.40476816770554,3.913917940779394e-06
16640.0,2.7992,0.4944241646353189,0.10783156738817262,62.64508042491508,99.40500656637674,3.916057496957454e-06
16648.0,2.7994399999999997,0.49445550166198904,0.10784986063291531,62.6446715334117,99.40524512814878,3.918199587951236e-06
16656.0,2.79968,0.4944868558355975,0.10786816545718786,62.64426238330731,99.40548385323349,3.920344217876274e-06
16664.0,2.7999199999999997,0.49451822717641214,0.10788648187530826,62.6438529742825,99.405722741841,3.922491391688481e-06
16672.0,2.80016,0.4945496157047553,0.10790480990163133,62.64344330601693,99.40596179418202,3.9246411142874876e-06
16680.0,2.8004,0.4945810214411698,0.10792314955064583,62.64303337818659,99.40620101046962,3.926793389854361e-06
16688.0,2.80064,0.4946124444059395,0.10794150083669461,62.64262319047181,99.40644039091406,3.928948223773685e-06
16696.0,2.80088,0.49464388461968595,0.10795986377432278,62.642212742547535,99.40667993572937,3.93110562022113e-06
16704.0,2.80112,0.4946753421028653,0.10797823837798409,62.64180203409131,99.4069196451277,3.933265584214289e-06
16712.0,2.80136,0.4947068168759887,0.10799662466216967,62.64139106477982,99.4071595193218,3.9354281207152405e-06
16720.0,2.8015999999999996,0.49473830895979065,0.1080150226415063,62.64097983428617,99.40739955852682,3.937593233939749e-06
16728.0,2.80184,0.49476981837474326,0.10803343233047273,62.64056834228768,99.40763976295509,3.9397609293387005e-06
16736.0,2.80208,0.49480134514166096,0.10805185374375297,62.64015658845581,99.40788013282274,3.941931211172576e-06
16744.0,2.80232,0.49483288928119046,0.10807028689593831,62.63974457246494,99.408120668344,3.944104084526816e-06
16752.0,2.8025599999999997,0.4948644508140342,0.10808873180165784,62.63933229398872,99.40836136973373,3.9462795544228625e-06
16760.0,2.8028,0.49489602976112096,0.10810718847567832,62.63891975269738,99.4086022372092,3.9484576251188865e-06
16768.0,2.8030399999999998,0.4949276261431137,0.1081256569326163,62.638506948265054,99.40884327098485,3.950638302134392e-06
16776.0,2.80328,0.494959239981022,0.10814413718729632,62.638093880360024,99.40908447127883,3.952821589791538e-06
16784.0,2.80352,0.4949908712956856,0.10816262925444904,62.63768054865356,99.40932583830748,3.955007493241298e-06
16792.0,2.80376,0.49502252010800085,0.10818113314884341,62.63726695281611,99.40956737228778,3.957196017569109e-06
16800.0,2.804,0.49505418643909327,0.10819964888538779,62.63685309251452,99.40980907343922,3.959387167104842e-06
16808.0,2.80424,0.4950858703098192,0.10821817647883859,62.6364389674198,99.41005094197831,3.961580947444328e-06
16816.0,2.80448,0.49511757174138593,0.10823671594416265,62.63602457719732,99.4102929781254,3.96377736294211e-06
16824.0,2.8047199999999997,0.4951492907548289,0.10825526729623186,62.63560992151523,99.41053518209891,3.9659764188054415e-06
16832.0,2.80496,0.49518102737124076,0.10827383054995687,62.635195000040774,99.41077755411797,3.968178120199944e-06
16840.0,2.8052,0.49521278161194615,0.1082924057203895,62.63477981243741,99.41102009440424,3.970382471514853e-06
16848.0,2.80544,0.4952445534979973,0.1083109928224276,62.634364358373034,99.41126280317634,3.972589478419244e-06
16856.0,2.8056799999999997,0.4952763430508015,0.10832959187118221,62.63394863751025,99.41150568065669,3.974799145283851e-06
16864.0,2.80592,0.49530815029159225,0.10834820288166817,62.633532649514166,99.41174872706588,3.977011477379919e-06
16872.0,2.8061599999999998,0.49533997524166085,0.1083668258689395,62.63311639404884,99.41199194262515,3.979226479933207e-06
16880.0,2.8064,0.49537181792253326,0.10838546084819316,62.63269987077441,99.4122353275582,3.981444157399255e-06
16888.0,2.80664,0.49540367835545984,0.10840410783447016,62.632283079355716,99.41247888208578,3.983664515505734e-06
16896.0,2.80688,0.49543555656205085,0.10842276684302782,62.631866019451465,99.41272260643272,3.985887558734401e-06
16904.0,2.80712,0.49546745256374014,0.10844143788902556,62.63144869072337,99.41296650082182,3.988113292432828e-06
16912.0,2.80736,0.4954993663820203,0.10846012098766286,62.63103109283227,99.41321056547649,3.990341721888453e-06
16920.0,2.8076,0.49553129803862195,0.108478816154284,62.63061322543536,99.41345480062282,3.992572851594594e-06
16928.0,2.8078399999999997,0.4955632475549961,0.10849752340407512,62.63019508819405,99.41369920648378,3.994806687362962e-06
16936.0,2.80808,0.4955952149529585,0.10851624275244154,62.62977668076396,99.41394378328623,3.997043233716173e-06
16944.0,2.8083199999999997,0.49562720025414614,0.10853497421468944,62.6293580028036,99.41418853125519,3.999282496068106e-06
16952.0,2.80856,0.4956592034802555,0.10855371780616548,62.62893905397051,99.41443345061629,4.0015244797732734e-06
16960.0,2.8087999999999997,0.4956912246532242,0.10857247354236309,62.62851983391838,99.41467854159778,4.003769189398241e-06
16968.0,2.80904,0.4957232637947066,0.10859124143861555,62.628100342305416,99.41492380442486,4.006016630822562e-06
16976.0,2.8092799999999998,0.49575532092672653,0.10861002151047801,62.62768057878365,99.41516923932681,4.008266808643641e-06
16984.0,2.80952,0.49578739607112693,0.10862881377340546,62.627260543008155,99.4154148465309,4.0105197283578515e-06
16992.0,2.80976,0.4958194892498109,0.10864761824289373,62.62684023463312,99.41566062626505,4.012775395387555e-06
17000.0,2.8099999999999996,0.49585160048492605,0.10866643493458762,62.626419653308794,99.41590657875987,4.0150338143633066e-06
17008.0,2.81024,0.49588372979833273,0.10868526386396928,62.62599879868999,99.41615270424282,4.01729499124176e-06
17016.0,2.81048,0.4959158772122657,0.10870410504674591,62.62557767042594,99.41639900294527,4.01955893064422e-06
17024.0,2.81072,0.49594804274877635,0.10872295849852312,62.62515626816855,99.41664547509676,4.021825638113319e-06
17032.0,2.8109599999999997,0.49598022642997697,0.10874182423494781,62.6247345915687,99.41689212092741,4.024095119143891e-06
17040.0,2.8112,0.4960124282782269,0.10876070227181751,62.624312640273324,99.41713894066999,4.02636737841892e-06
17048.0,2.81144,0.49604464831559547,0.10877959262476548,62.623890413934035,99.41738593455415,4.028642421963676e-06
17056.0,2.81168,0.49607688656453053,0.10879849530965262,62.62346791219604,99.41763310281378,4.030920254497379e-06
17064.0,2.8119199999999998,0.49610914304729437,0.1088174103422369,62.62304513470775,99.41788044568067,4.03320088165287e-06
17072.0,2.81216,0.49614141778621135,0.10883633773831845,62.62262208111649,99.4181279633873,4.035484308998225e-06
17080.0,2.8124,0.4961737108038564,0.10885527751385017,62.622198751065284,99.41837565616909,4.037770541315113e-06
17088.0,2.81264,0.49620602212251014,0.10887422968461814,62.62177514420223,99.418623524258,4.04005958471053e-06
17096.0,2.81288,0.49623835176483705,0.1088931942666395,62.62135126016957,99.41887156789024,4.042351443928369e-06
17104.0,2.8131199999999996,0.49627069975331367,0.10891217127582695,62.620927098612285,99.41911978729995,4.044646124671629e-06
17112.0,2.81336,0.49630306611047903,0.10893116072813573,62.62050265917432,99.41936818272195,4.046943632574691e-06
17120.0,2.8136,0.49633545085912595,0.10895016263967587,62.620077941495566,99.4196167543937,4.0492439724523765e-06
17128.0,2.81384,0.4963678540217492,0.10896917702638846,62.619652945220736,99.41986550254956,4.051547150488783e-06
17136.0,2.8140799999999997,0.4964002756212322,0.10898820390444845,62.61922766998871,99.42011442742795,4.053853171481769e-06
17144.0,2.81432,0.49643271568026776,0.109007243289925,62.61880211544116,99.42036352926533,4.056162041189076e-06
17152.0,2.81456,0.4964651742216123,0.10902629519893045,62.61837628121854,99.42061280829884,4.058473765325267e-06
17160.0,2.8148,0.49649765126827905,0.10904535964773383,62.61795016695681,99.4208622647684,4.060788348794599e-06
17168.0,2.8150399999999998,0.49653014684297947,0.10906443665243308,62.61752377229733,99.42111189891068,4.063105797857495e-06
17176.0,2.81528,0.49656266096881924,0.10908352622936345,62.61709709687445,99.42136171096688,4.0654261174398005e-06
17184.0,2.81552,0.49659519366871085,0.10910262839475285,62.616670140325965,99.42161170117592,4.067749313407192e-06
17192.0,2.81576,0.49662774496563106,0.10912174316487291,62.6162429022888,99.4218618697774,4.070075391541312e-06
17200.0,2.816,0.49666031488281764,0.10914087055615455,62.61581538239601,99.4221122170138,4.072404356760293e-06
17208.0,2.81624,0.49669290344320177,0.10916001058485471,62.61538758028508,99.42236274312425,4.074736215426329e-06
17216.0,2.81648,0.49672551067011417,0.10917916326747099,62.61495949558739,99.42261344835205,4.077070972485312e-06
17224.0,2.81672,0.49675813658668977,0.10919832862039211,62.61453112793736,99.42286433293847,4.0794086338584295e-06
17232.0,2.81696,0.49679078121612874,0.10921750666005123,62.61410247696827,99.42311539712553,4.0817492054121306e-06
17240.0,2.8171999999999997,0.4968234445818952,0.10923669740304258,62.61367354230895,99.42336664115813,4.084092692175572e-06
17248.0,2.81744,0.4968561267071432,0.10925590086578443,62.61324432359353,99.42361806527775,4.086439100570314e-06
17256.0,2.8176799999999997,0.4968888276154312,0.10927511706493874,62.61281482044969,99.42386966973035,4.088788435615492e-06
17264.0,2.81792,0.49692154733011956,0.10929434601705727,62.612385032508215,99.42412145475967,4.091140703311704e-06
17272.0,2.8181599999999998,0.4969542858746345,0.10931358773873656,62.6119549593987,99.42437342061018,4.093495909600959e-06
17280.0,2.8184,0.49698704327267007,0.10933284224673678,62.611524600746314,99.42462556752933,4.0958540595818e-06
17288.0,2.81864,0.4970198195476057,0.10935210955763942,62.61109395618149,99.42487789576109,4.0982151597621395e-06
17296.0,2.81888,0.4970526147232312,0.10937138968827333,62.61066302532808,99.42513040555392,4.100579215238209e-06
17304.0,2.81912,0.4970854288231353,0.1093906826553554,62.61023180781309,99.4253830971541,4.1029462320946484e-06
17312.0,2.8193599999999996,0.4971182618709736,0.10940998847564809,62.60980030326234,99.42563597080866,4.105316216358272e-06
17320.0,2.8196,0.4971511138906733,0.10942930716607985,62.60936851129686,99.42588902676768,4.107689173223998e-06
17328.0,2.81984,0.49718398490584276,0.10944863874339779,62.60893643154335,99.42614226527763,4.110065109283776e-06
17336.0,2.82008,0.49721687494050565,0.10946798322459961,62.60850406362264,99.42639568658939,4.112444029650799e-06
17344.0,2.8203199999999997,0.49724978401848235,0.1094873406265698,62.60807140715818,99.42664929095173,4.114825940474471e-06
17352.0,2.82056,0.4972827121636608,0.1095067109662388,62.6076384617721,99.42690307861416,4.117210847861017e-06
17360.0,2.8207999999999998,0.49731565940020356,0.10952609426070499,62.60720522708188,99.42715704982913,4.119598757051615e-06
17368.0,2.82104,0.49734862575195066,0.10954549052688335,62.60677170271066,99.42741120484564,4.121989674721481e-06
17376.0,2.82128,0.49738161124316294,0.10956489978194278,62.60633788827477,99.42766554391723,4.124383606097144e-06
17384.0,2.82152,0.49741461589789493,0.10958432204293722,62.605903783393806,99.42792006729525,4.126780557422839e-06
17392.0,2.82176,0.49744763974027006,0.10960375732696744,62.60546938768603,99.42817477523178,4.129180534884973e-06
17400.0,2.822,0.49748068279469027,0.10962320565130462,62.60503470076479,99.42842966798214,4.1315835438211e-06
17408.0,2.82224,0.4975137450852303,0.10964266703303374,62.60459972224932,99.42868474579787,4.133989590999723e-06
17416.0,2.8224799999999997,0.49754682663639166,0.10966214148949749,62.60416445175218,99.42894000893521,4.136398681712907e-06
17424.0,2.82272,0.49757992747246693,0.10968162903792193,62.60372888888907,99.42919545764818,4.13881082228815e-06
17432.0,2.82296,0.4976130476178181,0.10970112969558052,62.603293033274575,99.42945109219143,4.141226018982023e-06
17440.0,2.8232,0.4976461870970892,0.10972064347991922,62.602856884519,99.42970691282258,4.143644277144414e-06
17448.0,2.8234399999999997,0.497679345934593,0.10974017040819552,62.60242044223772,99.42996291979581,4.146065603629407e-06
17456.0,2.82368,0.4977125241550743,0.10975971049792772,62.60198370603918,99.4302191133699,4.148490003822354e-06
17464.0,2.8239199999999998,0.49774572178306625,0.10977926376651616,62.60154667553526,99.43047549380138,4.150917484127856e-06
17472.0,2.82416,0.4977789388431726,0.10979883023140917,62.60110935033654,99.43073206134758,4.153348050897312e-06
17480.0,2.8244,0.49781217536028305,0.10981840991023017,62.60067173004852,99.43098881626918,4.155781709614763e-06
17488.0,2.8246399999999996,0.4978454313589513,0.10983800282041126,62.60023381428272,99.4312457588229,4.158218467227581e-06
17496.0,2.82488,0.4978787068641697,0.10985760897964943,62.59979560264377,99.43150288927036,4.160658329175862e-06
17504.0,2.82512,0.4979120019007154,0.10987722840552162,62.59935709473954,99.43176020787084,4.163101301957492e-06
17512.0,2.82536,0.4979453164934373,0.10989686111565372,62.598918290176634,99.43201771488438,4.1655473920109955e-06
17520.0,2.8255999999999997,0.4979786506674743,0.109916507127849,62.59847918855688,99.4322754105741,4.167996604868983e-06
17528.0,2.82584,0.4980120044476246,0.10993616645971674,62.59803978948779,99.43253329519953,4.170448947575974e-06
17536.0,2.82608,0.49804537785913083,0.10995583912913477,62.5976000925698,99.43279136902503,4.17290442565764e-06
17544.0,2.82632,0.49807877092701786,0.10997552515385937,62.59716009740673,99.43304963231255,4.175363045701306e-06
17552.0,2.8265599999999997,0.4981121836763831,0.10999522455169619,62.59671980360123,99.43330808532484,4.177824814231845e-06
17560.0,2.8268,0.49814561613261765,0.11001493734063085,62.59627921075119,99.43356672832783,4.180289736842775e-06
17568.0,2.8270399999999998,0.49817906832076775,0.11003466353845232,62.5958383184601,99.43382556158373,4.1827578206773035e-06
17576.0,2.82728,0.4982125402663294,0.11005440316322156,62.59539712632445,99.43408458535953,4.1852290713266365e-06
17584.0,2.82752,0.4982460319945784,0.11007415623287653,62.59495563394411,99.43434379991992,4.187703495465989e-06
17592.0,2.82776,0.49827954353086373,0.11009392276540504,62.59451384091769,99.43460320553034,4.190181099698875e-06
17600.0,2.828,0.49831307490083226,0.11011370277897749,62.59407174683892,99.43486280245963,4.192661889702853e-06
17608.0,2.82824,0.49834662612978103,0.11013349629156476,62.59362935130732,99.4351225909727,4.195145872709792e-06
17616.0,2.82848,0.4983801972434633,0.11015330332141371,62.59318665391519,99.43538257133933,4.1976330543964784e-06
17624.0,2.8287199999999997,0.49841378826740884,0.11017312388664621,62.59274365425831,99.435642743827,4.2001234415206225e-06
17632.0,2.82896,0.49844739922722187,0.11019295800543498,62.592300351931094,99.435903108704,4.2026170407905945e-06
17640.0,2.8292,0.49848103014880857,0.11021280569613776,62.59185674652275,99.43616366624197,4.205113857984179e-06
17648.0,2.82944,0.4985146810577204,0.11023266697690995,62.591412837628695,99.4364244167086,4.207613900432703e-06
17656.0,2.8296799999999998,0.49854835197997166,0.11025254186618702,62.59096862483687,99.43668536037674,4.210117173895449e-06
17664.0,2.82992,0.49858204294135,0.11027243038227763,62.59052410773879,99.43694649751671,4.212623685237295e-06
17672.0,2.83016,0.4986157539677183,0.11029233254354182,62.59007928592478,99.43720782839962,4.215133441247563e-06
17680.0,2.8304,0.49864948508524576,0.11031224836852743,62.58963415898041,99.43746935329985,4.217646447738736e-06
17688.0,2.83064,0.49868323631974193,0.11033217787557709,62.58918872649684,99.43773107248794,4.220162712148534e-06
17696.0,2.83088,0.4987170076974854,0.11035212108331724,62.58874298805752,99.43799298623959,4.222682240334156e-06
17704.0,2.83112,0.498750799244525,0.11037207801024579,62.58829694324971,99.43825509482795,4.225205039256854e-06
17712.0,2.83136,0.498784610986986,0.11039204867491288,62.58785059165954,99.438517398527,4.227731115795386e-06
17720.0,2.8316,0.49881844295130406,0.11041203309605897,62.58740393286818,99.43877989761411,4.230260475852436e-06
17728.0,2.8318399999999997,0.4988522951635503,0.11043203129221635,62.586956966462566,99.43904259236267,4.23279312696133e-06
17736.0,2.83208,0.4988861676502715,0.11045204328220541,62.58650969202176,99.43930548305134,4.235329075074099e-06
17744.0,2.83232,0.4989200604377812,0.11047206908471593,62.58606210912871,99.43956856995625,4.237868327245283e-06
17752.0,2.83256,0.49895397355247084,0.11049210871849077,62.585614217365276,99.43983185335425,4.2404108904446165e-06
17760.0,2.8327999999999998,0.4989879070210463,0.11051216220246579,62.58516601630838,99.44009533352568,4.242956770651883e-06
17768.0,2.83304,0.49902186086984385,0.11053222955536572,62.58471750554063,99.44035901074686,4.245505975506035e-06
17776.0,2.83328,0.49905583512568197,0.11055231079620734,62.58426868463689,99.44062288529932,4.248058511026948e-06
17784.0,2.83352,0.49908982981514277,0.11057240594387506,62.58381955317588,99.44088695746204,4.250614384358599e-06
17792.0,2.83376,0.4991238449648872,0.11059251501730713,62.583370110734975,99.44115122751488,4.25317360257943e-06
17800.0,2.834,0.49915788060189514,0.11061263803563752,62.58292035688631,99.44141569574127,4.2557361717763936e-06
17808.0,2.83424,0.49919193675277174,0.110632775017786,62.58247029120822,99.44168036242043,4.258302099691753e-06
17816.0,2.83448,0.4992260134446109,0.11065292598296865,62.582019913271274,99.44194522783695,4.260871392415544e-06
17824.0,2.83472,0.4992601107042672,0.11067309095026728,62.58156922264982,99.4422102922728,4.263444057191201e-06
17832.0,2.8349599999999997,0.4992942285586747,0.11069326993881817,62.58111821891686,99.44247555601085,4.266020101190457e-06
17840.0,2.8352,0.4993283670350912,0.11071346296795623,62.5806669016402,99.44274101933745,4.268599530578134e-06
17848.0,2.8354399999999997,0.4993625261603943,0.11073367005679904,62.580215270393786,99.44300668253486,4.271182353194409e-06
17856.0,2.83568,0.49939670596195734,0.11075389122476481,62.57976332474335,99.44327254589076,4.273768575248822e-06
17864.0,2.8359199999999998,0.49943090646691096,0.11077412649113547,62.57931106425869,99.44353860969018,4.276358204085038e-06
17872.0,2.83616,0.4994651277024665,0.1107943758752482,62.57885848850833,99.44380487421901,4.27895124697887e-06
17880.0,2.8364,0.4994993696961634,0.11081463939664181,62.57840559705551,99.44407133976678,4.281547710179949e-06
17888.0,2.83664,0.49953363247515575,0.11083491707463451,62.577952389469644,99.44433800661876,4.284147601646415e-06
17896.0,2.83688,0.49956791606710044,0.11085520892884955,62.577498865312116,99.44460487506574,4.286750927652572e-06
17904.0,2.8371199999999996,0.49960222049940783,0.1108755149787718,62.57704502414825,99.44487194539576,4.289357695644622e-06
17912.0,2.83736,0.4996365457995705,0.11089583524394231,62.576590865542045,99.44513921789782,4.291967912994756e-06
17920.0,2.8376,0.49967089199541326,0.11091616974410635,62.57613638905227,99.44540669286444,4.29458158603664e-06
17928.0,2.83784,0.4997052591143706,0.11093651849878575,62.575681594243854,99.44567437058396,4.297198722831728e-06
17936.0,2.8380799999999997,0.49973964718438635,0.1109568815278114,62.57522648067337,99.44594225135036,4.299819329756094e-06
17944.0,2.83832,0.4997740562331548,0.11097725885087409,62.574771047901535,99.44621033545482,4.302443414366962e-06
17952.0,2.8385599999999998,0.4998084862884535,0.11099765048772153,62.574315295487736,99.44647862318948,4.305070984135209e-06
17960.0,2.8388,0.4998429373783969,0.11101805645830863,62.57385922298586,99.44674711485008,4.307702045503212e-06
17968.0,2.83904,0.49987740953070375,0.11103847678236353,62.57340282995622,99.44701581072813,4.310336606645759e-06
17976.0,2.83928,0.49991190277360953,0.11105891147992823,62.572946115950586,99.44728471112084,4.312974674039152e-06
17984.0,2.83952,0.49994641713509647,0.11107936057090237,62.57248908052491,99.44755381632262,4.315616255346242e-06
17992.0,2.83976,0.4999809526432313,0.11109982407524335,62.572031723233835,99.44782312662878,4.3182613581527815e-06
18000.0,2.84,0.5000155093264227,0.111120302013119,62.57157404362644,99.44809264233842,4.320909988996751e-06
18008.0,2.8402399999999997,0.5000500872126777,0.11114079440446688,62.57111604125831,99.44836236374623,4.3235621561709e-06
18016.0,2.84048,0.5000846863305274,0.11116130126954282,62.57065771567696,99.44863229115242,4.326217866203957e-06
18024.0,2.84072,0.5001193067082459,0.11118182262845834,62.570199066433815,99.44890242485457,4.328877126855146e-06
18032.0,2.84096,0.5001539483741931,0.11120235850138349,62.56974009307885,99.44917276515118,4.331539945809679e-06
18040.0,2.8411999999999997,0.5001886113570754,0.11122290890870158,62.56928079515643,99.44944331234446,4.334206329691886e-06
18048.0,2.84144,0.5002232956851919,0.11124347387056242,62.568821172217575,99.44971406673227,4.33687628689937e-06
18056.0,2.84168,0.5002580013873063,0.11126405340739907,62.568361223805624,99.44998502861752,4.339549824340187e-06
18064.0,2.84192,0.5002927284920998,0.11128464753960371,62.567900949465276,99.45025619830228,4.342226949479043e-06
18072.0,2.84216,0.5003274770282662,0.11130525628758368,62.56744034874103,99.45052757608875,4.344907669974936e-06
18080.0,2.8424,0.5003622470245811,0.1113258796718031,62.56697942117598,99.45079916228006,4.347591993439062e-06
18088.0,2.84264,0.5003970385098884,0.1113465177127743,62.566518166312115,99.45107095718012,4.350279927467196e-06
18096.0,2.84288,0.500431851513118,0.11136717043106881,62.56605658369034,99.45134296109366,4.352971479564137e-06
18104.0,2.84312,0.5004666860632493,0.11138783784729543,62.56559467285063,99.45161517432604,4.355666657304074e-06
18112.0,2.8433599999999997,0.50050154218932,0.11140851998210563,62.56513243333199,99.45188759718317,4.358365468296661e-06
18120.0,2.8436,0.5005364199204322,0.11142921685619715,62.56466986467233,99.45216022997164,4.361067920163886e-06
18128.0,2.84384,0.5005713192857525,0.11144992849031406,62.56420696640863,99.45243307299877,4.3637740205308235e-06
18136.0,2.84408,0.5006062403144971,0.11147065490523793,62.56374373807682,99.45270612657254,4.366483777099645e-06
18144.0,2.8443199999999997,0.500641183035948,0.11149139612179763,62.56328017921181,99.45297939100159,4.36919719758486e-06
18152.0,2.84456,0.5006761474794762,0.11151215216088296,62.5628162893471,99.4532528665956,4.371914289617708e-06
18160.0,2.8447999999999998,0.5007111336744965,0.11153292304341776,62.56235206801546,99.45352655366476,4.374635060912698e-06
18168.0,2.84504,0.5007461416503043,0.1115537087902633,62.56188751475161,99.45380045251788,4.377359519892105e-06
18176.0,2.84528,0.500781171436673,0.11157450942257281,62.56142262908289,99.45407456346896,4.380087673416182e-06
18184.0,2.84552,0.5008162230630931,0.11159532496133984,62.560957410540986,99.45434888682898,4.382819529675909e-06
18192.0,2.84576,0.5008512965591366,0.11161615542761442,62.56049185865611,99.45462342290979,4.385555096829881e-06
18200.0,2.846,0.5008863919547274,0.11163700084266404,62.56002597295257,99.45489817202709,4.388294381986611e-06
18208.0,2.84624,0.5009215092793816,0.11165786122752215,62.55955975296163,99.45517313449211,4.391037394015547e-06
18216.0,2.8464799999999997,0.500956648563165,0.11167873660355712,62.559093198205616,99.45544831062226,4.3937841399928195e-06
18224.0,2.84672,0.5009918098358712,0.11169962699198387,62.5586263082112,99.4557237007318,4.396534628279023e-06
18232.0,2.84696,0.501026993127388,0.11172053241408168,62.558159082503686,99.45599930513605,4.39928886712219e-06
18240.0,2.8472,0.5010621984679794,0.11174145289136181,62.55769152060262,99.45627512415436,4.402046863610787e-06
18248.0,2.8474399999999997,0.501097425887466,0.11176238844508037,62.55722362203427,99.45655115810135,4.40480862677771e-06
18256.0,2.84768,0.5011326754162461,0.11178333909684514,62.55675538631587,99.45682740729774,4.407574163743809e-06
18264.0,2.84792,0.5011679470844349,0.11180430486810433,62.55628681296912,99.45710387206128,4.410343482952945e-06
18272.0,2.84816,0.5012032409222412,0.11182528578037003,62.5558179015138,99.45738055271089,4.413116592795012e-06
18280.0,2.8484,0.5012385569602533,0.11184628185538847,62.55534865146258,99.45765744956982,4.415893500589771e-06
18288.0,2.84864,0.501273895228614,0.1118672931146496,62.55487906233667,99.45793456295618,4.418674215471892e-06
18296.0,2.84888,0.5013092557580459,0.11188831957999665,62.55440913364829,99.4582118931946,4.421458744654741e-06
18304.0,2.84912,0.5013446385789876,0.11190936127311253,62.553938864913746,99.45848944060651,4.424247096717873e-06
18312.0,2.84936,0.5013800437219723,0.11193041821574491,62.55346825564782,99.45876720551433,4.427039280154495e-06
18320.0,2.8495999999999997,0.5014154712179159,0.11195149042987772,62.55299730535947,99.45904518824436,4.429835302270492e-06
18328.0,2.84984,0.5014509210972846,0.11197257793723617,62.552526013564545,99.45932338911838,4.432635172343935e-06
18336.0,2.8500799999999997,0.5014863933911317,0.1119936807599031,62.55205437976925,99.45960180846448,4.435438897753182e-06
18344.0,2.85032,0.5015218881302227,0.11201479891979914,62.55158240348461,99.45988044660761,4.438246487198063e-06
18352.0,2.8505599999999998,0.5015574053454193,0.11203593243891051,62.5511100842201,99.4601593038738,4.44105794929206e-06
18360.0,2.8508,0.5015929450679718,0.11205708133946375,62.55063742147879,99.46043838059347,4.4438732914937115e-06
18368.0,2.85104,0.501628507328674,0.11207824564342214,62.550164414771245,99.46071767709189,4.44669252320599e-06
18376.0,2.85128,0.5016640921589157,0.11209942537311264,62.54969106359807,99.46099719370099,4.449515651930611e-06
18384.0,2.85152,0.501699699589795,0.11212062055069733,62.549217367464756,99.46127693074945,4.452342686506183e-06
18392.0,2.8517599999999996,0.5017353296525069,0.11214183119840487,62.5487433258753,99.46155688856702,4.455173635678797e-06
18400.0,2.852,0.5017709823786416,0.1121630573387079,62.548268938327276,99.46183706748793,4.458008507013389e-06
18408.0,2.85224,0.5018066577993255,0.1121842989938119,62.54779420432572,99.46211746784117,4.460847310059419e-06
18416.0,2.85248,0.5018423559462902,0.11220555618629151,62.547319123365995,99.46239808996233,4.463690052408036e-06
18424.0,2.8527199999999997,0.5018780768509709,0.11222682893855382,62.54684369494818,99.46267893418381,4.466536743019667e-06
18432.0,2.85296,0.5019138205449011,0.11224811727307343,62.546367918570844,99.46296000083908,4.469387390768384e-06
18440.0,2.8532,0.5019495870600151,0.11226942121257263,62.54589179372621,99.46324129026593,4.472242003310102e-06
18448.0,2.85344,0.5019853764277772,0.11229074077950262,62.545415319913936,99.4635228027971,4.475100590329974e-06
18456.0,2.8536799999999998,0.5020211886802647,0.11231207599668892,62.544938496623864,99.463804538772,4.4779631595301715e-06
18464.0,2.85392,0.5020570238492547,0.11233342688678714,62.54446132335065,99.46408649852675,4.480829719986769e-06
18472.0,2.85416,0.5020928819666243,0.11235479347252164,62.54398379958727,99.46436868239861,4.483700280711076e-06
18480.0,2.8544,0.5021287630646569,0.11237617577686788,62.543505924819875,99.46465109072925,4.486574849508577e-06
18488.0,2.85464,0.502164667175159,0.11239757382252621,62.543027698542666,99.46493372385514,4.4894534361985784e-06
18496.0,2.8548799999999996,0.5022005943305594,0.11241898763257713,62.542549120239855,99.46521658211968,4.492336048589649e-06
18504.0,2.85512,0.5022365445629824,0.11244041722992862,62.542070189400455,99.46549966586285,4.495222695902807e-06
18512.0,2.85536,0.5022725179046532,0.11246186263755818,62.54159090551177,99.46578297542571,4.4981133872758055e-06
18520.0,2.8556,0.5023085143882101,0.11248332387869865,62.54111126805425,99.4660665111539,4.5010081306344025e-06
18528.0,2.8558399999999997,0.5023445340458068,0.11250480097630328,62.54063127651646,99.46635027338772,4.503906935938224e-06
18536.0,2.85608,0.5023805769102292,0.11252629395371144,62.54015093037657,99.46663426247451,4.506809811133075e-06
18544.0,2.85632,0.5024166430139535,0.11254780283408722,62.53967022911783,99.46691847875817,4.509716765584919e-06
18552.0,2.85656,0.5024527323895591,0.11256932764066548,62.53918917222167,99.46720292258372,4.5126278085733726e-06
18560.0,2.8568,0.5024888450700447,0.11259086839694046,62.53870775916241,99.46748759430095,4.515542948161428e-06
18568.0,2.85704,0.5025249810879163,0.11261242512612214,62.53822598942279,99.46777249425405,4.518462194473703e-06
18576.0,2.85728,0.5025611404763226,0.11263399785181293,62.53774386247554,99.46805762279432,4.521385555536186e-06
18584.0,2.85752,0.5025973232680975,0.11265558659743705,62.537261377798124,99.46834298026961,4.524313040847451e-06
18592.0,2.85776,0.5026335294961796,0.1126771913864906,62.536778534866286,99.46862856702889,4.527244659819722e-06
18600.0,2.858,0.5026697591939321,0.11269881224273252,62.536295333148935,99.4689143834257,4.530180420603886e-06
18608.0,2.85824,0.5027060123942197,0.11272044918963378,62.53581177212306,99.46920042980825,4.533120333460255e-06
18616.0,2.85848,0.502742289130558,0.11274210225106311,62.535327851255325,99.4694867065318,4.5360644065551356e-06
18624.0,2.85872,0.5027785894361432,0.11276377145070858,62.53484357001741,99.46977321394812,4.539012649522796e-06
18632.0,2.8589599999999997,0.5028149133442784,0.11278545681233128,62.5343589278792,99.47005995241018,4.541965071909613e-06
18640.0,2.8592,0.5028512608886974,0.11280715835995907,62.53387392430347,99.47034692227575,4.544921682003711e-06
18648.0,2.8594399999999998,0.5028876321026275,0.11282887611732725,62.53338855876141,99.47063412389696,4.5478824902103444e-06
18656.0,2.85968,0.5029240270199578,0.11285061010857562,62.5329028307131,99.47092155763336,4.550847504862356e-06
18664.0,2.85992,0.5029604456742527,0.1128723603576601,62.53241673962408,99.47120922384089,4.553816735752836e-06
18672.0,2.86016,0.502996888099185,0.11289412688861077,62.53193028495819,99.47149712287663,4.556790192574649e-06
18680.0,2.8604,0.5030333543288655,0.11291590972572922,62.53144346617212,99.47178525510262,4.559767883736194e-06
18688.0,2.86064,0.5030698443968904,0.11293770889301931,62.530956282730905,99.47207362087511,4.562749819813885e-06
18696.0,2.86088,0.5031063583375275,0.11295952441489591,62.53046873408879,99.47236222055777,4.565736009245418e-06
18704.0,2.8611199999999997,0.5031428961847153,0.1129813563155871,62.529980819705315,99.47265105451064,4.56872646195958e-06
18712.0,2.86136,0.5031794579725025,0.11300320461939646,62.52949253903812,99.472940123095,4.571721187806515e-06
18720.0,2.8616,0.5032160437353818,0.1130250693509028,62.52900389153748,99.47322942667705,4.574720195344193e-06
18728.0,2.86184,0.5032526535073241,0.11304695053438313,62.52851487666239,99.4735189656172,4.577723495297059e-06
18736.0,2.8620799999999997,0.5032892873229815,0.11306884819453136,62.528025493860966,99.47380874028342,4.580731096224626e-06
18744.0,2.86232,0.5033259452166727,0.11309076235585212,62.52753574258655,99.47409875103997,4.583743008214501e-06
18752.0,2.8625599999999998,0.5033626272228272,0.11311269304292627,62.52704562229072,99.47438899825234,4.5867592412494424e-06
18760.0,2.8628,0.5033993333763258,0.11313464028061446,62.526555132417805,99.47467948229085,4.589779803995355e-06
18768.0,2.86304,0.5034360637115192,0.11315660409347042,62.526064272420655,99.47497020352016,4.592804707338595e-06
18776.0,2.86328,0.50347281826345,0.11317858450647177,62.52557304174093,99.47526116231252,4.595833959980533e-06
18784.0,2.86352,0.503509597066822,0.11320058154440345,62.5250814398258,99.47555235903641,4.598867572150642e-06
18792.0,2.86376,0.5035464001564514,0.11322259523212785,62.52458946612059,99.47584379406156,4.6019055539920425e-06
18800.0,2.864,0.5035832275676126,0.11324462559479169,62.52409712006325,99.47613546776275,4.604947914297084e-06
18808.0,2.8642399999999997,0.5036200793350425,0.11326667265723,62.52360440110042,99.47642738050881,4.6079946641140275e-06
18816.0,2.86448,0.5036569554941798,0.11328873644470817,62.52311130866689,99.47671953267654,4.611045812315405e-06
18824.0,2.86472,0.5036938560801192,0.11331081698229595,62.522617842203324,99.47701192463876,4.6141013693018484e-06
18832.0,2.86496,0.5037307811280705,0.1133329142951421,62.52212400114861,99.47730455676961,4.617161345364508e-06
18840.0,2.8651999999999997,0.5037677306737082,0.11335502840868392,62.52162978493412,99.47759742944841,4.620225749448388e-06
18848.0,2.86544,0.5038047047521609,0.11337715934804218,62.52113519299997,99.47789054304837,4.623294592774453e-06
18856.0,2.86568,0.5038417033992697,0.11339930713877458,62.52064022477509,99.47818389795059,4.626367884303126e-06
18864.0,2.86592,0.503878726650527,0.11342147180624038,62.52014487969385,99.4784774945323,4.629445634583069e-06
18872.0,2.86616,0.5039157745415412,0.11344365337587875,62.51964915718863,99.47877133317202,4.632527854067339e-06
18880.0,2.8663999999999996,0.5039528471083929,0.11346585187342194,62.51915305668405,99.47906541425348,4.635614551848972e-06
18888.0,2.86664,0.5039899443866084,0.11348806732428081,62.5186565776139,99.47935973815429,4.638705739315463e-06
18896.0,2.86688,0.5040270664124377,0.11351029975431016,62.518159719400124,99.47965430526017,4.6418014255906875e-06
18904.0,2.86712,0.5040642132217761,0.11353254918916283,62.51766248147044,99.47994911595282,4.6449016213929225e-06
18912.0,2.8673599999999997,0.5041013848506374,0.1135548156545732,62.51716486325057,99.48024417061531,4.648006337344844e-06
18920.0,2.8676,0.504138581335515,0.11357709917657349,62.516666864158225,99.48053946963606,4.651115582692143e-06
18928.0,2.86784,0.504175802712339,0.11359939978086903,62.51616848362056,99.4808350133972,4.654229369005811e-06
18936.0,2.86808,0.5042130490177749,0.11362171749361659,62.515669721053186,99.48113080228902,4.6573477055192016e-06
18944.0,2.8683199999999998,0.5042503202881277,0.11364405234076745,62.51517057587724,99.48142683669782,4.6604706031109595e-06
18952.0,2.86856,0.5042876165598226,0.11366640434835566,62.514671047511904,99.48172311701114,4.663598072550247e-06
18960.0,2.8688,0.5043249378697715,0.11368877354271777,62.51417113536854,99.48201964362178,4.666730123207656e-06
18968.0,2.86904,0.5043622842543146,0.11371115994985827,62.51367083886776,99.4823164169164,4.6698667668114575e-06
18976.0,2.86928,0.5043996557505387,0.1137335635962401,62.513170157417825,99.48261343728998,4.673008012786213e-06
18984.0,2.86952,0.5044370523951646,0.11375598450811765,62.5126690904331,99.48291070513335,4.6761538721771e-06
18992.0,2.86976,0.504474474225035,0.11377842271182921,62.512167637325824,99.48320822083876,4.679304355938317e-06
19000.0,2.87,0.5045119212774879,0.11380087823402091,62.511665797499795,99.48350598480418,4.682459473631662e-06
19008.0,2.87024,0.5045493935892799,0.11382335110100118,62.51116357036876,99.48380399742084,4.685619237175069e-06
19016.0,2.8704799999999997,0.5045868911979262,0.11384584133954444,62.51066095533426,99.48410225908852,4.6887836561241665e-06
19024.0,2.87072,0.5046244141405705,0.11386834897621312,62.51015795180369,99.48440077020283,4.691952741701459e-06
19032.0,2.87096,0.5046619624544414,0.11389087403763178,62.50965455918318,99.4846995311603,4.695126505154122e-06
19040.0,2.8712,0.5046995361772904,0.11391341655074946,62.50915077687087,99.48499854236306,4.698304956181189e-06
19048.0,2.8714399999999998,0.5047371353465353,0.11393597654232641,62.50864660426996,99.48529780420967,4.701488106025207e-06
19056.0,2.87168,0.50477475999979,0.11395855403925137,62.508142040780115,99.48559731710095,4.7046759656079985e-06
19064.0,2.87192,0.5048124101747589,0.11398114906847863,62.50763708579976,99.48589708143867,4.707868545845213e-06
19072.0,2.87216,0.5048500859092441,0.11400376165703235,62.50713173872575,99.48619709762562,4.711065857654042e-06
19080.0,2.8724,0.504887787241173,0.11402639183202307,62.506625998952686,99.48649736606609,4.714267911868415e-06
19088.0,2.87264,0.5049255142085227,0.1140490396206023,62.50611986587445,99.48679788716484,4.717474719477995e-06
19096.0,2.87288,0.5049632668493721,0.11407170504999403,62.5056133388833,99.48709866132792,4.720686291463198e-06
19104.0,2.87312,0.5050010452018909,0.11409438814748817,62.50510641736995,99.48739968896233,4.723902638830651e-06
19112.0,2.87336,0.5050388493043345,0.11411708894043722,62.504599100723716,99.48770097047603,4.727123772630157e-06
19120.0,2.8735999999999997,0.5050766791950316,0.11413980745624923,62.50409138833286,99.48800250627771,4.730349703994787e-06
19128.0,2.87384,0.505114534912414,0.11416254372240545,62.503583279583864,99.48830429677733,4.733580444048356e-06
19136.0,2.8740799999999997,0.5051524164950919,0.11418529776650589,62.503074773860284,99.48860634238675,4.736816003635587e-06
19144.0,2.87432,0.5051903239815033,0.11420806961605845,62.50256587054852,99.48890864351591,4.740056394560309e-06
19152.0,2.87456,0.5052282574102883,0.11423085929870395,62.5020565690317,99.48921120057703,4.74330162825936e-06
19160.0,2.8748,0.5052662168205809,0.11425366684239155,62.501546868684976,99.48951401398772,4.74655171478797e-06
19168.0,2.87504,0.505304202250871,0.11427649227469493,62.50103676889389,99.4898170841585,4.749806666818099e-06
19176.0,2.87528,0.5053422137404308,0.11429933562366942,62.500526269031184,99.49012041150873,4.753066494640899e-06
19184.0,2.87552,0.5053802513281586,0.11432219691715746,62.500015368475765,99.4904239964535,4.756331210198978e-06
19192.0,2.8757599999999996,0.5054183150530848,0.11434507618309243,62.49950406660443,99.49072783940936,4.759600825336256e-06
19200.0,2.876,0.5054564049547647,0.11436797344973494,62.49899236278561,99.4910319407987,4.762875350393227e-06
19208.0,2.87624,0.5054945210721342,0.1143908887449849,62.49848025639758,99.49133630103707,4.766154798263897e-06
19216.0,2.87648,0.505532663444955,0.11441382209725055,62.49796774680484,99.49164092054917,4.769439179324227e-06
19224.0,2.8767199999999997,0.5055708321125811,0.11443677353470706,62.49745483337879,99.4919457997552,4.772728505728074e-06
19232.0,2.87696,0.5056090271145027,0.11445974308562284,62.49694151548883,99.49225093907683,4.776022789492061e-06
19240.0,2.8771999999999998,0.5056472484907598,0.11448273077860918,62.49642779249579,99.49255633894181,4.779322041041491e-06
19248.0,2.87744,0.5056854962807465,0.1145057366419008,62.49591366377042,99.49286199977077,4.782626273475452e-06
19256.0,2.87768,0.5057237705246943,0.11452876070424785,62.495399128670414,99.49316792199335,4.785935497284011e-06
19264.0,2.87792,0.5057620712624253,0.11455180299416645,62.494884186559844,99.49347410603484,4.789249724769055e-06
19272.0,2.87816,0.5058003985338976,0.11457486354026634,62.49436883680031,99.49378055232211,4.792568968153832e-06
19280.0,2.8784,0.5058387523796205,0.11459794237150114,62.493853078743776,99.49408726128831,4.795893238150452e-06
19288.0,2.87864,0.505877132839456,0.11462103951644696,62.49333691175366,99.49439423335916,4.7992225480276215e-06
19296.0,2.8788799999999997,0.5059155399541121,0.11464415500420114,62.49282033517955,99.49470146897006,4.8025569084820316e-06
19304.0,2.87912,0.5059539737638818,0.11466728886362355,62.49230334837765,99.49500896855167,4.80589633203453e-06
19312.0,2.87936,0.5059924343091972,0.11469044112366975,62.49178595070194,99.49531673253612,4.809240831091861e-06
19320.0,2.8796,0.5060309216310502,0.1147136118136448,62.491268141497514,99.49562476136167,4.812590416467903e-06
19328.0,2.8798399999999997,0.5060694357697748,0.11473680096246969,62.49074992011991,99.4959330554594,4.815945101653409e-06
19336.0,2.88008,0.506107976766565,0.11476000859959576,62.490231285910426,99.49624161527,4.819304897557861e-06
19344.0,2.8803199999999998,0.5061465446621934,0.11478323475423274,62.489712238217415,99.49655044122937,4.82266981689794e-06
19352.0,2.88056,0.5061851394975732,0.11480647945568752,62.489192776387064,99.4968595337751,4.826039872282386e-06
19360.0,2.8808,0.5062237613141874,0.11482974273362269,62.488672899756395,99.49716889335109,4.829415074707035e-06
19368.0,2.88104,0.50626241015285,0.11485302461731006,62.48815260767312,99.49747852039377,4.832795437883138e-06
19376.0,2.88128,0.5063010860552486,0.11487632513656043,62.4876318994709,99.49778841534915,4.836180972858959e-06
19384.0,2.88152,0.5063397890626428,0.11489964432093919,62.487110774490276,99.49809857865858,4.839571692556259e-06
19392.0,2.88176,0.5063785192164347,0.11492298220011019,62.4865892320694,99.49840901076504,4.8429676097904035e-06
19400.0,2.8819999999999997,0.5064172765586065,0.11494633880409928,62.48606727153683,99.49871971211806,4.8463687357623115e-06
19408.0,2.88224,0.5064560611304589,0.11496971416253458,62.48554489223244,99.49903068315942,4.849775084403738e-06
19416.0,2.88248,0.5064948729741819,0.11499310830559249,62.48502209348162,99.4993419243409,4.853186666949523e-06
19424.0,2.88272,0.50653371213153,0.11501652126319992,62.48449887461683,99.49965343610937,4.856603496528056e-06
19432.0,2.8829599999999997,0.5065725786444024,0.11503995306538363,62.48397523496815,99.49996521891337,4.8600255861674935e-06
19440.0,2.8832,0.5066114725552878,0.11506340374253862,62.4834511738561,99.50027727320797,4.863452947238371e-06
19448.0,2.88344,0.506650393905983,0.11508687332465549,62.48292669061246,99.50058959944054,4.866885593888321e-06
19456.0,2.88368,0.5066893427391876,0.1151103618422822,62.48240178455435,99.50090219806847,4.870323537546474e-06
19464.0,2.88392,0.506728319097159,0.1151338693257128,62.481876455006066,99.50121506954424,4.873766791554009e-06
19472.0,2.88416,0.5067673230223021,0.11515739580534347,62.48135070128949,99.50152821432201,4.877215369142627e-06
19480.0,2.8844,0.5068063545576199,0.11518094131194385,62.48082452271672,99.5018416328626,4.8806692818740656e-06
19488.0,2.88464,0.5068454137454129,0.11520450587587315,62.48029791861135,99.50215532561897,4.8841285441365076e-06
19496.0,2.88488,0.5068845006288994,0.11522808952805712,62.47977088828193,99.50246929305438,4.887593167545661e-06
19504.0,2.8851199999999997,0.5069236152508478,0.1152516922991632,62.47924343104437,99.50278353562702,4.891063165674003e-06
19512.0,2.88536,0.5069627576541765,0.11527531421996262,62.478715546212065,99.5030980537968,4.894538551973736e-06
19520.0,2.8856,0.5070019278824126,0.11529895532160699,62.4781872330882,99.50341284803054,4.898019338239437e-06
19528.0,2.88584,0.5070411259783685,0.11532261563482986,62.47765849098797,99.50372791878688,4.901505539078248e-06
19536.0,2.8860799999999998,0.5070803519857896,0.11534629519094122,62.477129319211585,99.50404326653506,4.904997166295542e-06
19544.0,2.88632,0.5071196059479645,0.1153699940209886,62.476599717066485,99.50435889173914,4.908494233681214e-06
19552.0,2.88656,0.5071588879083336,0.11539371215612458,62.47606968385756,99.50467479486487,4.911996754904884e-06
19560.0,2.8868,0.5071981979109567,0.11541744962788887,62.47553921887965,99.50499097638475,4.915504741933832e-06
19568.0,2.88704,0.5072375359991661,0.11544120646739565,62.47500832143947,99.50530743676337,4.919018209618832e-06
19576.0,2.88728,0.5072769022172434,0.11546498270634564,62.474476990828315,99.50562417647582,4.922537169974965e-06
19584.0,2.88752,0.5073162966090051,0.11548877837617225,62.47394522634503,99.50594119599201,4.926061637012628e-06
19592.0,2.88776,0.5073557192184229,0.11551259350841613,62.473413027285986,99.50625849578358,4.929591624626571e-06
19600.0,2.888,0.5073951700900967,0.11553642813501103,62.472880392937455,99.50657607632927,4.933127144962943e-06
19608.0,2.8882399999999997,0.5074346492678883,0.11556028228745842,62.47234732259754,99.50689393809945,4.9366682131161505e-06
19616.0,2.88848,0.5074741567966233,0.11558415599785586,62.47181381554909,99.50721208157513,4.940214841270891e-06
19624.0,2.8887199999999997,0.5075136927206549,0.11560804929802905,62.471279871082395,99.50753050723213,4.9437670436596066e-06
19632.0,2.88896,0.5075532570844942,0.11563196221991286,62.47074548848499,99.50784921554812,4.947324834409887e-06
19640.0,2.8891999999999998,0.5075928499332905,0.11565589479584183,62.47021066703366,99.50816820700794,4.950888225914594e-06
19648.0,2.88944,0.5076324713114431,0.11567984705771094,62.46967540601794,99.50848748208794,4.954457233505602e-06
19656.0,2.88968,0.5076721212643315,0.11570381903802154,62.46913970471113,99.50880704127562,4.958031869612782e-06
19664.0,2.88992,0.5077117998368548,0.1157278107689985,62.468603562394414,99.50912688505299,4.961612148726085e-06
19672.0,2.89016,0.5077515070740725,0.1157518222829777,62.46806697834637,99.5094470139039,4.965198085202855e-06
19680.0,2.8903999999999996,0.5077912430216937,0.1157758536127018,62.46752995183497,99.50976742831945,4.968789691627161e-06
19688.0,2.89064,0.5078310077246642,0.11579990479046594,62.46699248214063,99.51008812878223,4.972386983597637e-06
19696.0,2.89088,0.5078708012288016,0.11582397584910654,62.46645456852932,99.51040911578457,4.975989974194868e-06
19704.0,2.89112,0.5079106235797685,0.11584806682138056,62.46591621026959,99.51073038981708,4.979598677457009e-06
19712.0,2.8913599999999997,0.5079504748232513,0.11587217774007348,62.46537740662968,99.51105195137066,4.983213107761446e-06
19720.0,2.8916,0.5079903550050908,0.11589630863807841,62.46483815687563,99.51137380093796,4.986833279363754e-06
19728.0,2.89184,0.5080302641712549,0.1159204595483796,62.464298460271095,99.51169593901305,4.990459206554967e-06
19736.0,2.89208,0.5080702023678741,0.1159446305040742,62.46375831607744,99.5120183660916,4.994090903470385e-06
19744.0,2.89232,0.5081101696411716,0.11596882153832952,62.46321772355451,99.51234108267035,4.997728384379458e-06
19752.0,2.89256,0.5081501660374802,0.11599303268439386,62.46267668196017,99.51266408924735,5.001371663614856e-06
19760.0,2.8928,0.5081901916032556,0.11601726397560437,62.46213519054982,99.51298738632207,5.005020755580181e-06
19768.0,2.89304,0.5082302463850733,0.11604151544538507,62.461593248577394,99.51331097439518,5.0086756746759506e-06
19776.0,2.89328,0.5082703304296037,0.11606578712723212,62.46105085529531,99.5136348539686,5.012336435407537e-06
19784.0,2.8935199999999996,0.5083104437836408,0.11609007905473104,62.46050800995389,99.51395902554555,5.016003052323488e-06
19792.0,2.89376,0.5083505864941467,0.11611439126158388,62.45996471180072,99.51428348963115,5.019675539841284e-06
19800.0,2.894,0.5083907586081664,0.11613872378155747,62.45942096008222,99.51460824673143,5.023353912527975e-06
19808.0,2.89424,0.5084309601725193,0.11616307664829671,62.45887675404829,99.5149332973499,5.027038186167232e-06
19816.0,2.8944799999999997,0.5084711912349281,0.11618744989600856,62.45833209293368,99.51525864200015,5.0307283739938384e-06
19824.0,2.89472,0.5085114518425807,0.11621184355859068,62.45778697598219,99.5155842811898,5.034424491452231e-06
19832.0,2.89496,0.5085517420428199,0.11623625767004961,62.4572414024351,99.5159102154283,5.038126553915914e-06
19840.0,2.8952,0.5085920618836546,0.11626069226481023,62.45669537152275,99.51623644523282,5.041834574977409e-06
19848.0,2.89544,0.5086324114123212,0.11628514737684444,62.456148882488115,99.51656297111153,5.045548571277727e-06
19856.0,2.89568,0.5086727906770975,0.11630962304077014,62.45560193455749,99.51688979358421,5.049268556381634e-06
19864.0,2.89592,0.5087131997257457,0.11633411929090787,62.45505452696539,99.51721691316502,5.052994546060465e-06
19872.0,2.89616,0.5087536386062068,0.11635863616170156,62.454506658943586,99.51754433036996,5.0567265559267295e-06
19880.0,2.8964,0.5087941073671349,0.11638317368804264,62.45395832971277,99.51787204572288,5.060464599614585e-06
19888.0,2.8966399999999997,0.5088346060563438,0.11640773190432828,62.45340953850666,99.51820005973848,5.064208694084231e-06
19896.0,2.89688,0.5088751347227439,0.11643231084563586,62.45286028454043,99.51852837294365,5.067958853142522e-06
19904.0,2.89712,0.5089156934147085,0.11645691054673227,62.45231056703858,99.51885698585929,5.0717150927998e-06
19912.0,2.89736,0.5089562821807884,0.11648153104250737,62.45176038522273,99.51918589900835,5.0754774289415066e-06
19920.0,2.8975999999999997,0.5089969010702561,0.11650617236830431,62.4512097383024,99.51951511292214,5.0792458755302385e-06
19928.0,2.89784,0.509037550131537,0.11653083455896768,62.450658625501234,99.51984462812216,5.083020449794498e-06
19936.0,2.8980799999999998,0.5090782294141599,0.11655551765002707,62.45010704602512,99.52017444514232,5.086801165733888e-06
19944.0,2.89832,0.5091189389671135,0.11658022167669971,62.44955499908851,99.5205045645105,5.090588039634765e-06
19952.0,2.89856,0.5091596788395663,0.11660494667432775,62.44900248390286,99.52083498675661,5.094381087657042e-06
19960.0,2.8988,0.5092004490814176,0.1166296926787124,62.44844949966753,99.5211657124186,5.0981803240131146e-06
19968.0,2.89904,0.5092412497417086,0.11665445972514964,62.447896045596124,99.52149674202494,5.101985766218293e-06
19976.0,2.89928,0.509282080870602,0.11667924784963205,62.44734212088416,99.52182807611672,5.105797428526608e-06
19984.0,2.89952,0.5093229425177107,0.1167040570878342,62.44678772473593,99.52215971522884,5.109615327497343e-06
19992.0,2.8997599999999997,0.5093638347328313,0.11672888747555803,62.44623285635271,99.52249165989821,5.113439479566427e-06
20000.0,2.9,0.509404757566504,0.11675373904907287,62.44567751492366,99.52282391066994,5.117269899174468e-06
20008.0,2.90024,0.5094457110683955,0.11677861184413348,62.44512169965221,99.52315646807956,5.121106604139003e-06
20016.0,2.90048,0.5094866952893135,0.11680350589720359,62.44456540972348,99.52348933267521,5.124949608946901e-06
20024.0,2.9007199999999997,0.5095277102795063,0.11682842124442336,62.44400864433151,99.52382250499883,5.128798930445797e-06
20032.0,2.90096,0.5095687560894091,0.11685335792206235,62.443451402667165,99.52415598559448,5.132654585344547e-06
20040.0,2.9012,0.5096098327702138,0.11687831596686606,62.44289368390875,99.52448977501476,5.1365165883628565e-06
20048.0,2.90144,0.5096509403722231,0.11690329541505591,62.442335487249416,99.52482387380223,5.140384957614325e-06
20056.0,2.90168,0.5096920789469017,0.1169282963035756,62.44177681186283,99.52515828251268,5.144259707898841e-06
20064.0,2.90192,0.5097332485451443,0.11695331866903882,62.441217656932196,99.5254930016954,5.148140856378602e-06
20072.0,2.90216,0.5097744492180365,0.11697836254819155,62.44065802163777,99.5258280319018,5.152028420055441e-06
20080.0,2.9024,0.5098156810174334,0.11700342797826396,62.440097905147354,99.52616337369197,5.155922413877276e-06
20088.0,2.90264,0.5098569439942857,0.1170285149959529,62.439537306643274,99.52649902761584,5.159822856292314e-06
20096.0,2.9028799999999997,0.509898238200726,0.11705362363869012,62.43897622528879,99.52683499423648,5.163729762328657e-06
20104.0,2.90312,0.5099395636883074,0.11707875394357185,62.438414660256534,99.52717127411056,5.167643149427599e-06
20112.0,2.90336,0.5099809205087765,0.11710390594782834,62.43785261071585,99.5275078677969,5.171563034894744e-06
20120.0,2.9036,0.5100223087146637,0.11712907968918325,62.437290075823086,99.52784477586322,5.1754894339833205e-06
20128.0,2.9038399999999998,0.5100637283575785,0.117154275204817,62.43672705474994,99.52818199886677,5.179422365448389e-06
20136.0,2.90408,0.5101051794903334,0.11717949253265829,62.43616354664855,99.5285195373784,5.1833618445863555e-06
20144.0,2.9043200000000002,0.510146662165151,0.11720473171029405,62.43559955068059,99.52885739196229,5.187307889145367e-06
20152.0,2.90456,0.510188176434451,0.11722999277544781,62.43503506600451,99.52919556318483,5.191260516731713e-06
20160.0,2.9048,0.5102297223514504,0.1172552757663452,62.434470091765874,99.52953405162133,5.195219742837629e-06
20168.0,2.9050399999999996,0.5102712999684293,0.1172805807206589,62.43390462712541,99.52987285783662,5.1991855865419894e-06
20176.0,2.90528,0.510312909338892,0.11730590767682333,62.433338671223595,99.53021198240933,5.20315806344497e-06
20184.0,2.90552,0.5103545505157422,0.11733125667292488,62.432772223210904,99.53055142591131,5.2071371916154495e-06
20192.0,2.90576,0.5103962235520848,0.11735662774718919,62.43220528223472,99.53089118891666,5.211122988955776e-06
20200.0,2.9059999999999997,0.5104379285018352,0.11738202093835279,62.43163784742944,99.53123127200855,5.215115471224947e-06
20208.0,2.90624,0.5104796654179563,0.11740743628458938,62.43106991794461,99.53157167575952,5.219114657833362e-06
20216.0,2.9064799999999997,0.5105214343546559,0.11743287382484816,62.430501492909265,99.53191240075599,5.223120564660295e-06
20224.0,2.90672,0.5105632353655314,0.11745833359772395,62.42993257146262,99.53225344757755,5.227133210087646e-06
20232.0,2.9069599999999998,0.5106050685043843,0.11748381564195323,62.42936315274043,99.53259481680621,5.2311526123585385e-06
20240.0,2.9072,0.510646933825842,0.11750931999679332,62.428793235864575,99.53293650903342,5.235178787575832e-06
20248.0,2.90744,0.5106888313835618,0.11753484670092769,62.42822281997327,99.53327852483946,5.239211755498414e-06
20256.0,2.90768,0.5107307612324685,0.11756039579383003,62.42765190418428,99.533620864819,5.243251532256897e-06
20264.0,2.90792,0.5107727234268657,0.11758596731461306,62.427080487625254,99.5339635295597,5.247298136555458e-06
20272.0,2.90816,0.5108147180212645,0.1176115613025336,62.42650856942028,99.53430651965151,5.251351586968742e-06
20280.0,2.9084,0.5108567450710167,0.11763717779737869,62.42593614867949,99.5346498356938,5.255411899886418e-06
20288.0,2.90864,0.5108988046304866,0.11766281683835135,62.425363224529534,99.53499347827493,5.25947909540815e-06
20296.0,2.90888,0.5109408967553287,0.11768847846545895,62.42478979607649,99.53533744799763,5.263553189949816e-06
20304.0,2.9091199999999997,0.510983021500565,0.11771416271834116,62.42421586243636,99.53568174545764,5.267634202539408e-06
20312.0,2.90936,0.5110251789214286,0.11773986963678458,62.42364142272154,99.53602637125299,5.271722152070761e-06
20320.0,2.9096,0.5110673690740085,0.11776559926111552,62.42306647603026,99.53637132599134,5.275817055224976e-06
20328.0,2.90984,0.5111095920133882,0.11779135163106544,62.42249102147751,99.53671661026911,5.27991893245483e-06
20336.0,2.91008,0.511151847795965,0.11781712678718519,62.42191505815677,99.53706222469754,5.284027800504644e-06
20344.0,2.91032,0.511194136477492,0.11784292476965104,62.421338585171995,99.53740816988055,5.2881436787539776e-06
20352.0,2.91056,0.5112364581139378,0.1178687456187889,62.42076160162352,99.53775444642451,5.29226658644207e-06
20360.0,2.9108,0.5112788127621418,0.11789458937547452,62.42018410659712,99.53810105494567,5.296396540566128e-06
20368.0,2.91104,0.5113212004779204,0.1179204560799777,62.41960609919572,99.53844799604866,5.300533561949002e-06
20376.0,2.9112799999999996,0.5113636213184272,0.11794634577340288,62.41902757850019,99.53879527035343,5.304677667661912e-06
20384.0,2.91152,0.5114060753401604,0.11797225849647307,62.418448543602146,99.53914287847243,5.30882887744524e-06
20392.0,2.91176,0.5114485625998368,0.11799819429006334,62.41786899358983,99.53949082102044,5.312987210869751e-06
20400.0,2.912,0.5114910831550609,0.1180241531956091,62.417288927537406,99.53983909862208,5.31715268518091e-06
20408.0,2.9122399999999997,0.5115336370623944,0.1180501352539283,62.416708344535486,99.54018771189051,5.321325321579349e-06
20416.0,2.91248,0.5115762243797609,0.1180761405066889,62.416127243652255,99.54053666145408,5.325505137460107e-06
20424.0,2.91272,0.5116188451644165,0.11810216899517026,62.41554562396702,99.54088594793369,5.329692152916676e-06
20432.0,2.91296,0.5116614994738403,0.11812822076080691,62.41496348455548,99.5412355719528,5.333886387876019e-06
20440.0,2.9132,0.5117041873664149,0.11815429584560407,62.414380824478435,99.54158553414516,5.338087859953673e-06
20448.0,2.91344,0.5117469088994613,0.11818039429093775,62.413797642814146,99.5419358351324,5.342296590728059e-06
20456.0,2.91368,0.5117896641316872,0.1182065161390501,62.413213938618256,99.54228647555175,5.346512597890269e-06
20464.0,2.91392,0.5118324531211211,0.11823266143178754,62.412629710957475,99.54263745603281,5.350735901897706e-06
20472.0,2.91416,0.5118752759260179,0.11825883021115403,62.41204495889482,99.54298877720775,5.354966523041238e-06
20480.0,2.9143999999999997,0.5119181326055522,0.11828502251973497,62.41145968147844,99.54334043971916,5.3592044792417145e-06
20488.0,2.91464,0.5119610232178184,0.118311238399475,62.41087387777395,99.54369244419736,5.363449792463047e-06
20496.0,2.91488,0.512003947822323,0.11833747789320108,62.41028754682349,99.54404479128875,5.367702480763323e-06
20504.0,2.91512,0.51204690647788,0.11836374104333677,62.409700687680804,99.54439748163185,5.3719625649777265e-06
20512.0,2.9153599999999997,0.5120898992434625,0.11839002789242214,62.40911329939708,99.54475051586697,5.376230066007749e-06
20520.0,2.9156,0.5121329261790194,0.11841633848361366,62.408525381007436,99.54510389464554,5.380505002239917e-06
20528.0,2.9158399999999998,0.512175987343876,0.11844267285970628,62.40793693155725,99.54545761861193,5.384787394629689e-06
20536.0,2.91608,0.5122190827977261,0.11846903106373992,62.40734795008613,99.5458116884146,5.389077263531155e-06
20544.0,2.91632,0.5122622126004307,0.11849541313887685,62.406758435630856,99.54616610470394,5.393374629358541e-06
20552.0,2.91656,0.5123053768120345,0.11852181912841135,62.4061683872252,99.54652086813236,5.397679512536866e-06
20560.0,2.9168,0.5123485754928162,0.11854824907580112,62.40557780389912,99.5468759793546,5.401991933338494e-06
20568.0,2.91704,0.5123918087031475,0.11857470302458055,62.40498668468113,99.54723143902663,5.406311912334933e-06
20576.0,2.91728,0.5124350765035913,0.11860118101842136,62.40439502859603,99.54758724780692,5.41063947013624e-06
20584.0,2.9175199999999997,0.5124783789548806,0.11862768310111946,62.40380283466604,99.54794340635566,5.41497462739102e-06
20592.0,2.91776,0.5125217161179085,0.11865420931658907,62.40321010191083,99.54829991533487,5.4193174048404e-06
20600.0,2.918,0.5125650880537076,0.11868075970885004,62.402616829348005,99.54865677540826,5.423667823373532e-06
20608.0,2.91824,0.5126084948235012,0.11870733432205949,62.40202301599171,99.54901398724166,5.4280259039027025e-06
20616.0,2.9184799999999997,0.512651936488667,0.11873393320048943,62.40142866085394,99.54937155150252,5.432391667438881e-06
20624.0,2.91872,0.5126954131107464,0.11876055638853267,62.400833762943904,99.54972946886014,5.4367651350871e-06
20632.0,2.91896,0.5127389247514508,0.11878720393070676,62.400238321267985,99.55008773998584,5.4411463280294876e-06
20640.0,2.9192,0.512782471472676,0.11881387587166288,62.399642334829394,99.55044636555297,5.4455352674990616e-06
20648.0,2.91944,0.5128260533364656,0.11884057225616343,62.399045802629104,99.55080534623652,5.4499319748614455e-06
20656.0,2.9196799999999996,0.5128696704050563,0.11886729312910996,62.39844872366502,99.55116468271369,5.454336471480723e-06
20664.0,2.91992,0.5129133227408467,0.1188940385355241,62.397851096932335,99.55152437566348,5.45874877883971e-06
20672.0,2.92016,0.5129570104064065,0.11892080852055328,62.397252921423465,99.55188442576686,5.463168918499863e-06
20680.0,2.9204,0.5130007334644865,0.1189476031294769,62.39665419612791,99.55224483370681,5.467596912081232e-06
20688.0,2.9206399999999997,0.5130444919780022,0.11897442240769644,62.39605492003248,99.55260560016818,5.472032781299472e-06
20696.0,2.92088,0.5130882860100489,0.11900126640074485,62.39545509212028,99.55296672583805,5.476476547999765e-06
20704.0,2.9211199999999997,0.5131321156238929,0.11902813515428104,62.394854711371835,99.55332821140533,5.48092823409976e-06
20712.0,2.92136,0.5131759808829761,0.11905502871409286,62.39425377676484,99.55369005756103,5.4853878616034635e-06
20720.0,2.9215999999999998,0.5132198818509216,0.11908194712610086,62.393652287273994,99.55405226499839,5.489855452575015e-06
20728.0,2.92184,0.5132638185915203,0.11910889043634973,62.393050241871,99.55441483441248,5.494331029208081e-06
20736.0,2.92208,0.5133077911687496,0.11913585869102031,62.39244763952606,99.55477776649995,5.498814613637733e-06
20744.0,2.92232,0.5133517996467595,0.1191628519364207,62.39184447920606,99.55514106195963,5.5033062281301115e-06
20752.0,2.92256,0.513395844089878,0.11918987021899013,62.391240759874655,99.5555047214924,5.507805895062377e-06
20760.0,2.9228,0.5134399245626194,0.11921691358530369,62.3906364804918,99.5558687458011,5.5123136369335096e-06
20768.0,2.92304,0.5134840411296682,0.11924398208206277,62.3900316400156,99.55623313559049,5.516829476276408e-06
20776.0,2.92328,0.5135281938558989,0.11927107575610742,62.38942623740019,99.55659789156792,5.521353435747334e-06
20784.0,2.92352,0.5135723828063617,0.11929819465440743,62.38882027159695,99.55696301444257,5.5258855380996904e-06
20792.0,2.9237599999999997,0.5136166080462891,0.11932533882406642,62.38821374155442,99.55732850492564,5.530425806160897e-06
20800.0,2.924,0.5136608696411027,0.11935250831232656,62.38760664621821,99.55769436373053,5.534974262810799e-06
20808.0,2.92424,0.5137051676563981,0.11937970316655874,62.386998984530734,99.5580605915727,5.539530931071106e-06
20816.0,2.92448,0.5137495021581704,0.1194069234344017,62.38639075542849,99.55842718917182,5.54409583333594e-06
20824.0,2.9247199999999998,0.513793873212046,0.11943416916328999,62.385781957853695,99.55879415724355,5.548668993831292e-06
20832.0,2.92496,0.5138382808840699,0.11946144040093784,62.38517259074167,99.55916149650824,5.553250436149404e-06
20840.0,2.9252,0.513882725241315,0.1194887371957131,62.38456265301107,99.5595292076976,5.557840181338252e-06
20848.0,2.92544,0.5139272063495158,0.1195160595951845,62.38395214360235,99.5598972915285,5.562438255292247e-06
20856.0,2.92568,0.5139717242760221,0.11954340764793545,62.3833410614289,99.56026574873648,5.567044679602142e-06
20864.0,2.9259199999999996,0.5140162790874134,0.1195707814020991,62.38272940541714,99.56063458004805,5.571659478894844e-06
20872.0,2.92616,0.5140608708505428,0.11959818090599945,62.38211717448926,99.56100378619274,5.57628267760451e-06
20880.0,2.9264,0.5141054996333463,0.119625606208649,62.38150436755005,99.56137336791245,5.58091429745913e-06
20888.0,2.92664,0.5141501655024806,0.11965305735829701,62.380890983524694,99.56174332593457,5.58555436488047e-06
20896.0,2.9268799999999997,0.5141948685263136,0.11968053440426746,62.38027702131027,99.56211366100571,5.590202901676704e-06
20904.0,2.92712,0.5142396087723677,0.11970803739538816,62.37966247981788,99.56248437386306,5.5948599329450375e-06
20912.0,2.92736,0.5142843863084484,0.11973556638068385,62.37904735795379,99.56285546524705,5.599525483617689e-06
20920.0,2.9276,0.5143292012035052,0.11976312140990622,62.378431654604974,99.56322693591132,5.604199575811227e-06
20928.0,2.9278399999999998,0.5143740535251432,0.11979070253200366,62.377815368681155,99.56359878659396,5.608882236448558e-06
20936.0,2.92808,0.5144189433427131,0.11981830979702164,62.37719849906372,99.56397101805291,5.6135734877279765e-06
20944.0,2.92832,0.514463870724712,0.1198459432545042,62.37658104464771,99.56434363103651,5.618273355207741e-06
20952.0,2.92856,0.5145088357399198,0.119873602954193,62.3759630043236,99.56471662629616,5.622981864261072e-06
20960.0,2.9288,0.5145538384582676,0.11990128894656173,62.375344376963355,99.5650900045962,5.627699037414706e-06
20968.0,2.9290399999999996,0.5145988789483351,0.11992900128127645,62.374725161460674,99.56546376668585,5.632424902066477e-06
20976.0,2.92928,0.5146439572802455,0.11995674000897691,62.374105356683906,99.56583791333179,5.63715948158504e-06
20984.0,2.92952,0.5146890735238474,0.11998450518015799,62.3734849615059,99.56621244529757,5.641902800901069e-06
20992.0,2.92976,0.5147342277490324,0.12001229684536509,62.37286397479888,99.56658736334731,5.646654885511144e-06
21000.0,2.9299999999999997,0.5147794200259677,0.12004011505533743,62.37224239543068,99.5669626682485,5.651415760777693e-06
21008.0,2.93024,0.514824650425044,0.12006795986097622,62.371620222265285,99.56733836077096,5.656185452100153e-06
21016.0,2.9304799999999998,0.5148699190169436,0.12009583131338639,62.37099745416191,99.56771444168749,5.66096398470834e-06
21024.0,2.93072,0.5149152258725124,0.12012372946379825,62.37037408997709,99.56809091177284,5.665751384052577e-06
21032.0,2.93096,0.5149605710627921,0.12015165436358723,62.369750128564085,99.56846777180422,5.670547675712709e-06
21040.0,2.9312,0.5150059546590455,0.12017960606428939,62.369125568772226,99.56884502256162,5.6753528853456835e-06
21048.0,2.93144,0.5150513767327466,0.12020758461759581,62.36850040944758,99.56922266482708,5.680167038671666e-06
21056.0,2.93168,0.5150968373555408,0.12023559007532797,62.367874649433645,99.56960069938467,5.684990161608197e-06
21064.0,2.93192,0.5151423365992938,0.1202636224894679,62.36724828757015,99.56997912702099,5.6898222801391206e-06
21072.0,2.93216,0.5151878745360793,0.12029168191215092,62.36662132269338,99.57035794852501,5.694663420359304e-06
21080.0,2.9324,0.5152334512381694,0.1203197683956596,62.36599375363641,99.57073716468788,5.6995136084931405e-06
21088.0,2.93264,0.5152790667780408,0.12034788199242775,62.36536557922896,99.57111677630313,5.704372870885297e-06
21096.0,2.93288,0.5153247212284012,0.12037602275505699,62.36473679829683,99.57149678416695,5.7092412339267e-06
21104.0,2.9331199999999997,0.5153704146621545,0.12040419073629509,62.36410740966267,99.57187718907777,5.714118724164015e-06
21112.0,2.93336,0.5154161471524169,0.12043238598904632,62.36347741214562,99.57225799183641,5.719005368241054e-06
21120.0,2.9336,0.5154619187725393,0.12046060856638509,62.36284680456099,99.57263919324647,5.72390119284326e-06
21128.0,2.93384,0.5155077295960636,0.12048885852152925,62.362215585720925,99.57302079411366,5.7288062248349464e-06
21136.0,2.93408,0.5155535796967629,0.12051713590786507,62.361583754433944,99.5734027952462,5.733720491123602e-06
21144.0,2.9343199999999996,0.5155994691486198,0.1205454407789338,62.360951309505076,99.57378519745473,5.7386440187447e-06
21152.0,2.93456,0.5156453980258326,0.12057377318843569,62.360318249735776,99.57416800155237,5.743576834850901e-06
21160.0,2.9348,0.5156913664028223,0.12060213319023434,62.35968457392376,99.57455120835483,5.748518966685847e-06
21168.0,2.93504,0.5157373743542196,0.12063052083834898,62.35905028086342,99.57493481868016,5.7534704416211605e-06
21176.0,2.9352799999999997,0.5157834219548834,0.1206589361869657,62.35841536934524,99.57531883334906,5.758431287130235e-06
21184.0,2.93552,0.515829509279886,0.12068737929042886,62.357779838156226,99.57570325318463,5.763401530802113e-06
21192.0,2.93576,0.5158756364045204,0.12071585020324516,62.357143686079795,99.57608807901251,5.768381200339943e-06
21200.0,2.936,0.515921803404311,0.12074434898009083,62.35650691189553,99.576473311661,5.773370323533225e-06
21208.0,2.9362399999999997,0.5159680103549908,0.1207728756757974,62.35586951437957,99.57685895196077,5.778368928319486e-06
21216.0,2.93648,0.5160142573325304,0.12080143034536975,62.355231492304625,99.5772450007451,5.783377042671721e-06
21224.0,2.9367199999999998,0.5160605444131166,0.12083001304397326,62.354592844439736,99.57763145884972,5.788394694718664e-06
21232.0,2.93696,0.5161068716731614,0.12085862382693911,62.35395356954999,99.57801832711304,5.793421912703156e-06
21240.0,2.9372,0.5161532391893122,0.12088726274977094,62.35331366639591,99.5784056063761,5.7984587250222335e-06
21248.0,2.93744,0.5161996470384306,0.12091592986813167,62.3526731337352,99.57879329748233,5.803505160171622e-06
21256.0,2.93768,0.516246095297619,0.12094462523786037,62.35203197032157,99.57918140127819,5.808561246716433e-06
21264.0,2.93792,0.5162925840442013,0.1209733489149602,62.35139017490495,99.57956991861252,5.813627013383689e-06
21272.0,2.93816,0.5163391133557308,0.12100210095560335,62.35074774623151,99.57995885033678,5.818702489005265e-06
21280.0,2.9383999999999997,0.5163856833100011,0.12103088141613819,62.35010468304375,99.58034819730509,5.823787702480882e-06
21288.0,2.93864,0.5164322939850242,0.12105969035307557,62.34946098408036,99.58073796037415,5.828882682892216e-06
21296.0,2.93888,0.5164789454590577,0.12108852782310588,62.34881664807595,99.58112814040342,5.833987459394958e-06
21304.0,2.93912,0.5165256378105854,0.12111739388308715,62.3481716737615,99.58151873825493,5.83910206128049e-06
21312.0,2.9393599999999998,0.5165723711183229,0.12114628859004872,62.34752605986306,99.58190975479347,5.8442265180576174e-06
21320.0,2.9396,0.5166191454882472,0.12117521201790617,62.34687980470271,99.58230119115375,5.849360775476524e-06
21328.0,2.93984,0.5166659609973886,0.1212041642227084,62.346232907105886,99.58269304813385,5.85450486424567e-06
21336.0,2.94008,0.516712817698976,0.12123314524580972,62.34558536618381,99.58308532634734,5.859658894873881e-06
21344.0,2.94032,0.5167597156831898,0.12126215515144395,62.344937180470865,99.5834780267941,5.864822866366581e-06
21352.0,2.94056,0.5168066550081637,0.1212911939840496,62.34428834900771,99.58387115012742,5.8699968753301365e-06
21360.0,2.9408,0.5168536357711528,0.12132026181229402,62.34363887019986,99.58426469743401,5.875180902423536e-06
21368.0,2.94104,0.5169006580747015,0.12134935870815122,62.34298874250937,99.58465866977801,5.880374902354306e-06
21376.0,2.94128,0.5169477220025941,0.12137848473201965,62.34233796464107,99.58505306805087,5.885578891546037e-06
21384.0,2.9415199999999997,0.5169948275080517,0.1214076398635133,62.34168653729668,99.58544789176487,5.89079328530695e-06
21392.0,2.94176,0.5170419749000978,0.12143682430249424,62.34103445542108,99.58584314433827,5.896017439527279e-06
21400.0,2.942,0.5170891640392203,0.1214660379712253,62.34038172129646,99.58623882422786,5.901252040895384e-06
21408.0,2.94224,0.5171363950646742,0.12149528096454323,62.339728332623054,99.58663493298613,5.906496952013458e-06
21416.0,2.9424799999999998,0.5171836681410226,0.12152455339300273,62.33907428668312,99.58703147244772,5.911751962306113e-06
21424.0,2.94272,0.5172309832955047,0.12155385528216336,62.33841958300865,99.58742844292414,5.917017268224232e-06
21432.0,2.9429600000000002,0.5172783405906318,0.1215831866794458,62.337764220274074,99.58782584523863,5.922292984489319e-06
21440.0,2.9432,0.5173257401074524,0.1216125476437778,62.33710819713961,99.58822368029533,5.927579149168145e-06
21448.0,2.94344,0.5173731819371368,0.12164193824038759,62.33645151219814,99.5886219491008,5.932875763626901e-06
21456.0,2.9436799999999996,0.5174206661736838,0.121671358536288,62.33579416402958,99.58902065268458,5.9381828192320606e-06
21464.0,2.94392,0.5174681928964832,0.12170080858947203,62.335136151288324,99.58941979194928,5.9435003642258994e-06
21472.0,2.94416,0.5175157622000464,0.12173028846733343,62.33447747267091,99.58981936779242,5.9488283804948194e-06
21480.0,2.9444,0.5175633741690907,0.1217597982312285,62.333818126800416,99.59021938116764,5.954166898019469e-06
21488.0,2.9446399999999997,0.5176110288888046,0.12178933794283622,62.333158112318266,99.59061983298234,5.9595159442470275e-06
21496.0,2.94488,0.5176587264439395,0.12181890766359536,62.33249742786531,99.59102072413849,5.96487554941257e-06
21504.0,2.9451199999999997,0.5177064669213274,0.1218485074562654,62.33183607208301,99.59142205556883,5.970245735814617e-06
21512.0,2.94536,0.517754250402803,0.12187813738053818,62.33117404357317,99.59182382821893,5.975626550848896e-06
21520.0,2.9455999999999998,0.517802076974539,0.12190779749882581,62.330511340978404,99.59222604300878,5.981018021307251e-06
21528.0,2.94584,0.5178499467215516,0.12193748787285431,62.329847962908225,99.59262870088894,5.986420182346741e-06
21536.0,2.94608,0.5178978597288789,0.12196720856439414,62.32918390796834,99.59303180281414,5.991833070242363e-06
21544.0,2.94632,0.5179458160816123,0.12199695963527975,62.3285191747826,99.59343534971852,5.997256720519712e-06
21552.0,2.94656,0.5179938158674348,0.12202674114898471,62.3278537619295,99.59383934257389,6.0026911622712564e-06
21560.0,2.9468,0.518041859171326,0.1220565531673368,62.32718766802719,99.59424378232131,6.008136433761142e-06
21568.0,2.94704,0.5180899460805541,0.1220863957536152,62.32652089166377,99.59464866992059,6.013592566911363e-06
21576.0,2.94728,0.518138076682659,0.12211626897129937,62.32585343142397,99.59505400633333,6.019059593682467e-06
21584.0,2.94752,0.5181862510638723,0.12214617288308875,62.325185285908375,99.59545979251293,6.024537551223748e-06
21592.0,2.9477599999999997,0.5182344693133201,0.12217610755351126,62.324516453677575,99.5958660294368,6.030026468589127e-06
21600.0,2.948,0.5182827315176574,0.12220607304559289,62.3238469333272,99.5962727180608,6.035526383393577e-06
21608.0,2.94824,0.5183310377653987,0.12223606942354619,62.32317672342363,99.59667985936181,6.041037328675484e-06
21616.0,2.94848,0.5183793881452641,0.12226609675174371,62.32250582252983,99.59708745431936,6.04655933782789e-06
21624.0,2.94872,0.5184277827450036,0.12229615509398795,62.32183422922483,99.59749550390048,6.0520924479831286e-06
21632.0,2.9489599999999996,0.5184762216548907,0.12232624451568126,62.32116194204379,99.59790400910566,6.057636690102545e-06
21640.0,2.9492,0.5185247049629762,0.12235636508087798,62.320488959560834,99.5983129709058,6.06319210233772e-06
21648.0,2.94944,0.5185732327591427,0.12238651685480319,62.31981528031914,99.59872239029377,6.0687587185627905e-06
21656.0,2.94968,0.5186218051334875,0.1224166999028484,62.31914090285834,99.59913226826497,6.0743365729849635e-06
21664.0,2.9499199999999997,0.5186704221751015,0.12244691428981248,62.31846582573473,99.59954260580322,6.079925703674092e-06
21672.0,2.95016,0.5187190839757508,0.12247716008219035,62.31779004746063,99.59995340392109,6.085526141938469e-06
21680.0,2.9504,0.5187677906248365,0.12250743734504012,62.31711356658721,99.60036466360603,6.091137926882613e-06
21688.0,2.95064,0.5188165422136777,0.1225377461446456,62.31643638163356,99.60077638586701,6.0967610930899735e-06
21696.0,2.9508799999999997,0.5188653388338162,0.12256808654746269,62.315758491115005,99.60118857171553,6.102395675498652e-06
21704.0,2.95112,0.5189141805757472,0.12259845861933001,62.31507989356468,99.60160122215109,6.108041712974164e-06
21712.0,2.9513599999999998,0.5189630675327017,0.12262886242782141,62.31440058747096,99.60201433820562,6.113699237490931e-06
21720.0,2.9516,0.5190119997954988,0.1226592980390448,62.31372057136141,99.60242792088226,6.11936828897381e-06
21728.0,2.95184,0.5190609774566729,0.1226897655202088,62.31303984373567,99.60284197120423,6.125048903392481e-06
21736.0,2.95208,0.5191100006094614,0.12272026493899375,62.31235840308198,99.60325649020275,6.130741115674256e-06
21744.0,2.95232,0.5191590693464583,0.12275079636271401,62.311676247898916,99.60367147890172,6.136444963614516e-06
21752.0,2.95256,0.5192081837608111,0.12278135985906295,62.31099337667401,99.60408693833166,6.1421604845738085e-06
21760.0,2.9528,0.5192573439460045,0.1228119554959782,62.31030978789069,99.6045028695268,6.147887715843292e-06
21768.0,2.9530399999999997,0.5193065499958897,0.12284258334166029,62.30962548002679,99.60491927352538,6.153626694635483e-06
21776.0,2.95328,0.5193558020046694,0.12287324346456355,62.308940451554925,99.60533615136953,6.159377458122808e-06
21784.0,2.95352,0.5194051000667608,0.12290393593331084,62.3082547009433,99.605753504104,6.165140043963415e-06
21792.0,2.95376,0.5194544442769227,0.12293466081677283,62.30756822665623,99.60617133277685,6.1709144897105954e-06
21800.0,2.9539999999999997,0.519503834730225,0.12296541818404935,62.30688102715216,99.60658963843997,6.176700833130439e-06
21808.0,2.95424,0.5195532715220111,0.12299620810444595,62.30619310088443,99.60700842214857,6.182499112274296e-06
21816.0,2.9544799999999998,0.5196027547479093,0.12302703064748115,62.305504446301114,99.6074276849613,6.1883093654602825e-06
21824.0,2.95472,0.519652284503917,0.12305788588293928,62.30481506184521,99.60784742794068,6.194131630921702e-06
21832.0,2.95496,0.5197018608865895,0.12308877388098816,62.30412494594919,99.60826765215654,6.199965946449313e-06
21840.0,2.9552,0.5197514839916706,0.1231196947113258,62.30343409705993,99.60868835866857,6.205812353098237e-06
21848.0,2.95544,0.5198011539165374,0.12315064844470433,62.30274251359782,99.60910954855528,6.211670888304581e-06
21856.0,2.95568,0.5198508707588184,0.12318163515206884,62.302050193979234,99.609531222898,6.217541589837512e-06
21864.0,2.95592,0.5199006346149446,0.1232126549036545,62.301357136639474,99.60995338276453,6.2234244999749405e-06
21872.0,2.9561599999999997,0.5199504455842049,0.12324370777151453,62.3006633399656,99.61037602925583,6.229319654058966e-06
21880.0,2.9564,0.5200003037634106,0.12327479382619448,62.29996880238701,99.61079916344397,6.235227095388287e-06
21888.0,2.95664,0.5200502092514372,0.1233059131395637,62.29927352229767,99.61122278642543,6.241146862598665e-06
21896.0,2.95688,0.5201001621474036,0.12333706578368037,62.298577498087354,99.61164689929963,6.247078994732942e-06
21904.0,2.9571199999999997,0.52015016254929,0.12336825182992975,62.2978807281656,99.61207150315231,6.253023535043558e-06
21912.0,2.95736,0.5202002105581441,0.12339947135164768,62.29718321089174,99.61249659910473,6.2589805191871755e-06
21920.0,2.9576000000000002,0.5202503062722954,0.1234307244205121,62.29648494466913,99.61292218824687,6.264949991629767e-06
21928.0,2.95784,0.5203004497922745,0.12346201110961164,62.29578592786569,99.61334827169372,6.270931991651642e-06
21936.0,2.95808,0.520350641218867,0.12349333149223186,62.29508615884519,99.61377485056316,6.276926558923226e-06
21944.0,2.9583199999999996,0.5204008806516575,0.12352468564094697,62.29438563599068,99.61420192595952,6.28293373760981e-06
21952.0,2.95856,0.520451168193352,0.12355607363031727,62.29368435763398,99.6146294990227,6.288953564217683e-06
21960.0,2.9588,0.5205015039439078,0.12358749553322576,62.292982322152184,99.61505757086121,6.294986084057825e-06
21968.0,2.95904,0.5205518880055038,0.12361895142398059,62.29227952788532,99.61548614260929,6.301031337368109e-06
21976.0,2.9592799999999997,0.5206023204805762,0.12365044137708932,62.29157597316909,99.61591521540412,6.307089364782698e-06
21984.0,2.95952,0.5206528014703099,0.1236819654663168,62.290871656360274,99.61634479036833,6.313160211523135e-06
21992.0,2.9597599999999997,0.5207033310787601,0.1237135237672592,62.290166575768325,99.61677486865781,6.319243915910618e-06
22000.0,2.96,0.520753909408422,0.12374511635457774,62.28946072972831,99.61720545141037,6.325340521763491e-06
22008.0,2.9602399999999998,0.5208045365626274,0.12377674330349515,62.28875411656078,99.6176365397738,6.331450071751325e-06
22016.0,2.96048,0.5208552126450143,0.1238084046894651,62.28804673458071,99.61806813489954,6.337572608870591e-06
22024.0,2.96072,0.5209059377595925,0.12384010058821276,62.287338582097625,99.61850023794318,6.3437081761640186e-06
22032.0,2.96096,0.5209567120109205,0.12387183107584623,62.286629657414224,99.61893285006589,6.349856816123853e-06
22040.0,2.9612,0.5210075355037194,0.12390359622861481,62.28591995882853,99.61936597243138,6.3560185720919664e-06
22048.0,2.96144,0.5210584083431209,0.12393539612306477,62.285209484632745,99.61979960620751,6.362193487357806e-06
22056.0,2.96168,0.5211093306346131,0.12396723083600523,62.28449823311346,99.6202337525659,6.3683816053480526e-06
22064.0,2.96192,0.5211603024840362,0.12399910044450588,62.283786202551426,99.6206684126825,6.374582969688304e-06
22072.0,2.96216,0.5212113239975067,0.12403100502584964,62.28307339122071,99.62110358773728,6.380797624573146e-06
22080.0,2.9623999999999997,0.5212623952815506,0.12406294465761637,62.28235979739047,99.62153927891401,6.387025614090769e-06
22088.0,2.96264,0.5213135164430208,0.12409491941763112,62.281645419323745,99.62197548740086,6.393266982656261e-06
22096.0,2.96288,0.5213646875891161,0.12412692938397646,62.280930255277774,99.62241221439025,6.3995217749221765e-06
22104.0,2.96312,0.521415908827383,0.12415897463499358,62.280214303503996,99.62284946107836,6.405790035775448e-06
22112.0,2.9633599999999998,0.5214671802657768,0.12419105524932092,62.279497562248196,99.62328722866569,6.412071810073712e-06
22120.0,2.9636,0.5215185020125553,0.12422317130582783,62.27878002975022,99.62372551835672,6.418367143114069e-06
22128.0,2.96384,0.521569874176374,0.12425532288367404,62.27806170424312,99.62416433136038,6.424676080320059e-06
22136.0,2.96408,0.5216212968662612,0.12428751006229477,62.277342583953406,99.62460366888983,6.430998667321848e-06
22144.0,2.96432,0.5216727701915841,0.12431973292137932,62.27662266710246,99.62504353216228,6.437334949997862e-06
22152.0,2.9645599999999996,0.5217242942621095,0.12435199154090956,62.27590195190486,99.62548392239984,6.443684974354509e-06
22160.0,2.9648,0.5217758691879482,0.124384286001125,62.27518043656935,99.62592484082838,6.450048786695799e-06
22168.0,2.96504,0.5218274950795923,0.12441661638254675,62.27445811929906,99.6263662886781,6.456426433436764e-06
22176.0,2.96528,0.5218791720479073,0.12444898276597252,62.27373499829144,99.62680826718339,6.4628179611728485e-06
22184.0,2.9655199999999997,0.5219309002041208,0.12448138523246957,62.273011071737336,99.62725077758303,6.469223416790928e-06
22192.0,2.96576,0.5219826796598561,0.12451382386339653,62.27228633782116,99.62769382111996,6.475642847325911e-06
22200.0,2.966,0.5220345105270899,0.12454629874037663,62.27156079472183,99.62813739904142,6.482076300067128e-06
22208.0,2.96624,0.5220863929181926,0.12457880994532325,62.27083444061102,99.6285815125993,6.488523822535212e-06
22216.0,2.96648,0.5221383269459177,0.12461135756043372,62.270107273653615,99.62902616304996,6.494985462499048e-06
22224.0,2.96672,0.5221903127233837,0.12464394166817794,62.26937929200911,99.62947135165388,6.5014612679434004e-06
22232.0,2.96696,0.5222423503641243,0.1246765623513301,62.26865049383028,99.62991707967667,6.507951286974851e-06
22240.0,2.9672,0.522294439982028,0.12470921969293117,62.267920877263535,99.6303633483879,6.51445556804384e-06
22248.0,2.96744,0.5223465816913885,0.1247419137763206,62.26719044044906,99.63081015906177,6.520974159744212e-06
22256.0,2.9676799999999997,0.5223987756068917,0.12477464468512847,62.26645918152072,99.63125751297694,6.527507110864102e-06
22264.0,2.96792,0.5224510218435977,0.12480741250326419,62.26572709860594,99.63170541141658,6.534054470493871e-06
22272.0,2.96816,0.5225033205169876,0.12484021731494645,62.26499418982502,99.63215385566842,6.54061628787191e-06
22280.0,2.9684,0.5225556717429084,0.12487305920466868,62.264260453292465,99.6326028470246,6.547192612535755e-06
22288.0,2.9686399999999997,0.5226080756376207,0.1249059382572291,62.26352588711577,99.63305238678208,6.553783494212601e-06
22296.0,2.96888,0.5226605323177855,0.12493885455772284,62.26279048939568,99.63350247624248,6.560388982867112e-06
22304.0,2.9691199999999998,0.522713041900447,0.12497180819153123,62.26205425822672,99.63395311671181,6.567009128730712e-06
22312.0,2.96936,0.5227656045030815,0.12500479924435295,62.26131719169614,99.63440430950126,6.573643982199815e-06
22320.0,2.9696,0.5228182202435386,0.12503782780216702,62.260579287885044,99.63485605592625,6.580293593976148e-06
22328.0,2.96984,0.5228708892400912,0.12507089395126464,62.25984054486778,99.63530835730708,6.586958014948019e-06
22336.0,2.97008,0.5229236116114232,0.12510399777824177,62.259100960712175,99.63576121496872,6.593637296191853e-06
22344.0,2.97032,0.5229763874766092,0.12513713936998636,62.25836053347924,99.63621463024083,6.6003314891094345e-06
22352.0,2.97056,0.5230292169551668,0.12517031881371157,62.257619261222075,99.63666860445812,6.607040645307631e-06
22360.0,2.9708,0.5230821001669954,0.12520353619691768,62.25687714198805,99.63712313895974,6.613764816666238e-06
22368.0,2.97104,0.523135037232428,0.12523679160742462,62.25613417381705,99.63757823508996,6.620504055284014e-06
22376.0,2.97128,0.523188028272218,0.1252700851333641,62.255390354741934,99.63803389419795,6.627258413506433e-06
22384.0,2.97152,0.5232410734075189,0.12530341686316712,62.254645682788976,99.63849011763747,6.634027943964233e-06
22392.0,2.9717599999999997,0.5232941727599375,0.1253367868855974,62.253900155977895,99.63894690676746,6.640812699383756e-06
22400.0,2.972,0.5233473264514716,0.12537019528971283,62.253153772321184,99.63940426295149,6.64761273287684e-06
22408.0,2.97224,0.5234005346045625,0.12540364216489824,62.25240652982397,99.63986218755821,6.654428097763485e-06
22416.0,2.97248,0.5234537973420815,0.12543712760085776,62.2516584264841,99.64032068196127,6.661258847615037e-06
22424.0,2.97272,0.5235071147873102,0.12547065168760205,62.250909460292945,99.64077974753907,6.668105036292733e-06
22432.0,2.9729599999999996,0.5235604870639935,0.12550421451548247,62.250159629234076,99.6412393856755,6.674966717821258e-06
22440.0,2.9732,0.5236139142962769,0.12553781617515142,62.24940893128441,99.64169959775903,6.681843946581494e-06
22448.0,2.97344,0.52366739660876,0.12557145675759637,62.24865736441309,99.64216038518347,6.688736777170203e-06
22456.0,2.97368,0.5237209341264832,0.12560513635413195,62.24790492658183,99.64262174934787,6.695645264460155e-06
22464.0,2.9739199999999997,0.5237745269749062,0.1256388550563865,62.24715161574558,99.64308369165603,6.702569463612473e-06
22472.0,2.97416,0.5238281752799637,0.1256726129563373,62.246397429852586,99.64354621351707,6.709509429865381e-06
22480.0,2.9744,0.5238818791680003,0.12570641014627013,62.245642366843356,99.64400931634509,6.71646521889656e-06
22488.0,2.97464,0.5239356387658254,0.1257402467188138,62.2448864246506,99.64447300155952,6.72343688659649e-06
22496.0,2.9748799999999997,0.5239894542006992,0.12577412276693167,62.24412960119928,99.64493727058499,6.730424489142455e-06
22504.0,2.97512,0.5240433256003117,0.1258080383839089,62.24337189440772,99.64540212485113,6.737428082990839e-06
22512.0,2.97536,0.5240972530928396,0.12584199366338808,62.24261330218602,99.64586756579345,6.744447724793854e-06
22520.0,2.9756,0.5241512368068787,0.1258759886993275,62.241853822437264,99.64633359485214,6.751483471567621e-06
22528.0,2.97584,0.524205276871501,0.12591002358603698,62.24109345305687,99.64680021347296,6.758535380533343e-06
22536.0,2.97608,0.5242593734162406,0.12594409841816936,62.24033219193276,99.64726742310702,6.7656035091697335e-06
22544.0,2.97632,0.5243135265710713,0.12597821329070663,62.23957003694533,99.64773522521061,6.772687915300908e-06
22552.0,2.97656,0.5243677364664655,0.12601236829899728,62.23880698596614,99.64820362124584,6.779788656979196e-06
22560.0,2.9768,0.5244220032333247,0.12604656353871305,62.23804303686018,99.64867261267977,6.786905792594617e-06
22568.0,2.97704,0.5244763270030381,0.1260807991058858,62.23727818748435,99.64914220098517,6.794039380760779e-06
22576.0,2.97728,0.5245307079074689,0.12611507509689915,62.236512435687914,99.64961238764027,6.80118948034726e-06
22584.0,2.97752,0.5245851460789296,0.12614939160847344,62.23574577931238,99.65008317412861,6.808356150593707e-06
22592.0,2.97776,0.5246396416502442,0.1261837487377052,62.234978216190676,99.65055456193963,6.815539450935604e-06
22600.0,2.9779999999999998,0.5246941947546758,0.1262181465820213,62.23420974414864,99.65102655256793,6.822739441173879e-06
22608.0,2.97824,0.5247488055259876,0.12625258523921842,62.23344036100367,99.65149914751392,6.82995618136543e-06
22616.0,2.97848,0.5248034740984276,0.12628706480745325,62.2326700645651,99.65197234828368,6.837189731844711e-06
22624.0,2.97872,0.5248582006067046,0.12632158538522753,62.23189885263462,99.65244615638866,6.844440153299288e-06
22632.0,2.97896,0.5249129851860518,0.12635614707142878,62.231126723005204,99.65292057334655,6.851707506617184e-06
22640.0,2.9791999999999996,0.5249678279721516,0.12639074996528304,62.23035367346233,99.65339560068014,6.858991853084251e-06
22648.0,2.97944,0.5250227291011988,0.12642539416639495,62.229579701783294,99.6538712399182,6.866293254205304e-06
22656.0,2.97968,0.5250776887098854,0.12646007977473836,62.22880480573729,99.6543474925952,6.873611771758085e-06
22664.0,2.97992,0.525132706935375,0.12649480689064085,62.22802898308549,99.6548243602512,6.880947467910459e-06
22672.0,2.9801599999999997,0.5251877839153679,0.12652957561482472,62.227252231579804,99.65530184443249,6.888300405050791e-06
22680.0,2.9804,0.5252429197880254,0.12656438604835962,62.22647454896492,99.65577994669071,6.895670645951399e-06
22688.0,2.98064,0.5252981146920336,0.1265992382927032,62.225695932976656,99.65625866858366,6.903058253642112e-06
22696.0,2.98088,0.5253533687665878,0.12663413244969154,62.22491638134237,99.65673801167509,6.910463291453444e-06
22704.0,2.9811199999999998,0.5254086821513664,0.12666906862152286,62.22413589178138,99.65721797753433,6.917885823090608e-06
22712.0,2.98136,0.5254640549865989,0.12670404691080092,62.223354462003655,99.65769856773734,6.925325912493199e-06
22720.0,2.9816,0.5255194874129862,0.1267390674204849,62.22257208971147,99.65817978386548,6.932783624000183e-06
22728.0,2.98184,0.5255749795717672,0.12677413025393183,62.2217887725984,99.65866162750635,6.9402590221957e-06
22736.0,2.98208,0.5256305316047031,0.1268092355148867,62.2210045083496,99.65914410025363,6.947752171955325e-06
22744.0,2.98232,0.5256861436540498,0.12684438330746592,62.220219294641716,99.65962720370682,6.955263138561713e-06
22752.0,2.98256,0.5257418158626275,0.12687957373620107,62.219433129141926,99.66011093947182,6.962791987519565e-06
22760.0,2.9828,0.5257975483737399,0.12691480690598836,62.21864600950964,99.66059530916029,6.970338784748373e-06
22768.0,2.98304,0.5258533413312425,0.12695008292213206,62.21785793339467,99.66108031439038,6.977903596474482e-06
22776.0,2.9832799999999997,0.5259091948795254,0.12698540189033403,62.21706889843765,99.66156595678657,6.985486489257305e-06
22784.0,2.98352,0.5259651091634864,0.12702076391667708,62.216278902271114,99.66205223797921,6.99308753003558e-06
22792.0,2.9837599999999997,0.5260210843286027,0.12705616910767037,62.215487942517576,99.66253915960588,7.0007067859947615e-06
22800.0,2.984,0.5260771205208465,0.12709161757019655,62.21469601679135,99.66302672330968,7.008344324775188e-06
22808.0,2.98424,0.5261332178867556,0.12712710941155675,62.21390312269812,99.66351493074015,7.016000214223821e-06
22816.0,2.98448,0.5261893765734162,0.12716264473946007,62.213109257835,99.66400378355308,7.023674522471348e-06
22824.0,2.98472,0.5262455967284352,0.12719822366200612,62.212314419789735,99.66449328341062,7.031367318124926e-06
22832.0,2.98496,0.5263018785000116,0.12723384628773088,62.211518606139805,99.66498343198151,7.039078670049221e-06
22840.0,2.9852,0.5263582220368531,0.12726951272555392,62.210721814455,99.66547423094056,7.046808647511356e-06
22848.0,2.98544,0.5264146274882469,0.1273052230848238,62.20992404229498,99.66596568196944,7.054557320108438e-06
22856.0,2.98568,0.5264710950040421,0.12734097747530726,62.20912528720989,99.66645778675648,7.06232475777989e-06
22864.0,2.98592,0.5265276247346212,0.1273767760071713,62.20832554674127,99.66695054699609,7.070111030881472e-06
22872.0,2.98616,0.5265842168309761,0.12741261879103175,62.207524818420644,99.66744396439009,7.077916209980193e-06
22880.0,2.9863999999999997,0.5266408714446178,0.12744850593789656,62.20672309977068,99.66793804064623,7.085740366156538e-06
22888.0,2.98664,0.5266975887276529,0.12748443755921443,62.20592038830438,99.66843277747921,7.093583570750048e-06
22896.0,2.98688,0.5267543688327644,0.12752041376686302,62.20511668152531,99.66892817661044,7.101445895450291e-06
22904.0,2.98712,0.5268112119131817,0.12755643467313046,62.20431197692778,99.66942423976776,7.109327412387838e-06
22912.0,2.98736,0.5268681181227594,0.12759250039076525,62.20350627199509,99.66992096868638,7.117228193995493e-06
22920.0,2.9876,0.5269250876158845,0.1276286110329184,62.202699564202234,99.6704183651077,7.125148313145517e-06
22928.0,2.98784,0.5269821205475548,0.12766476671319277,62.20189185101424,99.67091643078022,7.133087843004691e-06
22936.0,2.98808,0.5270392170733589,0.12770096754563126,62.20108312988654,99.67141516745941,7.141046857085202e-06
22944.0,2.98832,0.5270963773494463,0.12773721364469812,62.200273398264905,99.67191457690728,7.149025429364908e-06
22952.0,2.9885599999999997,0.5271536015326072,0.12777350512532978,62.19946265358405,99.67241466089335,7.157023634120814e-06
22960.0,2.9888,0.5272108897801778,0.12780984210287524,62.198650893270084,99.67291542119352,7.165041546092519e-06
22968.0,2.98904,0.5272682422501215,0.12784622469314783,62.19783811473834,99.6734168595912,7.17307924035731e-06
22976.0,2.98928,0.5273256591010076,0.12788265301241233,62.19702431539393,99.67391897787704,7.181136792377973e-06
22984.0,2.9895199999999997,0.5273831404919804,0.12791912717736545,62.19620949263254,99.67442177784825,7.18921427807526e-06
22992.0,2.98976,0.5274406865828424,0.1279556473051891,62.19539364383942,99.67492526130972,7.1973117735904226e-06
23000.0,2.9899999999999998,0.5274982975339559,0.1279922135134885,62.19457676638998,99.67542943007304,7.205429355618285e-06
23008.0,2.99024,0.5275559735063262,0.12802882592034492,62.19375885764915,99.67593428595718,7.213567101177487e-06
23016.0,2.99048,0.5276137146615808,0.12806548464430334,62.19293991497151,99.67643983078838,7.22172508765674e-06
23024.0,2.99072,0.5276715211619366,0.12810218980435176,62.192119935701854,99.67694606639985,7.229903392930479e-06
23032.0,2.99096,0.5277293931702859,0.1281389415199762,62.191298917173896,99.67745299463277,7.238102095129108e-06
23040.0,2.9912,0.5277873308500951,0.1281757399110968,62.190476856711726,99.67796061733496,7.246321272925806e-06
23048.0,2.99144,0.5278453343654903,0.12821258509812253,62.18965375162829,99.67846893636207,7.254561005345322e-06
23056.0,2.99168,0.5279034038812364,0.12824947720193833,62.18882959922581,99.67897795357725,7.2628213718179465e-06
23064.0,2.99192,0.5279615395627024,0.1282864163438836,62.18800439679657,99.6794876708507,7.2711024522566075e-06
23072.0,2.99216,0.5280197415759518,0.1283234026458097,62.1871781416209,99.67999809006113,7.279404326887253e-06
23080.0,2.9924,0.5280780100876361,0.12836043623001303,62.186350830969495,99.68050921309387,7.2877270764770685e-06
23088.0,2.9926399999999997,0.5281363452650848,0.12839751721929238,62.185522462102185,99.68102104184223,7.296070782107798e-06
23096.0,2.99288,0.5281947472762822,0.12843464573693478,62.18469303226819,99.68153357820712,7.3044355252482255e-06
23104.0,2.99312,0.5282532162898335,0.12847182190669398,62.18386253870597,99.68204682409686,7.31282138791145e-06
23112.0,2.99336,0.5283117524750551,0.12850904585284906,62.18303097864197,99.68256078142794,7.321228452415883e-06
23120.0,2.9936,0.5283703560018683,0.12854631770013616,62.182198349292975,99.68307545212409,7.329656801622712e-06
23128.0,2.99384,0.5284290270408893,0.1285836375738071,62.18136464786385,99.6835908381172,7.338106518770908e-06
23136.0,2.99408,0.5284877657634068,0.12862100559961498,62.18052987154817,99.68410694134717,7.346577687540447e-06
23144.0,2.99432,0.5285465723413463,0.12865842190379204,62.17969401752905,99.68462376376128,7.355070392120158e-06
23152.0,2.99456,0.5286054469473647,0.12869588661311043,62.17885708297753,99.68514130731553,7.363584716994929e-06
23160.0,2.9947999999999997,0.5286643897547383,0.12873339985481116,62.17801906505415,99.68565957397315,7.372120747254105e-06
23168.0,2.99504,0.5287234009374577,0.12877096175666491,62.17717996090767,99.68617856570579,7.380678568350933e-06
23176.0,2.99528,0.5287824806702045,0.12880857244695773,62.17633976767537,99.68669828449325,7.389258266168874e-06
23184.0,2.99552,0.528841629128313,0.12884623205446716,62.17549848248357,99.687218732323,7.397859927148044e-06
23192.0,2.9957599999999998,0.5289008464878693,0.1288839407085256,62.17465610244568,99.68773991119143,7.4064836380662484e-06
23200.0,2.996,0.5289601329255952,0.12892169853894686,62.173812624664805,99.68826182310235,7.415129486293415e-06
23208.0,2.9962400000000002,0.5290194886189457,0.12895950567608877,62.1729680462322,99.68878447006817,7.423797559549497e-06
23216.0,2.99648,0.5290789137460852,0.12899736225083844,62.17212236422757,99.68930785410959,7.432487945989287e-06
23224.0,2.99672,0.5291384084858486,0.1290352683945878,62.171275575719065,99.68983197725525,7.441200734358154e-06
23232.0,2.99696,0.5291979730178421,0.1290732242392984,62.17042767776155,99.69035684154285,7.449936013757665e-06
23240.0,2.9972,0.5292576075223251,0.12911122991742663,62.16957866739955,99.69088244901776,7.458693873876876e-06
23248.0,2.99744,0.52931731218031,0.12914928556198763,62.168728541664564,99.69140880173438,7.467474404847395e-06
23256.0,2.99768,0.5293770871735376,0.12918739130654033,62.167877297575764,99.6919359017558,7.476277697268046e-06
23264.0,2.9979199999999997,0.5294369326844373,0.12922554728516214,62.16702493214104,99.69246375115307,7.485103842314353e-06
23272.0,2.99816,0.5294968488962319,0.12926375363251666,62.166171442355406,99.6929923520068,7.493952931468693e-06
23280.0,2.9983999999999997,0.5295568359928139,0.1293020104837749,62.16531682520226,99.69352170640542,7.502825056891914e-06
23288.0,2.99864,0.5296168941588496,0.12934031797468243,62.1644610776528,99.69405181644628,7.5117203111056836e-06
23296.0,2.9988799999999998,0.5296770235797537,0.12937867624154345,62.16360419666616,99.69458268423536,7.5206387870834715e-06
23304.0,2.99912,0.5297372244416474,0.1294170854211947,62.162746179189206,99.69511431188722,7.529580578429414e-06
23312.0,2.99936,0.5297974969314665,0.12945554565107473,62.16188702215454,99.6956467015259,7.538545779159356e-06
23320.0,2.9996,0.5298578412368349,0.12949405706914371,62.16102672248416,99.69617985528346,7.547534483887428e-06
23328.0,2.99984,0.5299182575461718,0.1295326198139526,62.160165277086,99.69671377530172,7.55654678771811e-06
23336.0,3.00008,0.529978746048665,0.12957123402462598,62.159302682854836,99.69724846373174,7.5655827862801545e-06
23344.0,3.00032,0.530039306934228,0.12960989984083587,62.158438936673726,99.69778392273287,7.574642575795974e-06
23352.0,3.00056,0.5300999403936132,0.12964861740287417,62.157574035412246,99.69832015447454,7.5837262528040865e-06
23360.0,3.0008,0.5301606466182786,0.12968738685156772,62.156707975927496,99.6988571611346,7.592833914595494e-06
23368.0,3.00104,0.5302214258004996,0.12972620832835083,62.15584075506363,99.69939494490022,7.601965658838984e-06
23376.0,3.00128,0.5302822781333418,0.12976508197524803,62.15497236965195,99.69993350796786,7.611121583701401e-06
23384.0,3.00152,0.5303432038106165,0.12980400793484595,62.15410281651091,99.70047285254294,7.620301788020349e-06
23392.0,3.00176,0.5304042030269955,0.12984298635036784,62.15323209244399,99.70101298084093,7.629506371057477e-06
23400.0,3.002,0.5304652759778765,0.12988201736558738,62.15236019424332,99.70155389508582,7.63873543272823e-06
23408.0,3.00224,0.5305264228594975,0.12992110112490268,62.15148711868661,99.70209559751174,7.647989073439949e-06
23416.0,3.00248,0.5305876438689076,0.1299602377733182,62.150612862537926,99.70263809036248,7.6572673941412e-06
23424.0,3.00272,0.5306489392039228,0.12999942745641666,62.149737422548675,99.70318137589074,7.666570496429727e-06
23432.0,3.00296,0.5307103090632445,0.13003867032043567,62.148860795455434,99.7037254563599,7.675898482298019e-06
23440.0,3.0031999999999996,0.530771753646319,0.13007796651217832,62.14798297798226,99.70427033404209,7.685251454484879e-06
23448.0,3.00344,0.5308332731534572,0.13011731617909,62.14710396683896,99.70481601121963,7.694629516187082e-06
23456.0,3.00368,0.5308948677858039,0.13015671946923993,62.146223758721526,99.70536249018468,7.704032771148802e-06
23464.0,3.00392,0.5309565377452915,0.1301961765312914,62.14534235031266,99.7059097732388,7.713461323800389e-06
23472.0,3.0041599999999997,0.5310182832347626,0.13023568751458112,62.14445973828041,99.70645786269391,7.722915278946899e-06
23480.0,3.0044,0.5310801044578259,0.1302752525690275,62.14357591927977,99.70700676087128,7.732394742168999e-06
23488.0,3.00464,0.5311420016189778,0.130314871845209,62.142690889950835,99.7075564701026,7.741899819545415e-06
23496.0,3.00488,0.5312039749235726,0.13035454549434564,62.14180464691928,99.70810699272968,7.751430617736199e-06
23504.0,3.00512,0.5312660245777736,0.13039427366826822,62.14091718679749,99.7086583311039,7.760987244096832e-06
23512.0,3.00536,0.5313281507886815,0.13043405651950113,62.140028506181224,99.70921048758825,7.770569806470062e-06
23520.0,3.0056,0.5313903537641828,0.1304738942011658,62.139138601653734,99.7097634645546,7.78017841345112e-06
23528.0,3.00584,0.5314526337130788,0.13051378686706397,62.13824746978266,99.71031726438599,7.789813174154885e-06
23536.0,3.00608,0.5315149908450533,0.13055373467165723,62.137355107120804,99.710871889476,7.799474198303772e-06
23544.0,3.00632,0.531577425370621,0.13059373777003525,62.13646151020704,99.71142734222799,7.809161596364973e-06
23552.0,3.00656,0.5316399375012621,0.13063379631800182,62.13556667556544,99.71198362505635,7.818875479117157e-06
23560.0,3.0068,0.5317025274492643,0.13067391047197463,62.13467059970554,99.71254074038542,7.82861595824876e-06
23568.0,3.00704,0.5317651954278555,0.130714080389071,62.13377327912146,99.71309869065047,7.838383145949362e-06
23576.0,3.0072799999999997,0.5318279416511709,0.13075430622708695,62.13287471029227,99.71365747829734,7.848177155017622e-06
23584.0,3.00752,0.5318907663342008,0.13079458814446476,62.1319748896828,99.71421710578213,7.857998098998515e-06
23592.0,3.0077599999999998,0.5319536696929276,0.13083492630038107,62.13107381374097,99.71477757557291,7.867846091924283e-06
23600.0,3.008,0.5320166519441643,0.1308753208546443,62.13017147890114,99.71533889014734,7.877721248639786e-06
23608.0,3.00824,0.532079713305691,0.13091577196778245,62.129267881581455,99.71590105199469,7.887623684541914e-06
23616.0,3.00848,0.5321428539962214,0.1309562798010223,62.12836301818449,99.71646406361536,7.897553515665937e-06
23624.0,3.00872,0.5322060742353482,0.1309968445162552,62.12745688509806,99.71702792752014,7.907510858824277e-06
23632.0,3.00896,0.532269374243686,0.1310374662761293,62.12654947869202,99.71759264623219,7.91749583138447e-06
23640.0,3.0092,0.532332754242703,0.13107814524394193,62.12564079532255,99.71815822228473,7.92750855153284e-06
23648.0,3.0094399999999997,0.5323962144548635,0.131118881583732,62.124730831329224,99.71872465822275,7.937549138012368e-06
23656.0,3.00968,0.5324597551035926,0.1311596754602578,62.123819583035626,99.71929195660272,7.947617710227536e-06
23664.0,3.00992,0.532523376413219,0.13120052703896115,62.122907046749944,99.71986011999182,7.957714388412418e-06
23672.0,3.01016,0.532587078609124,0.1312414364860633,62.121993218763144,99.72042915096966,7.967839293260589e-06
23680.0,3.0103999999999997,0.5326508619175665,0.13128240396845348,62.1210780953513,99.72099905212633,7.977992546384649e-06
23688.0,3.01064,0.5327147265658306,0.13132342965378446,62.12016167277345,99.72156982606411,7.98817426997235e-06
23696.0,3.0108800000000002,0.5327786727821887,0.13136451371044924,62.11924394727213,99.72214147539697,7.998384586905334e-06
23704.0,3.01112,0.5328427007958434,0.13140565630754444,62.11832491507437,99.72271400274995,8.008623620887118e-06
23712.0,3.01136,0.5329068108370801,0.13144685761496924,62.11740457238912,99.72328741076097,8.018891496131615e-06
23720.0,3.0116,0.5329710031370873,0.13148811780331024,62.116482915410245,99.72386170207865,8.029188337784086e-06
23728.0,3.01184,0.533035277928109,0.1315294370439403,62.11555994031377,99.72443687936422,8.039514271617384e-06
23736.0,3.01208,0.533099635443406,0.13157081550899435,62.11463564325857,99.72501294529107,8.049869424126e-06
23744.0,3.01232,0.5331640759171968,0.13161225337133198,62.11371002038769,99.72558990254392,8.06025392264789e-06
23752.0,3.0125599999999997,0.533228599584815,0.13165375080463934,62.11278306782551,99.72616775382083,8.070667895063783e-06
23760.0,3.0128,0.5332932066825234,0.1316953079833104,62.111854781680776,99.72674650183087,8.081111470215063e-06
23768.0,3.0130399999999997,0.5333578974476716,0.13173692508254878,62.11092515804398,99.72732614929616,8.091584777584574e-06
23776.0,3.01328,0.5334226721186565,0.13177860227834343,62.109994192988054,99.72790669895126,8.10208794740456e-06
23784.0,3.0135199999999998,0.5334875309348602,0.1318203397474291,62.10906188256947,99.72848815354244,8.112621110786194e-06
23792.0,3.01376,0.533552474136814,0.13186213766739238,62.108128222825734,99.7290705158296,8.123184399384962e-06
23800.0,3.014,0.533617501966005,0.13190399621654864,62.10719320977812,99.72965378858412,8.133777945860183e-06
23808.0,3.01424,0.5336826146650394,0.13194591557404706,62.10625683942929,99.73023797459062,8.144401883532678e-06
23816.0,3.01448,0.5337478124776023,0.131987895919846,62.105319107763926,99.73082307664662,8.155056346469588e-06
23824.0,3.01472,0.5338130956483925,0.13202993743467173,62.10438001074965,99.73140909756168,8.165741469686369e-06
23832.0,3.01496,0.5338784644232929,0.13207204030012853,62.10343954433382,99.73199604015961,8.176457388795219e-06
23840.0,3.0152,0.5339439190491698,0.13211420469857066,62.10249770444767,99.73258390727587,8.187204240426046e-06
23848.0,3.01544,0.5340094597740435,0.13215643081321257,62.10155448700296,99.73317270175976,8.197982161894934e-06
23856.0,3.01568,0.5340750868470445,0.13219871882810183,62.10060988789274,99.73376242647392,8.208791291325963e-06
23864.0,3.01592,0.5341408005183479,0.1322410689280772,62.099663902992624,99.73435308429339,8.219631767797694e-06
23872.0,3.01616,0.5342066010393488,0.13228348129888284,62.09871652815829,99.73494467810765,8.230503730948432e-06
23880.0,3.0164,0.5342724886624549,0.13232595612703507,62.09776775922804,99.73553721081839,8.241407321522071e-06
23888.0,3.0166399999999998,0.5343384636412621,0.13236849359993666,62.09681759202031,99.73613068534141,8.252342680962569e-06
23896.0,3.01688,0.5344045262305114,0.1324110939058494,62.09586602233431,99.7367251046061,8.263309951546548e-06
23904.0,3.01712,0.5344706766860179,0.13245375723384964,62.09491304595139,99.73732047155474,8.274309276542121e-06
23912.0,3.01736,0.534536915264855,0.13249648377394743,62.09395865863181,99.73791678914475,8.285340799823398e-06
23920.0,3.0176,0.5346032422251386,0.1325392737169483,62.09300285611837,99.73851406034588,8.296404666393217e-06
23928.0,3.0178399999999996,0.5346696578262088,0.1325821272545713,62.09204563413334,99.73911228814251,8.307501021976057e-06
23936.0,3.01808,0.5347361623285857,0.1326250445794213,62.091086988379296,99.73971147553308,8.318630013156828e-06
23944.0,3.01832,0.534802755993896,0.13266802588494234,62.09012691454018,99.74031162552934,8.329791787556636e-06
23952.0,3.01856,0.534869439085064,0.13271107136554175,62.08916540827726,99.74091274115877,8.34098649352133e-06
23960.0,3.0187999999999997,0.534936211866087,0.13275418121644614,62.08820246523449,99.74151482546146,8.352214280488465e-06
23968.0,3.01904,0.5350030746022251,0.13279735563382464,62.08723808103486,99.74211788149276,8.363475298646548e-06
23976.0,3.01928,0.5350700275599546,0.13284059481475965,62.086272251281265,99.74272191232247,8.374769699046047e-06
23984.0,3.01952,0.5351370710068916,0.13288389895719838,62.08530497155702,99.74332692103411,8.386097633858447e-06
23992.0,3.0197599999999998,0.53520420521199,0.13292726826008153,62.084336237423315,99.74393291072681,8.397459255887444e-06
24000.0,3.02,0.5352714304453092,0.13297070292319427,62.08336604442282,99.74453988451319,8.408854719141016e-06
24008.0,3.02024,0.5353387469782107,0.13301420314729376,62.082394388075905,99.7451478455215,8.420284178453641e-06
24016.0,3.02048,0.535406155083309,0.13305776913407882,62.081421263881666,99.74575679689502,8.43174778961274e-06
24024.0,3.02072,0.5354736550343938,0.13310140108613996,62.08044666731986,99.74636674179102,8.443245709478951e-06
24032.0,3.02096,0.5355412471066352,0.1331450992070933,62.07947059384702,99.74697768338369,8.454778095620674e-06
24040.0,3.0212,0.5356089315763419,0.13318886370142508,62.07849303890037,99.74758962486058,8.466345106863024e-06
24048.0,3.02144,0.5356767087211655,0.13323269477462438,62.077513997894975,99.74820256942536,8.477946902828313e-06
24056.0,3.02168,0.5357445788200499,0.1332765926331517,62.07653346622442,99.7488165202971,8.489583644081008e-06
24064.0,3.0219199999999997,0.5358125421531503,0.13332055748438723,62.075551439261645,99.74943148070949,8.5012554923621e-06
24072.0,3.02216,0.5358805990020457,0.13336458953676916,62.07456791235564,99.7500474539131,8.512962610155808e-06
24080.0,3.0223999999999998,0.5359487496494881,0.13340868899963268,62.073582880835914,99.75066444317261,8.524705161203072e-06
24088.0,3.02264,0.5360169943796153,0.13345285608334814,62.07259634000867,99.75128245176938,8.536483310119123e-06
24096.0,3.02288,0.5360853334778973,0.13349709099928786,62.071608285157716,99.75190148300078,8.548297222513774e-06
24104.0,3.02312,0.536153767231053,0.13354139395977252,62.07061871154596,99.752521540179,8.560147065190322e-06
24112.0,3.02336,0.5362222959272702,0.13358576517821508,62.06962761441175,99.75314262663397,8.572033005706094e-06
24120.0,3.0236,0.5362909198559461,0.1336302048689534,62.06863498897307,99.75376474571006,8.58395521295531e-06
24128.0,3.02384,0.5363596393079074,0.13367471324739386,62.06764083042376,99.75438790076889,8.595913856735785e-06
24136.0,3.02408,0.5364284545753554,0.1337192905299767,62.066645133934436,99.75501209518866,8.60790910790468e-06
24144.0,3.02432,0.5364973659517789,0.13376393693412075,62.06564789465423,99.75563733236295,8.619941138534223e-06
24152.0,3.02456,0.5365663737321842,0.1338086526783732,62.064649107705954,99.75626361570383,8.632010121574033e-06
24160.0,3.0248,0.5366354782128238,0.1338534379822348,62.06364876819196,99.75689094863819,8.644116231307538e-06
24168.0,3.0250399999999997,0.5367046796914257,0.13389829306630985,62.06264687119012,99.75751933461062,8.656259642927933e-06
24176.0,3.02528,0.5367739784671369,0.13394321815227003,62.061643411754766,99.75814877708277,8.668440532681578e-06
24184.0,3.02552,0.5368433748404322,0.13398821346279666,62.060638384917425,99.75877927953225,8.680659078147105e-06
24192.0,3.02576,0.536912869113352,0.13403327922173583,62.05963178568384,99.75941084545529,8.69291545768955e-06
24200.0,3.026,0.5369824615892225,0.13407841565391798,62.05862360903801,99.7600434783637,8.70520985111879e-06
24208.0,3.02624,0.5370521525728927,0.13412362298531263,62.057613849938065,99.76067718178759,8.717542439236183e-06
24216.0,3.02648,0.5371219423706758,0.13416890144299137,62.05660250331732,99.76131195927468,8.729913403984151e-06
24224.0,3.02672,0.5371918312902545,0.13421425125506764,62.055589564086425,99.76194781438912,8.742322928621969e-06
24232.0,3.02696,0.5372618196409293,0.13425967265085872,62.05457502712823,99.76258475071495,8.75477119730788e-06
24240.0,3.0271999999999997,0.5373319077333264,0.1343051658606973,62.053558887303566,99.76322277185186,8.767258395683511e-06
24248.0,3.02744,0.5374020958796446,0.13435073111609291,62.05254113944721,99.76386188141846,8.77978471036193e-06
24256.0,3.02768,0.5374723843935943,0.13439636864969334,62.05152177836885,99.76450208305157,8.79235032909573e-06
24264.0,3.02792,0.5375427735902994,0.13444207869522198,62.05050079885395,99.76514338040505,8.804955441069998e-06
24272.0,3.0281599999999997,0.537613263786554,0.13448786148764558,62.04947819565971,99.76578577715269,8.81760023638884e-06
24280.0,3.0284,0.5376838553005201,0.13453371726297933,62.04845396352072,99.76642927698485,8.830284906662871e-06
24288.0,3.0286399999999998,0.5377545484519842,0.13457964625845437,62.047428097143886,99.7670738836115,8.843009644597512e-06
24296.0,3.02888,0.5378253435622933,0.1346256487124773,62.0464005912097,99.76771960076151,8.855774644113258e-06
24304.0,3.02912,0.5378962409542527,0.13467172486456525,62.045371440374346,99.76836643218118,8.868580100570814e-06
24312.0,3.02936,0.5379672409523951,0.1347178749555215,62.04434063926498,99.76901438163794,8.881426210265318e-06
24320.0,3.0296,0.5380383438826637,0.13476409922723098,62.043308182484886,99.76966345291603,8.894313171106364e-06
24328.0,3.02984,0.53810955007268,0.1348103979228354,62.04227406460924,99.77031364981997,8.90724118209834e-06
24336.0,3.03008,0.5381808598516775,0.1348567712866911,62.04123828018619,99.77096497617362,8.92021044349156e-06
24344.0,3.03032,0.5382522735503954,0.13490321956430162,62.040200823738424,99.77161743581911,8.93322115706289e-06
24352.0,3.03056,0.5383237915013578,0.13494974300250004,62.039161689758224,99.77227103262017,8.946273525597651e-06
24360.0,3.0308,0.5383954140385446,0.13499634184923634,62.0381208727137,99.772925770458,8.959367753517195e-06
24368.0,3.03104,0.5384671414976704,0.13504301635375973,62.03707836704378,99.77358165323479,8.972504046391654e-06
24376.0,3.0312799999999998,0.5385389742161149,0.13508976676657516,62.03603416715945,99.77423868487277,8.985682611101837e-06
24384.0,3.03152,0.5386109125328123,0.13513659333937206,62.03498826744541,99.774896869313,8.99890365610291e-06
24392.0,3.03176,0.5386829567885424,0.13518349632521515,62.03394066225545,99.77555621051876,9.012167390855406e-06
24400.0,3.032,0.5387551073255874,0.13523047597832252,62.03289134591805,99.77621671247147,9.025474026568467e-06
24408.0,3.03224,0.5388273644880227,0.135277532554256,62.03184031273134,99.7768783791743,9.038823775646256e-06
24416.0,3.03248,0.5388997286216443,0.13532466630987516,62.03078755696435,99.77754121465121,9.052216851877639e-06
24424.0,3.03272,0.5389722000738536,0.13537187750326374,62.02973307285926,99.77820522294552,9.065653470672094e-06
24432.0,3.03296,0.539044779193961,0.13541916639392834,62.028676854625566,99.7788704081239,9.07913384854316e-06
24440.0,3.0332,0.5391174663328281,0.13546653324256716,62.02761889644693,99.77953677427156,9.092658203791521e-06
24448.0,3.0334399999999997,0.5391902618431704,0.13551397831126805,62.02655919247596,99.78020432549623,9.106226755945276e-06
24456.0,3.03368,0.5392631660794827,0.13556150186346128,62.025497736835476,99.78087306592707,9.119839725941893e-06
24464.0,3.03392,0.5393361793979177,0.13560910416384223,62.02443452362005,99.78154299971337,9.133497336453559e-06
24472.0,3.03416,0.5394093021566025,0.13565678547857843,62.02336954689075,99.7822141310283,9.147199811270398e-06
24480.0,3.0343999999999998,0.5394825347152672,0.135704546075069,62.022302800681935,99.78288646406442,9.16094737605449e-06
24488.0,3.03464,0.5395558774355582,0.13575238622215047,62.0212342789957,99.78356000303748,9.1747402577493e-06
24496.0,3.0348800000000002,0.5396293306809616,0.13580030619004804,62.02016397580322,99.78423475218554,9.188578684784757e-06
24504.0,3.03512,0.5397028948166772,0.1358483062502947,62.019091885046706,99.78491071576735,9.202462887367147e-06
24512.0,3.03536,0.5397765702099471,0.13589638667594725,62.01801800063389,99.78558789806647,9.21639309686849e-06
24520.0,3.0356,0.539850357229669,0.13594454774133524,62.0169423164447,99.78626630338641,9.230369546616034e-06
24528.0,3.03584,0.5399242562467238,0.13599278972227602,62.01586482632545,99.78694593605486,9.244392471290879e-06
24536.0,3.03608,0.5399982676338945,0.13604111289602352,62.01478552409025,99.78762680042259,9.258462107153112e-06
24544.0,3.03632,0.5400723917657353,0.13608951754118417,62.013704403523505,99.78830890086171,9.272578692279265e-06
24552.0,3.0365599999999997,0.5401466290189147,0.13613800393794226,62.01262145837365,99.78899224177029,9.286742465993333e-06
24560.0,3.0368,0.540220979771812,0.13618657236779788,62.0115366823604,99.78967682756692,9.300953669650088e-06
24568.0,3.0370399999999997,0.5402954444048585,0.1362352231137915,62.01045006916899,99.79036266269516,9.315212545995174e-06
24576.0,3.03728,0.5403700233004534,0.13628395646045022,62.009361612451585,99.79104975162244,9.329519339387131e-06
24584.0,3.0375199999999998,0.540444716842827,0.13633277269370023,62.00827130582927,99.79173809883842,9.343874296125857e-06
24592.0,3.03776,0.5405195254183984,0.13638167210110164,62.007179142886365,99.79242770885921,9.358277663757161e-06
24600.0,3.038,0.5405944494153547,0.13643065497157533,62.00608511717737,99.7931185862224,9.37272969196095e-06
24608.0,3.03824,0.5406694892240071,0.1364797215956372,62.00498922222081,99.79381073549149,9.387230631892804e-06
24616.0,3.03848,0.5407446452367025,0.1365288722653417,62.003891451500806,99.79450416125466,9.401780736402928e-06
24624.0,3.03872,0.540819917847682,0.13657810727419123,62.002791798469644,99.79519886812305,9.416380260341479e-06
24632.0,3.03896,0.5408953074534529,0.1366274269173807,62.00169025654117,99.79589486073552,9.431029459884708e-06
24640.0,3.0392,0.5409708144523505,0.13667683149151266,62.00058681909847,99.79659214375296,9.44572859343086e-06
24648.0,3.03944,0.5410464392449095,0.1367263212948418,61.99948147948738,99.79729072186318,9.460477920909352e-06
24656.0,3.0396799999999997,0.5411221822337717,0.13677589662721626,61.99837423101808,99.79799059977967,9.475277704038306e-06
24664.0,3.03992,0.5411980438235382,0.13682555778998234,61.99726506696775,99.7986917822396,9.490128206602085e-06
24672.0,3.04016,0.541274024421158,0.1368753050862408,61.99615398057398,99.7993942740088,9.50502969376975e-06
24680.0,3.0404,0.5413501244354703,0.13692513882054852,61.99504096504235,99.80009807987608,9.519982433031032e-06
24688.0,3.04064,0.541426344277592,0.13697505929917425,61.99392601354003,99.80080320465795,9.534986693471611e-06
24696.0,3.04088,0.5415026843608217,0.13702506683003726,61.99280911919736,99.80150965319751,9.550042746016748e-06
24704.0,3.04112,0.5415791451004853,0.13707516172260775,61.99169027511041,99.8022174303625,9.565150863775136e-06
24712.0,3.04136,0.5416557269143417,0.13712534428817458,61.990569474333824,99.80292654105038,9.580311321326516e-06
24720.0,3.0416,0.5417324302221046,0.1371756148395337,61.989446709889485,99.80363699018233,9.595524395640696e-06
24728.0,3.0418399999999997,0.5418092554458475,0.13722597369125497,61.9883219747593,99.8043487827084,9.61079036537286e-06
24736.0,3.04208,0.5418862030099036,0.13727642115961886,61.98719526188701,99.80506192360625,9.626109511096411e-06
24744.0,3.04232,0.541963273340704,0.13732695756251134,61.986066564180874,99.80577641787896,9.641482115660712e-06
24752.0,3.04256,0.5420404668672015,0.1373775832197044,61.98493587450711,99.80649227056031,9.65690846338617e-06
24760.0,3.0427999999999997,0.5421177840203716,0.13742829845253005,61.98380318569737,99.80720948670877,9.672388841131282e-06
24768.0,3.04304,0.542195225233635,0.1374791035841595,61.98266849054197,99.80792807141265,9.68792353751549e-06
24776.0,3.0432799999999998,0.5422727909427528,0.1375299989395363,61.98153178179165,99.80864802978871,9.703512843164335e-06
24784.0,3.04352,0.5423504815856586,0.13758098484526746,61.98039305216056,99.80936936698028,9.71915705105797e-06
24792.0,3.04376,0.5424282976029002,0.13763206162991615,61.97925229431759,99.81009208816286,9.734856455860376e-06
24800.0,3.044,0.542506239437119,0.13768322962366086,61.97810950089696,99.81081619853727,9.750611354789052e-06
24808.0,3.04424,0.542584307533491,0.13773448915858766,61.97696466449023,99.81154170333535,9.76642204688257e-06
24816.0,3.04448,0.5426625023396179,0.13778584056861998,61.975817777648174,99.81226860781864,9.782288833261167e-06
24824.0,3.04472,0.5427408243053506,0.13783728418940497,61.97466883288306,99.81299691727611,9.798212017549255e-06
24832.0,3.04496,0.5428192738832521,0.13788882035861927,61.973517822660696,99.81372663702997,9.814191905093632e-06
24840.0,3.0452,0.5428978515280521,0.13794044941561293,61.97236473941082,99.81445777242884,9.830228803914882e-06
24848.0,3.04544,0.5429765576971095,0.13799217170171504,61.971209575518344,99.81519032885355,9.846323023994982e-06
24856.0,3.04568,0.543055392850297,0.13804398756016,61.97005232332548,99.81592431171578,9.862474877508601e-06
24864.0,3.0459199999999997,0.5431343574498175,0.13809589733596886,61.968892975135155,99.81665972645555,9.878684679219387e-06
24872.0,3.04616,0.5432134519606873,0.1381479013762689,61.96773152320414,99.81739657854716,9.894952745503893e-06
24880.0,3.0463999999999998,0.5432926768501667,0.1382000000299215,61.966567959750066,99.81813487349245,9.911279395680767e-06
24888.0,3.04664,0.543372032588242,0.1382521936478408,61.9654022769446,99.81887461682659,9.927664951080933e-06
24896.0,3.04688,0.5434515196475059,0.13830448258291764,61.96423446691514,99.8196158141165,9.944109735337486e-06
24904.0,3.04712,0.5435311385029661,0.13835686718989518,61.963064521748535,99.82035847095875,9.960614074748056e-06
24912.0,3.04736,0.5436108896325496,0.13840934782570327,61.96189243348085,99.82110259298608,9.977178297557794e-06
24920.0,3.0476,0.5436907735165076,0.13846192484906888,61.96071819410971,99.8218481858593,9.9938027349123e-06
24928.0,3.04784,0.5437707906379208,0.13851459862085042,61.959541795584464,99.82259525527422,1.0010487720092818e-05
24936.0,3.0480799999999997,0.5438509414825736,0.13856736950395784,61.95836322980858,99.82334380696003,1.00272335887907e-05
24944.0,3.04832,0.5439312265387529,0.13862023786322167,61.957182488643106,99.82409384667629,1.0044040679520657e-05
24952.0,3.04856,0.5440116462977771,0.1386732040657439,61.95599956389916,99.82484538021944,1.0060909332590714e-05
24960.0,3.0488,0.5440922012533727,0.13872626848048975,61.95481444734599,99.82559841341579,1.0077839891513131e-05
24968.0,3.0490399999999998,0.544172891902202,0.13877943147863722,61.95362713070328,99.8263529521274,1.0094832701997477e-05
24976.0,3.04928,0.5442537187437322,0.1388326934334933,61.95243760564319,99.82710900225055,1.0111888112262121e-05
24984.0,3.0495200000000002,0.5443346822800256,0.13888605472035803,61.951245863794156,99.82786656971354,1.01290064734521e-05
24992.0,3.04976,0.5444157830162912,0.13893951571689026,61.950051896730585,99.82862566048358,1.0146188138786415e-05
25000.0,3.05,0.5444970214602347,0.13899307680268155,61.94885569598512,99.82938628055815,1.0163433464683661e-05
25008.0,3.05024,0.5445783981226098,0.13904673835962197,61.94765725303828,99.8301484359725,1.0180742809918578e-05
25016.0,3.05048,0.5446599135170815,0.13910050077181257,61.94645655932108,99.83091213279776,1.0198116535911935e-05
25024.0,3.05072,0.5447415681600059,0.13915436442542203,61.94525360621904,99.83167737713796,1.021555500714841e-05
25032.0,3.05096,0.5448233625710096,0.13920832970907193,61.944048385062096,99.8324441751375,1.023305859024215e-05
25040.0,3.0511999999999997,0.5449052972723067,0.139262397013388,61.94284088713624,99.83321253297255,1.02506276552089e-05
25048.0,3.05144,0.5449873727892776,0.13931656673138468,61.94163110367395,99.83398245685817,1.0268262574474515e-05
25056.0,3.0516799999999997,0.545069589650325,0.13937083925837296,61.94041902585658,99.83475395304654,1.0285963723211111e-05
25064.0,3.05192,0.545151948386644,0.13942521499181046,61.93920464481793,99.83552702782428,1.0303731479827413e-05
25072.0,3.0521599999999998,0.5452344495328272,0.13947969433170387,61.93798795163468,99.83630168751944,1.03215662249125e-05
25080.0,3.0524,0.5453170936261509,0.13953427768014032,61.936768937337746,99.83707793849327,1.0339468342623584e-05
25088.0,3.05264,0.5453998812071809,0.1395889654416895,61.93554759290205,99.83785578714759,1.0357438219683725e-05
25096.0,3.05288,0.5454828128196211,0.1396437580233068,61.93432390924909,99.83863523992288,1.0375476245717983e-05
25104.0,3.05312,0.5455658890100734,0.13969865583417693,61.93309787725153,99.83941630329518,1.0393582813686716e-05
25112.0,3.05336,0.545649110328672,0.13975365928613584,61.93186948772152,99.84019898378445,1.0411758318944968e-05
25120.0,3.0536,0.5457324773283349,0.13980876879317866,61.93063873142427,99.84098328794464,1.0430003160522313e-05
25128.0,3.05384,0.5458159905653988,0.13986398477188233,61.929405599066705,99.841769222372,1.0448317740156039e-05
25136.0,3.05408,0.5458996505994614,0.1399193076413037,61.92817008130029,99.84255679370303,1.0466702462601076e-05
25144.0,3.05432,0.5459834579931288,0.13997473782281522,61.926932168725436,99.84334600861125,1.0485157736157361e-05
25152.0,3.05456,0.5460674133126803,0.14003027574054788,61.925691851880316,99.84413687381564,1.050368397155653e-05
25160.0,3.0548,0.5461515171272846,0.140085921820875,61.924449121253836,99.84492939607073,1.0522281583439127e-05
25168.0,3.05504,0.5462357700096643,0.14014167649285497,61.92320396727479,99.84572358217484,1.0540950989228964e-05
25176.0,3.0552799999999998,0.5463201725359308,0.14019754018812466,61.921956380314555,99.84651943896813,1.0559692609504734e-05
25184.0,3.05552,0.5464047252853198,0.14025351334072753,61.92070635069134,99.84731697332924,1.057850686856284e-05
25192.0,3.05576,0.5464894288408868,0.14030959638757648,61.919453868659076,99.84811619218387,1.0597394193225437e-05
25200.0,3.056,0.5465742837886873,0.14036578976791458,61.91819892442045,99.84891710249472,1.0616355014400921e-05
25208.0,3.05624,0.5466592907184729,0.1404220939237783,61.91694150811464,99.84971971127045,1.063538976600917e-05
25216.0,3.0564799999999996,0.5467444502235173,0.14047850929988598,61.91568160982036,99.85052402556336,1.0654498885346987e-05
25224.0,3.05672,0.5468297629003401,0.14053503634345726,61.914419219561985,99.85133005246557,1.0673682813518313e-05
25232.0,3.05696,0.546915229349438,0.14059167550470086,61.91315432729572,99.85213779911913,1.0692941994391858e-05
25240.0,3.0572,0.5470008501744216,0.14064842723624557,61.91188692292479,99.85294727270414,1.0712276876092183e-05
25248.0,3.0574399999999997,0.5470866259827473,0.14070529199362863,61.9106169962873,99.85375848044836,1.0731687909832428e-05
25256.0,3.05768,0.5471725573855359,0.14076227023517834,61.909344537159235,99.85457142962491,1.0751175550289013e-05
25264.0,3.05792,0.5472586449972807,0.1408193624218236,61.908069535258896,99.85538612754868,1.0770740256236934e-05
25272.0,3.05816,0.5473448894366137,0.14087656901760565,61.90679198023541,99.85620258158532,1.0790382489206693e-05
25280.0,3.0584,0.5474312913254034,0.14093389048908234,61.90551186168218,99.85702079914087,1.0810102715243705e-05
25288.0,3.05864,0.5475178512895188,0.14099132730583883,61.904229169124285,99.8578407876708,1.0829901403680872e-05
25296.0,3.05888,0.5476045699586413,0.14104887994036525,61.902943892021696,99.85866255467779,1.0849779027534886e-05
25304.0,3.05912,0.5476914479659579,0.14110654886785728,61.901656019775295,99.85948610770785,1.0869736064038195e-05
25312.0,3.05936,0.5477784859489667,0.14116433456675334,61.900365541711714,99.86031145436122,1.0889772993508746e-05
25320.0,3.0596,0.5478656845485271,0.14122223751810808,61.89907244710084,99.86113860227913,1.0909890300901207e-05
25328.0,3.05984,0.5479530444096662,0.1412802582061308,61.89777672514143,99.86196755915489,1.093008847461194e-05
25336.0,3.06008,0.5480405661813778,0.14133839711805554,61.89647836496468,99.86279833273119,1.0950368006893788e-05
25344.0,3.06032,0.5481282505163013,0.1413966547439314,61.895177355639646,99.86363093079576,1.0970729394479036e-05
25352.0,3.0605599999999997,0.5482160980715685,0.14145503157718817,61.89387368615927,99.86446536119192,1.0991173137236348e-05
25360.0,3.0608,0.5483041095078048,0.1415135281139769,61.89256734545668,99.86530163180656,1.1011699739964089e-05
25368.0,3.0610399999999998,0.548392285489976,0.1415721448537355,61.891258322391444,99.8661397505803,1.1032309711039548e-05
25376.0,3.06128,0.5484806266871775,0.14163088229905285,61.88994660575291,99.866979725505,1.1053003562879996e-05
25384.0,3.06152,0.5485691337722979,0.14168974095544834,61.88863218426573,99.86782156461963,1.1073781812601102e-05
25392.0,3.06176,0.5486578074229059,0.14174872133196553,61.88731504657444,99.8686652760216,1.1094644980686216e-05
25400.0,3.062,0.5487466483202044,0.14180782394048017,61.88599518126216,99.86951086785314,1.1115593592734964e-05
25408.0,3.06224,0.5488356571499181,0.14186704929629448,61.88467257683416,99.8703583483131,1.1136628178198826e-05
25416.0,3.06248,0.5489248346020734,0.14192639791799438,61.88334722172201,99.87120772565406,1.1157749270819065e-05
25424.0,3.06272,0.5490141813706433,0.14198587032721707,61.8820191042905,99.87205900817733,1.1178957409232718e-05
25432.0,3.06296,0.5491036981544831,0.1420454670492777,61.88068821282106,99.87291220424558,1.1200253135603319e-05
25440.0,3.0632,0.5491933856562267,0.14210518861243837,61.87935453553044,99.87376732226818,1.1221636997519077e-05
25448.0,3.06344,0.5492832445832223,0.14216503554853546,61.87801806055554,99.87462437071324,1.1243109546515665e-05
25456.0,3.0636799999999997,0.5493732756473001,0.14222500839282837,61.87667877595715,99.87548335810455,1.1264671338588142e-05
25464.0,3.06392,0.5494634795643996,0.14228510768375574,61.87533666972561,99.8763442930172,1.1286322934935749e-05
25472.0,3.06416,0.5495538570555497,0.1423453339635923,61.873991729765294,99.87720718408924,1.1308064900406034e-05
25480.0,3.0644,0.549644408845714,0.14240568777768342,61.8726439439132,99.87807204000796,1.1329897805533359e-05
25488.0,3.06464,0.5497351356647701,0.14246616967510217,61.87129329992167,99.87893886952212,1.135182222514032e-05
25496.0,3.06488,0.5498260382472668,0.14252678020849152,61.86993978546271,99.8798076814388,1.137383873881422e-05
25504.0,3.06512,0.5499171173320332,0.14258751993380767,61.86858338813629,99.88067848461823,1.1395947931494566e-05
25512.0,3.06536,0.5500083736632106,0.14264838941101304,61.867224095451114,99.8815512879879,1.1418150392100701e-05
25520.0,3.0656,0.5500998079890344,0.14270938920326753,61.86586189484599,99.88242610052572,1.1440446715505543e-05
25528.0,3.0658399999999997,0.5501914210628676,0.14277051987762276,61.864496773672855,99.88330293127375,1.1462837500964304e-05
25536.0,3.06608,0.5502832136429449,0.14283178200485547,61.86312871920094,99.88418178933482,1.1485323352666524e-05
25544.0,3.0663199999999997,0.550375186491959,0.14289317615919592,61.86175771862268,99.88506268386756,1.1507904880565646e-05
25552.0,3.06656,0.5504673403781489,0.1429547029190587,61.86038375903486,99.88594562409963,1.1530582698849385e-05
25560.0,3.0667999999999997,0.5505596760740166,0.14301636286619085,61.859006827462544,99.88683061931211,1.1553357427862565e-05
25568.0,3.06704,0.5506521943574157,0.14307815658640302,61.85762691083891,99.88771767885314,1.1576229692680795e-05
25576.0,3.06728,0.5507448960112816,0.14314008466939385,61.85624399601022,99.8886068121347,1.1599200123614693e-05
25584.0,3.06752,0.5508377818231965,0.1432021477084644,61.8548580697435,99.88949802862643,1.1622269356979334e-05
25592.0,3.06776,0.550930852586534,0.14326434630128723,61.8534691187076,99.89039133787091,1.1645438033404244e-05
25600.0,3.068,0.5510241090991096,0.14332668104900975,61.85207712949488,99.891286749466,1.1668706800143277e-05
25608.0,3.06824,0.5511175521643258,0.14338915255702395,61.85068208860224,99.89218427307961,1.1692076309392322e-05
25616.0,3.06848,0.5512111825908876,0.14345176143478136,61.849283982435864,99.89308391844592,1.1715547218869089e-05
25624.0,3.06872,0.5513050011923459,0.14351450829549262,61.84788279731938,99.89398569535989,1.1739120192596424e-05
25632.0,3.06896,0.5513990087883027,0.14357739375693843,61.84647851947206,99.89488961369271,1.176279589930175e-05
25640.0,3.0692,0.5514932062029885,0.1436404184405229,61.845071135034694,99.89579568337318,1.1786575014572734e-05
25648.0,3.06944,0.5515875942664701,0.14370358297208688,61.843660630047836,99.89670391440363,1.1810458219264445e-05
25656.0,3.06968,0.5516821738143511,0.14376688798171247,61.84224699045718,99.89761431685602,1.183444620004828e-05
25664.0,3.0699199999999998,0.5517769456872892,0.1438303341034051,61.84083020212211,99.89852690086543,1.1858539650243096e-05
25672.0,3.07016,0.551871910732268,0.14389392197595044,61.83941025079432,99.89944167664665,1.188273926803423e-05
25680.0,3.0704,0.5519670698010964,0.1439576522419145,61.83798712214245,99.90035865447487,1.1907045758920617e-05
25688.0,3.07064,0.5520624237516825,0.14402152554850245,61.83656080173107,99.90127784470184,1.1931459833892161e-05
25696.0,3.07088,0.5521579734477163,0.14408554254735137,61.835131275025866,99.90219925775187,1.1955982210063505e-05
25704.0,3.0711199999999996,0.5522537197581628,0.14414970389419599,61.83369852740229,99.90312290411558,1.198061361156682e-05
25712.0,3.07136,0.5523496635586014,0.14421401024977176,61.832262544121804,99.904048794367,1.2005354767789337e-05
25720.0,3.0716,0.5524458057296445,0.14427846227876076,61.830823310360415,99.90497693914308,1.2030206415709436e-05
25728.0,3.07184,0.5525421471582804,0.14434306065069719,61.82938081118484,99.90590734916124,1.2055169298155755e-05
25736.0,3.0720799999999997,0.55263868873754,0.14440780603974965,61.82793503155838,99.90684003521501,1.2080244164417811e-05
25744.0,3.07232,0.5527354313659598,0.14447269912436717,61.82648595635002,99.90777500816694,1.2105431771191241e-05
25752.0,3.07256,0.5528323759489977,0.14453774058823404,61.82503357030972,99.90871227896719,1.2130732880696574e-05
25760.0,3.0728,0.5529295233973625,0.1446029311191555,61.82357785809793,99.90965185863166,1.215614826319575e-05
25768.0,3.0730399999999998,0.5530268746284321,0.14466827141001504,61.822118804260626,99.91059375826046,1.218167869512479e-05
25776.0,3.07328,0.5531244305659013,0.1447337621585439,61.8206563932355,99.91153798903333,1.2207324959762992e-05
25784.0,3.07352,0.5532221921392152,0.14479940406694708,61.819190609361776,99.91248456220237,1.223308784818744e-05
25792.0,3.07376,0.5533201602850639,0.144865197842913,61.81772143685385,99.91343348911154,1.2258968157340893e-05
25800.0,3.074,0.5534183359456188,0.14493114419843506,61.81624885983264,99.91438478117347,1.2284966692642353e-05
25808.0,3.07424,0.5535167200700297,0.14499724385082352,61.814772862299435,99.9153384498891,1.231108426602259e-05
25816.0,3.07448,0.5536153136140534,0.14506349752246253,61.81329342814241,99.91629450684276,1.2337321696621113e-05
25824.0,3.07472,0.553714117539455,0.14512990594041414,61.81181054114655,99.91725296369447,1.2363679811828546e-05
25832.0,3.07496,0.553813132815586,0.14519646983748513,61.81032418496715,99.9182138322001,1.2390159445161789e-05
25840.0,3.0751999999999997,0.5539123604175222,0.14526318995098225,61.808834343161216,99.91917712418768,1.241676143911821e-05
25848.0,3.07544,0.5540118013276449,0.14533006702378148,61.80734099916029,99.92014285157774,1.2443486643112481e-05
25856.0,3.0756799999999997,0.5541114565352477,0.14539710180407064,61.80584413627723,99.92111102637816,1.2470335914196687e-05
25864.0,3.07592,0.5542113270359058,0.14546429504493186,61.80434373771743,99.922081660676,1.2497310118096529e-05
25872.0,3.07616,0.5543114138331425,0.14553164750546943,61.80283978654832,99.92305476665982,1.2524410127199045e-05
25880.0,3.0764,0.5544117179364616,0.14559915994949282,61.80133226573581,99.92403035659302,1.2551636823266494e-05
25888.0,3.07664,0.5545122403630192,0.14566683314664886,61.79982115811427,99.92500844283633,1.25789910953886e-05
25896.0,3.07688,0.5546129821372081,0.14573466787214892,61.79830644639397,99.92598903784226,1.2606473840711921e-05
25904.0,3.07712,0.5547139442899901,0.14580266490632654,61.79678811317217,99.9269721541462,1.2634085965593234e-05
25912.0,3.07736,0.5548151278606586,0.14587082503583162,61.795266140903905,99.92795780438894,1.2661828383244947e-05
25920.0,3.0776,0.5549165338947577,0.14593914905223637,61.79374051193643,99.92894600129058,1.2689702016913107e-05
25928.0,3.07784,0.5550181634458501,0.14600763775323308,61.792211208479166,99.92993675767289,1.2717707797599904e-05
25936.0,3.07808,0.555120017575077,0.14607629194234573,61.79067821261123,99.93093008645374,1.2745846664863953e-05
25944.0,3.0783199999999997,0.5552220973504534,0.14614511242846212,61.78914150629406,99.93192600063796,1.277411956793669e-05
25952.0,3.07856,0.5553244038487313,0.1462141000270978,61.78760107133752,99.93292451334226,1.2802527463525047e-05
25960.0,3.0788,0.5554269381531999,0.1462832555589204,61.78605688944019,99.9339256377654,1.2831071318813695e-05
25968.0,3.07904,0.5555297013555548,0.14635257985101802,61.7845089421555,99.93492938721357,1.285975210924612e-05
25976.0,3.07928,0.5556326945554347,0.1464220737365946,61.782957210900136,99.93593577509407,1.2888570819340349e-05
25984.0,3.07952,0.5557359188596723,0.1464917380544726,61.781401676967306,99.93694481490516,1.2917528443867004e-05
25992.0,3.07976,0.5558393753842696,0.14656157365043404,61.77984232149364,99.93795652026182,1.2946625985309676e-05
26000.0,3.08,0.5559430652520669,0.14663158137565527,61.77827912549728,99.9389709048659,1.2975864457391419e-05
26008.0,3.08024,0.5560469895947223,0.14670176208805152,61.77671206984504,99.93998798253135,1.300524488252587e-05
26016.0,3.0804799999999997,0.5561511495522202,0.1467721166519536,61.77514113526066,99.94100776717798,1.3034768292694627e-05
26024.0,3.08072,0.5562555462720804,0.14684264593758192,61.773566302338345,99.94203027282134,1.3064435730745597e-05
26032.0,3.08096,0.5563601809114475,0.14691335082246665,61.77198755150534,99.94305551360026,1.3094248247935086e-05
26040.0,3.0812,0.5564650546346233,0.14698423218978918,61.77040486306691,99.94408350374388,1.312420690723379e-05
26048.0,3.0814399999999997,0.5565701686151645,0.1470552909298082,61.76881821716855,99.94511425759995,1.3154312780893567e-05
26056.0,3.08168,0.5566755240353617,0.14712652793951667,61.767227593805345,99.9461477896278,1.31845669513464e-05
26064.0,3.0819199999999998,0.5567811220853998,0.14719794412208295,61.76563297283654,99.9471841143868,1.3214970512522788e-05
26072.0,3.08216,0.556886963965576,0.1472695403883599,61.764034333946974,99.94822324656602,1.3245524567201098e-05
26080.0,3.0824,0.556993050883681,0.14734131765512257,61.76243165669265,99.94926520094961,1.3276230230640445e-05
26088.0,3.08264,0.5570993840572235,0.14741327684658245,61.760824920462355,99.95030999244598,1.3307088627902295e-05
26096.0,3.08288,0.5572059647128785,0.14748541889402375,61.75921410448719,99.95135763608047,1.3338100894834239e-05
26104.0,3.08312,0.5573127940855973,0.14755774473521,61.75759918785552,99.95240814698398,1.3369268179470102e-05
26112.0,3.08336,0.557419873420957,0.14763025531598467,61.75598014947158,99.95346154042372,1.3400591639329952e-05
26120.0,3.0836,0.5575272039723866,0.14770295158840266,61.75435696810531,99.95451783176657,1.3432072445079206e-05
26128.0,3.08384,0.5576347870035251,0.1477758345123366,61.75272962235029,99.95557703651053,1.346371177785947e-05
26136.0,3.08408,0.5577426237876353,0.14784890505509038,61.75109809063417,99.95663917027696,1.349551083025998e-05
26144.0,3.08432,0.5578507156066609,0.14792216419076984,61.749462351235046,99.95770424879764,1.352747080779019e-05
26152.0,3.0845599999999997,0.5579590637537205,0.14799561290198338,61.74782238223805,99.95877228794824,1.3559592925977785e-05
26160.0,3.0848,0.5580676695301613,0.14806925217785522,61.74617816158666,99.95984330370912,1.3591878414353128e-05
26168.0,3.08504,0.5581765342480639,0.14814308301573367,61.744529667038904,99.96091731219848,1.3624328513567319e-05
26176.0,3.08528,0.55828565922962,0.14821710642078012,61.742876876178165,99.96199432966407,1.3656944476471576e-05
26184.0,3.08552,0.5583950458061304,0.14829132340529974,61.74121976643105,99.9630743724701,1.3689727569577488e-05
26192.0,3.08576,0.5585046953206536,0.14836573499054925,61.73955831502131,99.96415745713233,1.3722679070057864e-05
26200.0,3.086,0.5586146091248776,0.14844034220462554,61.73789249902374,99.9652436002764,1.3755800269942461e-05
26208.0,3.08624,0.5587247885817792,0.14851514608428093,61.736222295318285,99.96633281867324,1.3789092473080281e-05
26216.0,3.08648,0.5588352350649631,0.14859014767448625,61.73454768060147,99.96742512923025,1.3822556996254428e-05
26224.0,3.0867199999999997,0.5589459499575987,0.14866534802772002,61.732868631404834,99.96852054897725,1.3856195170776507e-05
26232.0,3.08696,0.559056934655233,0.14874074820589045,61.73118512404497,99.96961909510405,1.3890008339424257e-05
26240.0,3.0872,0.5591681905624669,0.1488163492780894,61.72949713468313,99.97072078491587,1.3923997860651153e-05
26248.0,3.08744,0.5592797190957823,0.14889215232252448,61.727804639274765,99.97182563587127,1.3958165105540994e-05
26256.0,3.0876799999999998,0.5593915216828391,0.1489681584260538,61.726107613582,99.97293366557278,1.3992511458964395e-05
26264.0,3.08792,0.5595035997613445,0.14904436868342896,61.72440603319365,99.97404489175166,1.402703832120094e-05
26272.0,3.0881600000000002,0.5596159547820452,0.1491207841993421,61.7226998734729,99.97515933230798,1.4061747104694864e-05
26280.0,3.0884,0.559728588205192,0.1491974060860338,61.72098910961882,99.97627700526333,1.4096639238593093e-05
26288.0,3.08864,0.5598415015033954,0.1492742354652475,61.71927371661708,99.97739792879882,1.4131716165624278e-05
26296.0,3.08888,0.5599546961612959,0.14935127346801863,61.71755366924573,99.97852212125058,1.4166979342803483e-05
26304.0,3.08912,0.560068173674509,0.1494285212339691,61.71582894209297,99.979649601096,1.4202430243080557e-05
26312.0,3.08936,0.5601819355506918,0.14950597991204637,61.71409950953666,99.98078038696836,1.4238070354561434e-05
26320.0,3.0896,0.5602959833094507,0.14958365066047336,61.712365345749255,99.98191449765474,1.4273901180657708e-05
26328.0,3.0898399999999997,0.5604103184825712,0.14966153464691873,61.7106264246924,99.98305195209964,1.4309924240294794e-05
26336.0,3.09008,0.5605249426141559,0.1497396330486042,61.70888272011493,99.9841927694069,1.4346141068055344e-05
26344.0,3.0903199999999997,0.5606398572605484,0.1498179470522664,61.70713420555316,99.98533696883838,1.4382553214695788e-05
26352.0,3.09056,0.5607550639905537,0.1498964778543206,61.705380854328645,99.98648456981617,1.4419162247118601e-05
26360.0,3.0907999999999998,0.5608705643856434,0.14997522666101493,61.70362263954343,99.98763559192666,1.4455969748583541e-05
26368.0,3.09104,0.5609863600399827,0.15005419468846287,61.70185953408001,99.9887900549201,1.4492977319008338e-05
26376.0,3.09128,0.5611024525605699,0.15013338316275254,61.70009151059876,99.98994797871269,1.4530186575176857e-05
26384.0,3.09152,0.561218843567399,0.15021279332007223,61.69831854153533,99.99110938338859,1.4567599150908723e-05
26392.0,3.09176,0.5613355346936645,0.15029242640686472,61.69654059909459,99.99227428920415,1.460521669741551e-05
26400.0,3.092,0.561452527585735,0.1503722836798245,61.69475765525433,99.99344271658556,1.4643040883434896e-05
26408.0,3.09224,0.5615698239036394,0.1504523664062441,61.69296968175515,99.99461468613654,1.4681073395192116e-05
26416.0,3.09248,0.5616874253206724,0.15053267586376082,61.69117665010798,99.99579021863256,1.4719315937203326e-05
26424.0,3.09272,0.5618053335232595,0.15061321334027925,61.689378531595665,99.99696933501937,1.4757770232852309e-05
26432.0,3.09296,0.561923550213873,0.150693980135979,61.68757529722376,99.99815205645113,1.4796438021412913e-05
26440.0,3.0932,0.5620420771064657,0.15077497756021155,61.685766917798226,99.99933840423056,1.4835321063723526e-05
26448.0,3.09344,0.5621609159304028,0.15085620693420204,61.68395336385738,100.00052839986095,1.4874421138142475e-05
26456.0,3.09368,0.5622800684294963,0.15093766959040633,61.6821346056887,100.00172206503346,1.4913740042076116e-05
26464.0,3.09392,0.562399536360623,0.1510193668715826,61.68031061335364,100.00291942160828,1.4953279593832303e-05
26472.0,3.09416,0.5625193214976815,0.15110130013351347,61.67848135661769,100.00412049166874,1.4993041628788562e-05
26480.0,3.0944,0.5626394256267645,0.1511834707417218,61.676646805035155,100.00532529745514,1.5033028005075826e-05
26488.0,3.09464,0.5627598505503577,0.15126588007435943,61.67480692787573,100.00653386142167,1.5073240599418182e-05
26496.0,3.09488,0.5628805980862933,0.15134852952150907,61.67296169414275,100.00774620622217,1.5113681308741146e-05
26504.0,3.0951199999999996,0.563001670065989,0.15143142048399671,61.67111107260389,100.008962354687,1.5154352052518557e-05
26512.0,3.09536,0.5631230683386997,0.15151455437631967,61.66925503171655,100.01018232987967,1.5195254768677088e-05
26520.0,3.0956,0.5632447947675588,0.15159793262395482,61.66739353969757,100.01140615504379,1.5236391418266888e-05
26528.0,3.09584,0.5633668512318996,0.15168155666496597,61.66552656448128,100.012633853635,1.52777639835557e-05
26536.0,3.0960799999999997,0.5634892396269269,0.15176542794979817,61.663654073725205,100.01386544931663,1.5319374468863074e-05
26544.0,3.09632,0.563611961863967,0.15184954794146713,61.66177603480706,100.01510096596206,1.5361224900642093e-05
26552.0,3.0965599999999998,0.5637350198709965,0.1519339181159413,61.65989241481871,100.0163404276613,1.5403317327147836e-05
26560.0,3.0968,0.5638584155922072,0.15201853996186296,61.65800318056757,100.01758385871712,1.5445653819922318e-05
26568.0,3.09704,0.5639821509885345,0.15210341498092997,61.656108298570466,100.01883128365017,1.548823647345216e-05
26576.0,3.09728,0.5641062280377526,0.15218854468798096,61.65420773505102,100.02008272720062,1.5531067405694407e-05
26584.0,3.09752,0.5642306487347105,0.15227393061117758,61.65230145593693,100.021338214332,1.5574148758178295e-05
26592.0,3.09776,0.5643554150914156,0.15235957429208202,61.6503894268556,100.02259777023426,1.5617482696731526e-05
26600.0,3.098,0.5644805291372935,0.15244547728585608,61.64847161313223,100.02386142032363,1.566107141148027e-05
26608.0,3.09824,0.5646059929194004,0.15253164116142814,61.646547979784856,100.02512919024838,1.570491711728862e-05
26616.0,3.09848,0.5647318085026207,0.1526180675016499,61.64461849152113,100.02640110589105,1.5749022054057742e-05
26624.0,3.09872,0.5648579779697952,0.15270475790340599,61.6426831127356,100.02767719336957,1.5793388487222388e-05
26632.0,3.09896,0.5649845034224967,0.15279171397816904,61.64074180749756,100.02895747904579,1.5838018707360778e-05
26640.0,3.0991999999999997,0.5651113869793091,0.15287893735083874,61.63879453957945,100.03024198950612,1.5882915032660223e-05
26648.0,3.09944,0.5652386307788808,0.15296642966186308,61.63684127240505,100.0315307515997,1.5928079806266465e-05
26656.0,3.0996799999999998,0.5653662369790879,0.1530541925666865,61.63488196906373,100.03282379242782,1.5973515397756253e-05
26664.0,3.09992,0.5654942077546831,0.15314222773415562,61.6329165923505,100.03412113931309,1.601922420614885e-05
26672.0,3.10016,0.5656225453028475,0.15323053685036161,61.63094510466673,100.03542281987568,1.606520865517676e-05
26680.0,3.1004,0.5657512518369697,0.15331912161438402,61.62896746813406,100.03672886194596,1.6111471199603237e-05
26688.0,3.10064,0.5658803295920556,0.15340798374203693,61.62698364449574,100.03803929364078,1.6158014320841493e-05
26696.0,3.10088,0.566009780823373,0.15349712496496157,61.624993595141255,100.03935414334435,1.6204840528849826e-05
26704.0,3.10112,0.5661396078041323,0.15358654702905314,61.62299728114792,100.0406734396756,1.6251952364905607e-05
26712.0,3.1013599999999997,0.5662698128318112,0.15367625169884233,61.6209946631691,100.04199721157462,1.629935239622688e-05
26720.0,3.1016,0.5664003982205867,0.15376624075230783,61.6189857015672,100.04332548820051,1.6347043223879613e-05
26728.0,3.10184,0.5665313663074268,0.15385651598509806,61.61697035630716,100.04465829901318,1.6395027477534975e-05
26736.0,3.10208,0.5666627194513765,0.1539470792100668,61.614948586969085,100.04599567376378,1.6443307816847873e-05
26744.0,3.1023199999999997,0.5667944600313413,0.15403793225577164,61.61292035278644,100.04733764246511,1.6491886934281842e-05
26752.0,3.10256,0.5669265904482516,0.1541290769679924,61.61088561260535,100.04868423542274,1.6540767553980323e-05
26760.0,3.1028000000000002,0.5670591131249714,0.1542205152096962,61.608844324890725,100.05003548323077,1.6589952432147533e-05
26768.0,3.10304,0.5671920305067127,0.15431224886135075,61.606796447717464,100.05139141677907,1.663944435750643e-05
26776.0,3.10328,0.5673253450613364,0.15440427982116034,61.6047419387659,100.05275206725703,1.6689246151671863e-05
26784.0,3.10352,0.5674590592791857,0.15449661000497977,61.60268075532252,100.05411746615178,1.6739360670222265e-05
26792.0,3.10376,0.5675931756736092,0.15458924134670377,61.60061285427114,100.05548764525356,1.6789790802910888e-05
26800.0,3.104,0.5677276967812994,0.15468217579853064,61.598538192088725,100.05686263666239,1.684053947396649e-05
26808.0,3.10424,0.5678626251624265,0.15477541533108435,61.59645672484102,100.05824247278966,1.6891609642884374e-05
26816.0,3.1044799999999997,0.5679979634009206,0.15486896193363975,61.59436840817781,100.05962718636246,1.694300430492907e-05
26824.0,3.10472,0.5681337141047852,0.15496281761436972,61.592273197328055,100.06101681042637,1.6994726491567635e-05
26832.0,3.1049599999999997,0.5682698799065652,0.15505698440070012,61.59017104709092,100.06241137835445,1.704677927091373e-05
26840.0,3.1052,0.5684064634632738,0.15515146433929064,61.58806191183706,100.06381092384434,1.7099165748583427e-05
26848.0,3.1054399999999998,0.5685434674574281,0.15524625949678317,61.58594574549133,100.06521548093227,1.715188906751171e-05
26856.0,3.10568,0.5686808945962117,0.15534137195925526,61.583822501547466,100.06662508398135,1.7204952409533014e-05
26864.0,3.10592,0.5688187476111914,0.15543680383205613,61.58169213307178,100.06803976767965,1.7258358996550013e-05
26872.0,3.10616,0.5689570292645176,0.15553255724413298,61.57955459259725,100.06945956712156,1.73121120857196e-05
26880.0,3.1064,0.5690957423392088,0.15562863434133914,61.57740983229064,100.07088451767837,1.7366214979104105e-05
26888.0,3.10664,0.5692348896475382,0.1557250372922746,61.575257803804,100.07231465511282,1.7420671017329137e-05
26896.0,3.10688,0.5693744740289733,0.1558217682868953,61.57309845831133,100.07375001555086,1.7475483582257393e-05
26904.0,3.10712,0.569514498347213,0.15591882953449482,61.57093174656492,100.0751906354389,1.753065610001708e-05
26912.0,3.10736,0.5696549654986995,0.15601622326964015,61.56875761874084,100.07663655166573,1.7586192035111568e-05
26920.0,3.1076,0.5697958784022203,0.15611395174500076,61.56657602462428,100.07808780141399,1.7642094899959617e-05
26928.0,3.10784,0.5699372400079671,0.15621201723766545,61.56438691344955,100.0795444222873,1.769836824819546e-05
26936.0,3.10808,0.5700790532952779,0.15631042204761633,61.56219023393992,100.08100645227867,1.7755015677598578e-05
26944.0,3.10832,0.5702213212688273,0.15640916849512257,61.55998593437434,100.08247392971889,1.781204083418765e-05
26952.0,3.1085599999999998,0.5703640469678527,0.1565082589271823,61.55777396242526,100.08394689340192,1.786944740560391e-05
26960.0,3.1088,0.5705072334575508,0.15660769571159128,61.55555426531013,100.08542538246778,1.7927239129184962e-05
26968.0,3.10904,0.5706508838341373,0.15670748124049477,61.553326789700535,100.08690943647332,1.7985419788977954e-05
26976.0,3.10928,0.570795001224136,0.15680761792993475,61.551091481734495,100.08839909538281,1.8043993217370995e-05
26984.0,3.10952,0.5709395887849066,0.1569081082202582,61.5488482870096,100.08989439957267,1.8102963295517206e-05
26992.0,3.1097599999999996,0.5710846497058395,0.15700895457698935,61.54659715056518,100.09139538984783,1.816233395314658e-05
27000.0,3.11,0.5712301872073683,0.1571101594901865,61.54433801689228,100.09290210743126,1.8222109171104092e-05
27008.0,3.11024,0.5713762045421632,0.15721172547531478,61.54207082991525,100.09441459397762,1.828229298126643e-05
27016.0,3.11048,0.5715227049953386,0.15731365507343464,61.53979553298673,100.09593289157652,1.8342889467598237e-05
27024.0,3.1107199999999997,0.5716696918849519,0.15741595085159363,61.53751206888213,100.09745704276044,1.8403902766648644e-05
27032.0,3.11096,0.5718171685622422,0.15751861540303802,61.535220379791745,100.09898709051143,1.846533706878792e-05
27040.0,3.1112,0.5719651384121498,0.15762165134762032,61.53292040731295,100.10052307826246,1.8527196618890586e-05
27048.0,3.11144,0.572113604853832,0.15772506133220549,61.53061209244142,100.1020650499089,1.8589485717094042e-05
27056.0,3.11168,0.5722625713410963,0.15782884803102,61.52829537556357,100.10361304981406,1.8652208719655932e-05
27064.0,3.11192,0.5724120413626708,0.1579330141458889,61.52597019645026,100.10516712281218,1.8715370040119856e-05
27072.0,3.11216,0.572562018443975,0.15803756240751915,61.52363649422792,100.10672731422898,1.8778974149025493e-05
27080.0,3.1124,0.5727125061432324,0.15814249557283921,61.52129420744508,100.10829366983506,1.884302557823693e-05
27088.0,3.11264,0.5728635080583421,0.15824781642984043,61.51894327395261,100.10986623593577,1.8907528917002895e-05
27096.0,3.11288,0.5730150278249968,0.15835352779631823,61.516583630936594,100.11144505934627,1.897248881471229e-05
27104.0,3.11312,0.5731670691113999,0.15845963251623765,61.5142152150103,100.11303018732004,1.903790998617082e-05
27112.0,3.11336,0.5733196356308009,0.1585661334685335,61.511837961983304,100.11462166772807,1.9103797204699112e-05
27120.0,3.1136,0.5734727311274137,0.1586730335573372,61.50945180712795,100.11621954885227,1.9170155312087716e-05
27128.0,3.1138399999999997,0.5736263593886889,0.1587803357205971,61.50705668495163,100.11782387956546,1.923698921213314e-05
27136.0,3.11408,0.5737805242422387,0.15888804292798966,61.50465252925347,100.11943470928631,1.930430387408878e-05
27144.0,3.1143199999999998,0.5739352295505626,0.15899615817729013,61.50223927321727,100.12105208790281,1.9372104337790476e-05
27152.0,3.11456,0.5740904792254711,0.15910468450450943,61.49981684915735,100.12267606597402,1.9440395704998286e-05
27160.0,3.1148,0.574246277210806,0.1592136249718771,61.49738518882304,100.12430669449206,1.9509183152975156e-05
27168.0,3.11504,0.5744026274963776,0.15932298267764095,61.49494422315204,100.12594402507408,1.9578471926342173e-05
27176.0,3.11528,0.5745595341163358,0.15943276075499221,61.4924938822989,100.12758810993984,1.9648267339834107e-05
27184.0,3.11552,0.5747170011440829,0.15954296236856863,61.49003409572585,100.12923900184154,1.9718574783233714e-05
27192.0,3.11576,0.5748750326972947,0.15965359071802848,61.48756479210858,100.1308967541399,1.9789399720010173e-05
27200.0,3.116,0.5750336329376402,0.15976464903791876,61.4850858993474,100.13256142079122,1.986074768858043e-05
27208.0,3.11624,0.5751928060718076,0.15987614059845875,61.4825973445494,100.13423305636567,1.993262430326523e-05
27216.0,3.11648,0.5753525563521915,0.15998806870608762,61.48009905401729,100.13591171605562,2.0005035255399317e-05
27224.0,3.11672,0.5755128880764866,0.1601004367032467,61.47759095325016,100.13759745567309,2.0077986315892676e-05
27232.0,3.1169599999999997,0.5756738055889796,0.16021324796935307,61.47507296691756,100.13929033166319,2.0151483336357707e-05
27240.0,3.1172,0.5758353132812485,0.1603265059213589,61.47254501885806,100.14099040111755,2.0225532249470064e-05
27248.0,3.11744,0.5759974155925577,0.1604402140140994,61.470007032064494,100.14269772178093,2.0300139071187538e-05
27256.0,3.11768,0.57616011701051,0.16055437574082138,61.467458928673885,100.1444123520611,2.0375309902002152e-05
27264.0,3.11792,0.576323422071745,0.16066899463374648,61.46490062995439,100.14613435103489,2.0451050928437426e-05
27272.0,3.11816,0.5764873353631234,0.16078407426497615,61.462332056286144,100.1478637784711,2.0527368424009015e-05
27280.0,3.1184,0.5766518615214783,0.16089961824639323,61.45975312716279,100.14960069482302,2.0604268751551563e-05
27288.0,3.11864,0.5768170052351987,0.16101563023084983,61.457163761165255,100.15134516124968,2.0681758364035937e-05
27296.0,3.11888,0.5769827712448139,0.16113211391265653,61.45456387595089,100.1530972396236,2.075984380622996e-05
27304.0,3.1191199999999997,0.5771491643431981,0.1612490730278057,61.45195338824911,100.15485699253873,2.0838531716667484e-05
27312.0,3.11936,0.5773161893772067,0.16136651135520225,61.44933221383175,100.15662448333052,2.0917828828766348e-05
27320.0,3.1196,0.5774838512475788,0.1614844327166775,61.44670026751599,100.15839977607375,2.0997741972882276e-05
27328.0,3.11984,0.5776521549102617,0.16160284097800445,61.444057463138925,100.16018293560485,2.1078278077815397e-05
27336.0,3.1200799999999997,0.577821105377075,0.16172174004945025,61.441403713545746,100.16197402753137,2.1159444172588133e-05
27344.0,3.12032,0.5779907077162757,0.1618411338862605,61.4387389305805,100.16377311823695,2.1241247388264742e-05
27352.0,3.12056,0.5781609670539103,0.16196102648969934,61.436063025060534,100.16558027490244,2.1323694959541092e-05
27360.0,3.1208,0.5783318885739419,0.16208142190722896,61.433375906774685,100.16739556550894,2.1406794226923474e-05
27368.0,3.12104,0.5785034775196846,0.16220232423361094,61.4306774844579,100.1692190588567,2.1490552638232024e-05
27376.0,3.12128,0.5786757391945465,0.16232373761152333,61.42796766577795,100.17105082457606,2.1574977750568295e-05
27384.0,3.12152,0.5788486789624971,0.16244566623198445,61.425246357325875,100.17289093313518,2.1660077232555735e-05
27392.0,3.12176,0.5790223022498361,0.1625681143356964,61.42251346458498,100.17473945586546,2.174585886581537e-05
27400.0,3.122,0.5791966145450602,0.1626910862130499,61.419768891933145,100.17659646495869,2.183233054752086e-05
27408.0,3.12224,0.5793716214005665,0.16281458620542494,61.41701254261136,100.17846203349292,2.1919500292136296e-05
27416.0,3.12248,0.5795473284334364,0.16293861870584664,61.4142443187095,100.1803362354436,2.2007376233624314e-05
27424.0,3.12272,0.5797237413259692,0.1630631881594652,61.41146412115758,100.18221914569081,2.2095966627723605e-05
27432.0,3.12296,0.5799008658275102,0.16318829906495227,61.408671849691,100.18411084004697,2.218527985389487e-05
27440.0,3.1231999999999998,0.5800787077544391,0.16331395597460047,61.405867402852145,100.18601139525559,2.227532441793603e-05
27448.0,3.12344,0.580257272991947,0.163440163495688,61.403050677957644,100.18792088901783,2.2366108953959023e-05
27456.0,3.12368,0.580436567494907,0.16356692629120617,61.40022157108276,100.18983940000501,2.2457642226807645e-05
27464.0,3.12392,0.5806165972884636,0.1636942490803889,61.39737997705034,100.19176700786721,2.2549933134705102e-05
27472.0,3.12416,0.5807973684700755,0.1638221366402736,61.39452578939495,100.19370379326293,2.264299071114448e-05
27480.0,3.1244,0.5809788872094269,0.16395059380575633,61.39165890036318,100.19564983785799,2.2736824128054432e-05
27488.0,3.12464,0.5811611597504358,0.16407962547113253,61.3887792008776,100.19760522435496,2.2831442697905503e-05
27496.0,3.12488,0.581344192412198,0.16420923659088832,61.38588658051941,100.199570036507,2.2926855876447148e-05
27504.0,3.12512,0.5815279915896098,0.16433943218026542,61.382980927517785,100.20154435912664,2.302307326551721e-05
27512.0,3.1253599999999997,0.5817125637556269,0.16447021731698866,61.38006212870752,100.20352827812047,2.312010461545512e-05
27520.0,3.1256,0.5818979154611622,0.164601597141323,61.37713006953214,100.20552188048559,2.3217959828309184e-05
27528.0,3.12584,0.5820840533372854,0.16473357685776388,61.3741846340035,100.20752525434331,2.3316648960313034e-05
27536.0,3.12608,0.5822709840962573,0.1648661617359057,61.371225704683084,100.20953848895402,2.341618222488166e-05
27544.0,3.1263199999999998,0.5824587145322154,0.16499935711106453,61.36825316266927,100.21156167472716,2.3516569995826434e-05
27552.0,3.12656,0.582647251523659,0.16513316838618108,61.365266887552416,100.21359490325773,2.36178228099256e-05
27560.0,3.1268,0.5828366020333217,0.1652676010318726,61.36226675741715,100.2156382673246,2.37199513705587e-05
27568.0,3.12704,0.5830267731106027,0.16540266058830388,61.359252648797494,100.21769186092665,2.3822966550556144e-05
27576.0,3.12728,0.5832177718927017,0.16553835266614103,61.35622443665617,100.21975577929956,2.3926879395506763e-05
27584.0,3.12752,0.5834096056053578,0.16567468294722726,61.35318199437201,100.22183011892614,2.403170112725962e-05
27592.0,3.12776,0.5836022815656092,0.16581165718669788,61.350125193688946,100.22391497757916,2.413744314689233e-05
27600.0,3.128,0.5837958071816224,0.16594928121301558,61.34705390471924,100.2260104543165,2.4244117038747946e-05
27608.0,3.12824,0.5839901899553877,0.16608756093004687,61.34396799589467,100.22811664952229,2.4351734573520454e-05
27616.0,3.1284799999999997,0.5841854374839631,0.1662265023181102,61.340867333943955,100.23023366492511,2.4460307711981736e-05
27624.0,3.12872,0.5843815574602788,0.16636611143471416,61.33775178387756,100.23236160361006,2.45698486089614e-05
27632.0,3.12896,0.5845785576761916,0.1665063944169019,61.334621208931566,100.2345005700643,2.4680369616705218e-05
27640.0,3.1292,0.584776446022278,0.16664735748127624,61.33147547057266,100.23665067017345,2.4791883289221943e-05
27648.0,3.1294399999999998,0.5849752304908177,0.16678900692630125,61.32831442844247,100.23881201126696,2.4904402385937817e-05
27656.0,3.12968,0.5851749191771619,0.1669313491334573,61.325137940332674,100.24098470213855,2.5017939875838284e-05
27664.0,3.12992,0.5853755202806089,0.16707439056804854,61.32194586216961,100.24316885305815,2.5132508941810234e-05
27672.0,3.13016,0.5855770421077978,0.1672181377818101,61.31873804795108,100.24536457582506,2.5248122984524663e-05
27680.0,3.1304,0.5857794930724476,0.16736259741291332,61.31551434975212,100.24757198376159,2.5364795627269258e-05
27688.0,3.13064,0.5859828816986749,0.16750777618852727,61.31227461766423,100.24979119176406,2.5482540719977563e-05
27696.0,3.13088,0.5861872166224982,0.16765368092609217,61.30901869976797,100.25202231632512,2.560137234387959e-05
27704.0,3.13112,0.5863925065927907,0.16780031853420224,61.30574644211495,100.2542654755479,2.572130481645618e-05
27712.0,3.13136,0.5865987604750561,0.1679476960155098,61.30245768865841,100.25652078920311,2.5842352695747293e-05
27720.0,3.1315999999999997,0.5868059872511077,0.1680958204667081,61.29915228126025,100.25878837872354,2.596453078572425e-05
27728.0,3.13184,0.5870141960227591,0.1682446990813844,61.29583005962199,100.26106836726075,2.6087854140985048e-05
27736.0,3.13208,0.5872233960134824,0.16839433915142635,61.29249086125451,100.26336087970996,2.6212338071967792e-05
27744.0,3.13232,0.5874335965694467,0.16854474806798966,61.28913452145987,100.26566604272458,2.6337998150339893e-05
27752.0,3.13256,0.5876448071637268,0.16869593332473912,61.28576087325336,100.26798398478213,2.6464850213983285e-05
27760.0,3.1328,0.58785703739591,0.16884790251780218,61.28236974737084,100.27031483617594,2.659291037302817e-05
27768.0,3.1330400000000003,0.5880702969962103,0.1690006633489533,61.27896097219392,100.27265872907876,2.6722195015004775e-05
27776.0,3.13328,0.5882845958272985,0.16915422362717025,61.275534373716425,100.27501579757032,2.685272081070901e-05
27784.0,3.13352,0.5884999438854358,0.16930859126969555,61.27208977552268,100.27738617765408,2.6984504720416653e-05
27792.0,3.1337599999999997,0.5887163513051715,0.16946377430565898,61.26862699869958,100.27977000732936,2.711756399962258e-05
27800.0,3.134,0.5889338283588662,0.1696197808759966,61.265145861848815,100.28216742658302,2.7251916205458466e-05
27808.0,3.13424,0.5891523854612851,0.16977661923701082,61.26164618099963,100.2845785774609,2.7387579202913113e-05
27816.0,3.13448,0.5893720331716212,0.1699342977620947,61.258127769571956,100.28700360409854,2.752457117139204e-05
27824.0,3.1347199999999997,0.5895927821947345,0.17009282494289904,61.25459043835448,100.2894426527385,2.7662910611505238e-05
27832.0,3.13496,0.5898146433864089,0.17025220939339084,61.2510339954078,100.2918958718142,2.7802616351515733e-05
27840.0,3.1351999999999998,0.5900376277527707,0.1704124598497264,61.24745824607433,100.29436341193733,2.7943707554878294e-05
27848.0,3.13544,0.59026174645543,0.17057358517424087,61.243862992883926,100.2968454259784,2.808620372703648e-05
27856.0,3.13568,0.5904870108137217,0.17073559435736335,61.24024803551255,100.29934206910066,2.823012472287963e-05
27864.0,3.13592,0.5907134323060594,0.17089849651889946,61.23661317075762,100.30185349878077,2.8375490754408027e-05
27872.0,3.13616,0.5909410225758265,0.1710623009125854,61.2329581924284,100.30437987490099,2.8522322398222277e-05
27880.0,3.1364,0.5911697934306764,0.17122701692590916,61.229282891360086,100.30692135973557,2.8670640603748218e-05
27888.0,3.13664,0.5913997568482944,0.17139265408458723,61.225587055306,100.30947811804215,2.8820466701181175e-05
27896.0,3.13688,0.5916309249788833,0.1715592220546944,61.22187046889176,100.31205031709978,2.897182240991441e-05
27904.0,3.13712,0.5918633101466472,0.1717267306440777,61.21813291358907,100.31463812672999,2.912472984708937e-05
27912.0,3.13736,0.5920969248564081,0.1718951898074784,61.214374167592744,100.31724171940257,2.9279211536178346e-05
27920.0,3.1376,0.5923317817927607,0.17206460964628503,61.210594005836136,100.31986127021892,2.943529041628411e-05
27928.0,3.1378399999999997,0.5925678938265461,0.17223500041357082,61.20679219987125,100.32249695701472,2.9592989851166664e-05
27936.0,3.13808,0.5928052740176143,0.1724063725164663,61.20296851781761,100.32514896040243,2.9752333638761854e-05
27944.0,3.13832,0.59304393561645,0.17257873651771888,61.19912272433278,100.32781746379538,2.9913346020926657e-05
27952.0,3.13856,0.5932838920716194,0.17275210314146583,61.19525458047315,100.33050265352621,3.0076051693346386e-05
27960.0,3.1388,0.5935251570287527,0.17292648327290477,61.19136384371415,100.33320471882779,3.0240475815816583e-05
27968.0,3.13904,0.5937677443378323,0.17310188796397277,61.18745026781392,100.33592385194977,3.0406644022725377e-05
27976.0,3.13928,0.5940116680562676,0.1732783284359948,61.18351360275643,100.3386602482062,3.0574582433853495e-05
27984.0,3.13952,0.59425694245068,0.17345581608140723,61.17955359471918,100.34141410600134,3.0744317665359284e-05
27992.0,3.13976,0.5945035820053013,0.1736343624702778,61.17556998591598,100.3441856269655,3.0915876841238694e-05
28000.0,3.1399999999999997,0.5947516014207519,0.17381397934987622,61.1715625146209,100.34697501593106,3.10892876048423e-05
28008.0,3.14024,0.5950010156222609,0.17399467865108945,61.16753091501457,100.34978248106508,3.126457813097672e-05
28016.0,3.14048,0.5952518397630989,0.17417647249138538,61.16347491712053,100.3526082339225,3.14417771381433e-05
28024.0,3.14072,0.5955040892265365,0.1743593731767185,61.159394246769466,100.35545248947534,3.162091390103273e-05
28032.0,3.1409599999999998,0.5957577796353399,0.17454339320891252,61.15528862542035,100.35831546626628,3.180201826387705e-05
28040.0,3.1412,0.5960129268503014,0.17472854528510579,61.15115777019058,100.36119738638071,3.198512065322487e-05
28048.0,3.1414400000000002,0.5962695469795356,0.17491484230501747,61.1470013936811,100.3640984755976,3.217025209198729e-05
28056.0,3.14168,0.5965276563823154,0.17510229737426852,61.14281920390534,100.36701896344951,3.235744421343439e-05
28064.0,3.14192,0.5967872716712264,0.17529092380649397,61.1386109042495,100.36995908325434,3.254672927533823e-05
28072.0,3.14216,0.5970484097229247,0.1754807351317192,61.134376193270555,100.37291907229132,3.273814017542503e-05
28080.0,3.1424,0.5973110876763739,0.17567174509565506,61.13011476473114,100.37589917176693,3.2931710465801865e-05
28088.0,3.14264,0.5975753229433789,0.17586396766794413,61.12582630740145,100.3788996269871,3.312747436922608e-05
28096.0,3.14288,0.5978411332128831,0.1760574170458913,61.12151050497937,100.38192068742474,3.332546679510329e-05
28104.0,3.1431199999999997,0.5981085364533406,0.1762521076568085,61.11716703604694,100.38496260675534,3.3525723355553226e-05
28112.0,3.14336,0.5983775509249335,0.17644805416754167,61.1127955738392,100.38802564305816,3.372828038350638e-05
28120.0,3.1436,0.5986481951774544,0.1766452714835805,61.10839578628753,100.39111005877501,3.393317494881149e-05
28128.0,3.14384,0.598920488062276,0.17684377475844218,61.10396733579277,100.3942161209082,3.414044487727894e-05
28136.0,3.1440799999999998,0.5991944487371728,0.17704357939787072,61.09950987913553,100.39734410109675,3.4350128768987106e-05
28144.0,3.14432,0.5994700966689345,0.17724470106244217,61.09502306742862,100.40049427565523,3.456226601657638e-05
28152.0,3.14456,0.5997474516472789,0.17744715567843075,61.09050654585519,100.4036669258045,3.477689682615834e-05
28160.0,3.1448,0.6000265337823061,0.17765095943668857,61.085959953717285,100.40686233762312,3.499406223582105e-05
28168.0,3.14504,0.6003073635181316,0.17785612880335142,61.08138292417937,100.41008080227338,3.5213804137588294e-05
28176.0,3.14528,0.6005899616383085,0.17806268052457505,61.07677508416682,100.41332261608797,3.54361652984892e-05
28184.0,3.14552,0.6008743492687139,0.17827063162943774,61.07213605431297,100.41658808061331,3.566118938149362e-05
28192.0,3.14576,0.6011605478934242,0.1784799994423597,61.067465448657266,100.41987750287541,3.5888920970219194e-05
28200.0,3.146,0.6014485793516614,0.17869080158170692,61.06276287470752,100.42319119532031,3.611940558944895e-05
28208.0,3.14624,0.6017384658533574,0.17890305597203318,61.05802793314385,100.42652947607544,3.635268973108582e-05
28216.0,3.14648,0.602030229985267,0.17911678084943733,61.05326021770437,100.42989266904787,3.658882087835701e-05
28224.0,3.14672,0.6023238947141557,0.17933199476479875,61.04845931512681,100.4332811039719,3.682784752979026e-05
28232.0,3.14696,0.6026194834049702,0.17954871659801658,61.04362480480388,100.43669511671621,3.706981922806262e-05
28240.0,3.1471999999999998,0.6029170198171631,0.1797669655562682,61.038756258855386,100.44013504921224,3.731478658345703e-05
28248.0,3.14744,0.6032165281225148,0.17998676118805032,61.033853241790204,100.4436012497555,3.756280130413286e-05
28256.0,3.1476800000000003,0.6035180329120389,0.18020812338925057,61.02891531037663,100.44709407311741,3.7813916224125085e-05
28264.0,3.14792,0.6038215591995085,0.18043107240676262,61.023942013577475,100.45061388059865,3.8068185330865524e-05
28272.0,3.14816,0.6041271324423052,0.18065562885485215,61.018932892152556,100.45416104038422,3.832566379928823e-05
28280.0,3.1483999999999996,0.6044347785369985,0.18088181371299594,61.013887478747385,100.45773592745704,3.8586408018212756e-05
28288.0,3.14864,0.604744523839804,0.18110964834202828,61.00880529750269,100.46133892394751,3.885047562612721e-05
28296.0,3.14888,0.6050563951744058,0.181339154491041,61.00368586390738,100.4649704192613,3.91179255435698e-05
28304.0,3.14912,0.6053704198358587,0.18157035430142782,60.99852868472704,100.4686308101378,3.9388818004811805e-05
28312.0,3.1493599999999997,0.6056866256145823,0.18180327032575205,60.993333257546425,100.47232050106321,3.9663214597996745e-05
28320.0,3.1496,0.6060050407910329,0.1820379255250665,60.98809907087424,100.4760399041659,3.994117829532462e-05
28328.0,3.14984,0.6063256941592576,0.1822743432875356,60.982825603693826,100.47978943962217,4.0222773495127766e-05
28336.0,3.15008,0.6066486150357757,0.18251254743629722,60.97751232529554,100.48356953580249,4.050806605953367e-05
28344.0,3.15032,0.6069738332639032,0.18275256223399522,60.972158695197386,100.48738062933711,4.0797123351011326e-05
28352.0,3.15056,0.6073013792414448,0.1829944124045953,60.966764162614,100.4912231655976,4.1090014280141686e-05
28360.0,3.1508,0.6076312839142644,0.18323812313006455,60.96132816658563,100.49509759856892,4.1386809339669095e-05
28368.0,3.15104,0.6079635788034837,0.18348372007191455,60.955850135456984,100.49900439132347,4.168758065446137e-05
28376.0,3.15128,0.6082982960155932,0.18373122938018244,60.95032948668622,100.50294401618898,4.199240202533273e-05
28384.0,3.15152,0.6086354682472463,0.18398067769851906,60.944765626756144,100.50691695482105,4.230134897144818e-05
28392.0,3.15176,0.6089751288173184,0.18423209218949094,60.939157950559256,100.51092369876615,4.2614498786949476e-05
28400.0,3.152,0.6093173116591344,0.18448550053046936,60.93350584155252,100.51496474930661,4.293193057989623e-05
28408.0,3.15224,0.6096620513519724,0.18474093093862962,60.92780867115223,100.51904061801521,4.325372533159344e-05
28416.0,3.1524799999999997,0.6100093831326042,0.18499841218123925,60.92206579851537,100.52315182694856,4.3579965947822106e-05
28424.0,3.15272,0.6103593429006163,0.18525797358137902,60.91627657044158,100.52729890872757,4.391073730801134e-05
28432.0,3.15296,0.6107119672556404,0.18551964504738377,60.91044032065588,100.53148240719868,4.4246126332911054e-05
28440.0,3.1532,0.6110672934879395,0.18578345706775057,60.904556369997216,100.53570287724447,4.458622202894385e-05
28448.0,3.15344,0.6114253596150164,0.186049440740244,60.898624025713175,100.53996088543522,4.493111555896786e-05
28456.0,3.15368,0.6117862043948217,0.18631762778371472,60.89264258120907,100.54425701025245,4.528090030234596e-05
28464.0,3.15392,0.6121498673316624,0.18658805054454403,60.88661131593867,100.54859184217824,4.56356719122441e-05
28472.0,3.15416,0.6125163887195816,0.18686074203101322,60.88052949456668,100.55296598447491,4.599552839658041e-05
28480.0,3.1544,0.6128858096309322,0.1871357359069944,60.87439636719737,100.55738005295255,4.636057016880252e-05
28488.0,3.15464,0.613258171959057,0.18741306652594966,60.86821116855028,100.5618346767377,4.673090013253124e-05
28496.0,3.15488,0.6136335184334502,0.18769276894454837,60.86197311767142,100.56633049853242,4.710662375221392e-05
28504.0,3.15512,0.614011892626322,0.1879748789299383,60.85568141781169,100.57086817471358,4.7487849120098684e-05
28512.0,3.15536,0.6143933390033111,0.18825943300000558,60.849335255445354,100.57544837625423,4.7874687053434425e-05
28520.0,3.1555999999999997,0.6147779029095889,0.18854646841555295,60.84293380054808,100.58007178843954,4.826725115271127e-05
28528.0,3.15584,0.615165630619786,0.18883602322015075,60.83647620562988,100.58473911177657,4.866565790328915e-05
28536.0,3.15608,0.6155565693554501,0.18912813625587704,60.82996160540162,100.58945106229591,4.907002675883879e-05
28544.0,3.15632,0.6159507672923397,0.1894228471715336,60.82338911664023,100.59420837166108,4.948048021979284e-05
28552.0,3.15656,0.6163482736199215,0.18972019646997712,60.81675783703308,100.59901178826408,4.989714395066094e-05
28560.0,3.1568,0.6167491385244261,0.19002022549840558,60.81006684551813,100.60386207687476,5.032014684677578e-05
28568.0,3.15704,0.6171534132474621,0.19032297649524094,60.803315201145004,100.60876001972244,5.074962115690023e-05
28576.0,3.15728,0.6175611501061791,0.19062849260837886,60.79650194268886,100.61370641684792,5.118570258206032e-05
28584.0,3.15752,0.6179724025013734,0.19093681790448808,60.789626088500306,100.61870208622531,5.1628530367821744e-05
28592.0,3.1577599999999997,0.6183872249875468,0.19124799742485996,60.78268663514122,100.62374786506876,5.20782474462843e-05
28600.0,3.158,0.6188056732521898,0.19156207717332763,60.7756825578006,100.62884460939871,5.2535000512876936e-05
28608.0,3.15824,0.6192278041848497,0.19187910417162568,60.768612808949115,100.63399319533379,5.299894017472983e-05
28616.0,3.15848,0.6196536759004947,0.19219912648062132,60.761476317890335,100.63919451950333,5.347022106817756e-05
28624.0,3.1587199999999998,0.6200833477485185,0.19252219321085492,60.75427199059372,100.64444949918183,5.3949001967758416e-05
28632.0,3.15896,0.6205168803955478,0.1928483545886945,60.7469987080767,100.64975907385477,5.443544595881854e-05
28640.0,3.1592,0.6209543358000431,0.19317766194128164,60.739655326916626,100.65512420468069,5.492972052589498e-05
28648.0,3.15944,0.6213957772939981,0.19351016776215532,60.73224067765324,100.66054587604106,5.543199773312845e-05
28656.0,3.15968,0.6218412696101037,0.19384592573603626,60.72475356426548,100.66602509602563,5.594245436460014e-05
28664.0,3.15992,0.6222908788917444,0.19418499075079046,60.7171927639867,100.67156289658007,5.6461272053307284e-05
28672.0,3.16016,0.622744672791263,0.19452741897610468,60.70955702538086,100.67716033539155,5.698863749174931e-05
28680.0,3.1604,0.6232027204387236,0.1948732678446822,60.7018450689697,100.6828184952187,5.752474253417473e-05
28688.0,3.16064,0.6236650925389381,0.19522259613034884,60.694055585332116,100.68853848575876,5.806978441657346e-05
28696.0,3.16088,0.6241318614031598,0.1955754639770876,60.68618723449157,100.69432144422096,5.862396592496032e-05
28704.0,3.16112,0.6246031009601686,0.19593193291263455,60.67823864571109,100.70016853548913,5.9187495548707674e-05
28712.0,3.16136,0.6250788868733512,0.19629206594242987,60.670208415191716,100.70608095440244,5.976058773899303e-05
28720.0,3.1616,0.6255592965021658,0.19665592752607206,60.662095106851396,100.71205992491684,6.03434630265289e-05
28728.0,3.1618399999999998,0.6260444090178479,0.197023583670669,60.65389725004924,100.71810670236796,6.0936348291533595e-05
28736.0,3.16208,0.6265343054405224,0.1973951019649755,60.64561333886652,100.72422257415126,6.153947696626829e-05
28744.0,3.1623200000000002,0.6270290686514745,0.19777055159486073,60.63724183187979,100.73040885989768,6.215308921800642e-05
28752.0,3.16256,0.6275287835332444,0.19815000345598485,60.62878114940169,100.73666691424746,6.277743226707242e-05
28760.0,3.1628,0.6280335369219225,0.1985335301242291,60.620229674442335,100.74299812579767,6.341276052338844e-05
28768.0,3.1630399999999996,0.6285434177457248,0.19892120596775098,60.61158574997814,100.7494039198551,6.405933591873168e-05
28776.0,3.16328,0.6290585170686153,0.1993131071872752,60.60284767810349,100.75588575924705,6.47174281516912e-05
28784.0,3.16352,0.6295789281038543,0.1997093118337038,60.59401371978096,100.76244514451199,6.538731490681983e-05
28792.0,3.16376,0.630104746382365,0.2001098999438475,60.58508209151262,100.76908361729055,6.606928224843951e-05
28800.0,3.1639999999999997,0.6306360696934733,0.20051495350317983,60.57605096654,100.77580275899511,6.676362477833302e-05
28808.0,3.16424,0.6311729982516079,0.20092455658094513,60.56691847154706,100.78260419418174,6.747064604712323e-05
28816.0,3.16448,0.6317156347477807,0.20133879537789895,60.557682685656566,100.7894895915207,6.819065885166959e-05
28824.0,3.16472,0.6322640843644874,0.20175775824636477,60.548341640154995,100.79646066399799,6.89239854987706e-05
28832.0,3.1649599999999998,0.6328184549789793,0.20218153585449336,60.538893314465234,100.8035191730825,6.967095829449476e-05
28840.0,3.1652,0.6333788570893671,0.2026102211391844,60.52933563764146,100.81066692704194,7.04319197271205e-05
28848.0,3.16544,0.6339454040160832,0.2030439094697487,60.51966648437498,100.81790578509016,7.120722297852976e-05
28856.0,3.16568,0.6345182119628803,0.20348269870470018,60.50988367380105,100.8252376585553,7.199723228710579e-05
28864.0,3.16592,0.635097400033141,0.20392668921460216,60.49998496919874,100.83266451109091,7.28023232661298e-05
28872.0,3.16616,0.6356830904764401,0.204375984081788,60.489968073088974,100.84018836382856,7.362288351561719e-05
28880.0,3.1664,0.6362754085960475,0.20483068904064558,60.47983062911258,100.84781129322849,7.445931283369307e-05
28888.0,3.16664,0.6368744829935568,0.20529091267681393,60.469570217164666,100.8555354362171,7.531202385597297e-05
28896.0,3.16688,0.6374804456414748,0.20575676649502433,60.4591843519708,100.86336299159946,7.618144250036738e-05
28904.0,3.1671199999999997,0.638093431900945,0.2062283649451048,60.44867048276124,100.87129622027163,7.706800835333304e-05
28912.0,3.16736,0.6387135808222834,0.20670582566601137,60.438025987283645,100.87933745162842,7.797217543786662e-05
28920.0,3.1676,0.6393410350287209,0.2071892694097853,60.42724817416146,100.8874890808119,7.889441245861574e-05
28928.0,3.16784,0.6399759410149124,0.20767882028519496,60.416334276944085,100.89575357510702,7.983520360473217e-05
28936.0,3.16808,0.6406184492337003,0.208174605839116,60.405281452399414,100.9041334756593,8.079504909788704e-05
28944.0,3.16832,0.6412687141151933,0.20867675708609193,60.39408678016419,100.91263139768186,8.177446566268638e-05
28952.0,3.16856,0.6419268944349126,0.20918540880799338,60.38274725538852,100.92125003847556,8.277398749663896e-05
28960.0,3.1688,0.6425931531670777,0.2097006994568027,60.37125979171957,100.92999217387928,8.37941665528499e-05
28968.0,3.16904,0.6432676578506976,0.21022277145411747,60.359621213984184,100.93886066629126,8.483557355418479e-05
28976.0,3.16928,0.6439505806937558,0.2107517712891905,60.347828256133155,100.94785846676926,8.589879867164825e-05
28984.0,3.16952,0.6446420985934717,0.21128784955244712,60.33587756087127,100.95698861521205,8.698445209979261e-05
28992.0,3.16976,0.6453423935895962,0.21183116130534993,60.32376567058478,100.96625425046116,8.809316528744627e-05
29000.0,3.17,0.646051652678458,0.21238186595557848,60.311489031118874,100.97565860570424,8.922559126394663e-05
29008.0,3.1702399999999997,0.64677006826427,0.2129401276271018,60.29904398274146,100.98520501859166,9.038240592640202e-05
29016.0,3.17048,0.6474978382848304,0.21350611527879956,60.28642675765492,100.99489693382031,9.156430888373418e-05
29024.0,3.17072,0.6482351662326356,0.2140800027423143,60.27363347961324,101.0047379032688,9.277202416356027e-05
29032.0,3.17096,0.6489822617159371,0.2146619691809449,60.26066015266979,101.01473159881117,9.400630178283625e-05
29040.0,3.1712,0.6497393402220465,0.215252198928687,60.24750266598807,101.02488180631616,9.526791812189868e-05
29048.0,3.17144,0.6505066236766267,0.21585088194988614,60.23415678262302,101.03519243850491,9.655767756762258e-05
29056.0,3.1716800000000003,0.6512843405961026,0.2164582139833801,60.220618136496235,101.04566753814818,9.787641356879478e-05
29064.0,3.17192,0.6520727261090509,0.2170743965849847,60.20688223200999,101.05631127811436,9.922498950830052e-05
29072.0,3.17216,0.6528720226543426,0.21769963769984835,60.19294443003157,101.06712797773169,0.00010060430071759231
29080.0,3.1723999999999997,0.6536824796785441,0.21833415145394708,60.178799954032634,101.07812209491867,0.0001020152749036354
29088.0,3.17264,0.654504354332739,0.21897815872799958,60.16444387609895,101.08929824263107,0.00010345887425706714
29096.0,3.17288,0.6553379116582658,0.21963188733336367,60.149871113234404,101.10066119284494,0.00010493609677848946
29104.0,3.17312,0.6561834246074708,0.2202955720592898,60.13507642698936,101.11221587646236,0.00010644797735901496
29112.0,3.1733599999999997,0.6570411749170709,0.220969455390531,60.12005440591471,101.12396740436043,0.00010799559037819502
29120.0,3.1736,0.6579114527196575,0.221653787236023,60.10479947343112,101.13592105699388,0.00010958005018616188
29128.0,3.1738399999999998,0.658794557416516,0.22234882564919134,60.08930587029764,101.14808230559538,0.00011120251382283157
29136.0,3.17408,0.6596907979051602,0.22305483704346996,60.07356765007431,101.16045681717027,0.00011286418269266302
29144.0,3.17432,0.6606004925980525,0.22377209624414365,60.05757867878765,101.17305045417157,0.00011456630390879432
29152.0,3.17456,0.6615239705209716,0.22450088739271895,60.04133261287225,101.1858693017747,0.00011631017365991734
29160.0,3.1748,0.6624615708121814,0.22524150359225548,60.02482290928098,101.19891965406012,0.00011809713774782305
29168.0,3.17504,0.663413643821484,0.22599424781598831,60.0080428034248,101.21220804153637,0.00011992859511168432
29176.0,3.17528,0.6643805513904444,0.22675943317238853,59.99098530357448,101.2257412374478,0.00012180599995262793
29184.0,3.17552,0.6653626668670265,0.2275373829608726,59.973643190595396,101.23952625709367,0.00012373086341184293
29192.0,3.17576,0.6663603764940593,0.22832843181715531,59.95600899010687,101.25357039343787,0.00012570475795432702
29200.0,3.176,0.6673740787611604,0.2291329252476002,59.93807498549797,101.26788119861867,0.00012772931795644284
29208.0,3.17624,0.668404185795717,0.2299512207808691,59.91983319006157,101.2824665199549,0.00012980624429433096
29216.0,3.1764799999999997,0.6694511237098731,0.23078368829498147,59.9012753400533,101.2973345079689,0.00013193730705023728
29224.0,3.17672,0.6705153326081562,0.23163071007525718,59.8823928945405,101.31249361516075,0.00013412434761375194
29232.0,3.1769600000000002,0.6715972683512296,0.2324926822714531,59.86317700014539,101.32795264284867,0.00013636928441308605
29240.0,3.1772,0.6726974017145474,0.2333700142839018,59.84361850781796,101.34372071626986,0.00013867411353825045
29248.0,3.17744,0.6738162201571926,0.23426313022948247,59.82370793753443,101.35980733203611,0.00014104091473701575
29256.0,3.17768,0.6749542282538589,0.23517246934619238,59.80343546965216,101.37622236841455,0.00014347185487386917
29264.0,3.17792,0.6761119476914483,0.23609848605019892,59.78279094491775,101.39297608328137,0.00014596919056762692
29272.0,3.17816,0.6772899195193541,0.23704165179684578,59.7617638197302,101.41007917618435,0.00014853527570658312
29280.0,3.1784,0.6784887030545989,0.23800245426855535,59.74034318773053,101.4275427546168,0.00015117256207993694
29288.0,3.1786399999999997,0.6797088781405507,0.23898139924749306,59.7185177350025,101.44537839701529,0.00015388360723345615
29296.0,3.17888,0.6809510456875928,0.23997901111668818,59.69627572925786,101.46359816603426,0.00015667107890053754
29304.0,3.17912,0.6822158276534391,0.24099583291070564,59.673605020055554,101.48221460527992,0.0001595377583158404
29312.0,3.17936,0.6835038699244002,0.24203242869927735,59.65049298200183,101.50124082212567,0.0001624865500855792
29320.0,3.1795999999999998,0.6848158408890652,0.24308938251013193,59.62692654244163,101.52069044177067,0.00016552048277916157
29328.0,3.17984,0.686152434333667,0.24416730072815887,59.602892124482786,101.54057769182074,0.00016864271924488095
29336.0,3.1800800000000002,0.687514370122502,0.24526681271604828,59.57837563339804,101.56091741961112,0.00017185656229155855
29344.0,3.18032,0.6889023941528444,0.24638857084715843,59.55336245735043,101.58172508648867,0.000175165458817768
29352.0,3.18056,0.6903172820448956,0.2475332535562267,59.52783739726778,101.60301687583313,0.0001785730125580223
29360.0,3.1808,0.6917598372992505,0.24870156392009432,59.501784699258096,101.62480963532826,0.00018208298487434573
29368.0,3.18104,0.6932308950036696,0.24989423272371164,59.47518798232729,101.64712098970735,0.00018569930828051898
29376.0,3.18128,0.6947313226946898,0.25111201922738646,59.44803022067555,101.66996936434069,0.0001894260937754059
29384.0,3.18152,0.6962620202825538,0.25235571116855443,59.42029374755999,101.69337397351241,0.00019326763568242343
29392.0,3.1817599999999997,0.6978239248068503,0.2536261286847993,59.391960166291696,101.71735497144533,0.0001972284283886038
29400.0,3.182,0.6994180080212812,0.2549241224089895,59.36301038852603,101.74193336933928,0.00020131316726208306
29408.0,3.18224,0.7010452811611706,0.2562505773975328,59.333424547724626,101.76713118409087,0.0002055267657689751
29416.0,3.18248,0.7027067960334554,0.2576064140675448,59.30318197674999,101.79297146849996,0.00020987436479690905
29424.0,3.1827199999999998,0.7044036449130753,0.2589925881487629,59.27226120897877,101.81947830252767,0.00021436133904501823
29432.0,3.18296,0.7061369666156488,0.2604100956711933,59.24063986405762,101.84667699903882,0.00021899331908020736
29440.0,3.1832,0.7079079434113676,0.2618599704633315,59.20829470351333,101.87459397907729,0.0002237761910506502
29448.0,3.18344,0.7097178071075,0.26334328913040417,59.175201518446805,101.9032569828527,0.00022871611927348533
29456.0,3.18368,0.7115678404374359,0.2648611721874791,59.14133510258138,101.93269510853145,0.00023381955778126802
29464.0,3.18392,0.7134593769256588,0.2664147839198132,59.1066692516468,101.96293879671438,0.00023909325825320317
29472.0,3.18416,0.7153938086108467,0.26800533867610843,59.07117662707267,101.99402010281169,0.00024454429767093507
29480.0,3.1844,0.7173725821402619,0.2696340975909625,59.034828818108835,102.02597253896067,0.0002501800778220446
29488.0,3.18464,0.7193972064709488,0.2713023748165783,58.997596208218496,102.05883135272082,0.000256008353406829
29496.0,3.18488,0.7214692546386348,0.273011538855235,58.95944794095974,102.09263358053614,0.0002620372461895954
29504.0,3.18512,0.7235903636190005,0.2747630122757299,58.92035191696885,102.12741802420825,0.00026827525442066195
29512.0,3.18536,0.725762243986439,0.27655827947678424,58.88027463462519,102.16322562167264,0.0002747312866615929
29520.0,3.1856,0.7279866751395965,0.2783988824894789,58.839181256410086,102.20009923028614,0.00028141466075913866
29528.0,3.18584,0.7302655148555485,0.280286428560347,58.79703545652674,102.23808400123565,0.00028833513737862613
29536.0,3.18608,0.7326007015402723,0.282222591646497,58.753799378666024,102.27722745061158,0.0002955029364894924
29544.0,3.1863200000000003,0.7349942541677499,0.2842091119155249,58.70943362605429,102.3175794306829,0.000302928748144161
29552.0,3.18656,0.7374482840072141,0.2862478049457112,58.663897091651016,102.35919261960468,0.0003106237707161273
29560.0,3.1868,0.7399649891220893,0.28834055654068774,58.61714701319421,102.40212223829954,0.0003185997099276549
29568.0,3.1870399999999997,0.7425466658030555,0.29048933149716033,58.56913881782693,102.44642654322007,0.00032686881506579596
29576.0,3.18728,0.7451957114132813,0.29269617513168295,58.51982607068443,102.49216692160331,0.0003354438964504834
29584.0,3.18752,0.7479146246003111,0.29496321247040275,58.46916045005824,102.53940785727274,0.00034433833670702296
29592.0,3.18776,0.7507060187493114,0.2972926583240877,58.417091599941756,102.5882175592214,0.0003535661271777818
29600.0,3.1879999999999997,0.753572616400928,0.2996868113241081,58.36356713917512,102.63866761298122,0.00036314186878670814
29608.0,3.18824,0.7565172619927607,0.302148063044255,58.308532543018934,102.69083360126064,0.0003730808025191092
29616.0,3.1884799999999998,0.7595429254091565,0.30467889924322056,58.251931082666474,102.74479523091202,0.0003833988240365605
29624.0,3.18872,0.7626527029065636,0.30728189865646255,58.19370377010939,102.80063630456603,0.00039411249323610524
29632.0,3.18896,0.7658498308047321,0.3099597421919983,58.13378931294385,102.85844547770499,0.00040523905196062265
29640.0,3.1892,0.7691376815720682,0.31271520708090234,58.07212399840398,102.91831587556017,0.0004167964322988913
29648.0,3.18944,0.7725197759386417,0.3155511740930559,58.00864170472369,102.980345812229,0.00042880326017785686
29656.0,3.18968,0.7759997872135345,0.3184706278371328,57.94327383385501,103.04463895645779,0.0004412788583435585
29664.0,3.18992,0.7795815438519663,0.3214766551485897,57.87594919595614,103.11130434064508,0.0004542432496380317
29672.0,3.19016,0.7832690394327427,0.32457244920484773,57.80659421523736,103.1804571399368,0.00046771712020361885
29680.0,3.1904,0.7870664344149223,0.3277613061980851,57.735132557287784,103.25221838405197,0.000481721845101871
29688.0,3.19064,0.7909780628301853,0.33104662554352915,57.661485447780116,103.32671563821907,0.000496279420458593
29696.0,3.19088,0.7950084372881571,0.33443190800179956,57.585571609481285,103.40408321428293,0.0005114124362925064
29704.0,3.1911199999999997,0.7991622550347878,0.3379207539450784,57.50730702389585,103.48446227905474,0.0005271440660110171
29712.0,3.19136,0.8034443953994481,0.34151685357591516,57.42660569586408,103.56800133898963,0.0005434978987693005
29720.0,3.1916,0.8078599354981156,0.3452239915859745,57.34337875997181,103.65485638851759,0.0005604980071719424
29728.0,3.19184,0.812414141219984,0.3490460300819544,57.25753543914419,103.74519113610118,0.0005781687198341946
29736.0,3.19208,0.8171124725002518,0.35298690245598957,57.168983007125185,103.83917725607121,0.0005965345301539612
29744.0,3.19232,0.8219605963484274,0.35705061260651705,57.077626336633195,103.9369947715602,0.0006156200578077466
29752.0,3.19256,0.8269643541353692,0.36124119458858495,56.983369728367414,104.03883148258582,0.0006354496136149128
29760.0,3.1928,0.8321298069056308,0.3655627363555295,56.88611508422776,104.14488426126414,0.0006560473540897844
29768.0,3.19304,0.8374631908852913,0.37001932686862515,56.78576404183649,104.25535792756648,0.0006774367422887278
29776.0,3.1932799999999997,0.8429709219021703,0.37461504279449276,56.68221800656313,104.37046550510289,0.0006996403374448373
29784.0,3.19352,0.8486596212938382,0.3793539515487399,56.57537735824402,104.49042919846435,0.0007226797084810478
29792.0,3.19376,0.8545360218153202,0.3842400128274439,56.46514508283803,104.61547713595023,0.0007465745185180031
29800.0,3.194,0.86060706869107,0.38927714120553863,56.35142346725791,104.745847294151,0.0007713428378095429
29808.0,3.1942399999999997,0.8668798063370328,0.3944690888237556,56.23411811461223,104.88178320064871,0.0007970000781526432
29816.0,3.19448,0.8733613795000444,0.39981942215715255,56.113138122639846,105.02353410486967,0.0008235585943858204
29824.0,3.1947200000000002,0.8800590819770526,0.40533153643176556,55.988394810136846,105.17135715451467,0.0008510275356075964
29832.0,3.19496,0.8869801714589138,0.4110084763139674,55.859807449329,105.32550930350202,0.0008794113040320092
29840.0,3.1952,0.894132011469528,0.41685302536964597,55.72729946395309,105.48625406385449,0.0009087098309388084
29848.0,3.19544,0.9015218681749259,0.4228675116456067,55.590803903430825,105.65385251031685,0.000938916981207536
29856.0,3.19568,0.9091569807166056,0.4290538378693573,55.45026222592883,105.82856661641762,0.00097002028138064
29864.0,3.19592,0.9170444390326191,0.43541335515201324,55.305627386324346,106.01065349021052,0.0010019997306992083
29872.0,3.19616,0.9251911311737726,0.44194679554599886,55.15686543527652,106.200363176212,0.0010348269049940883
29880.0,3.1963999999999997,0.9336037223699533,0.4486542323259535,55.003956227017454,106.39793786006801,0.0010684642304993807
29888.0,3.19664,0.9422884660922859,0.45553490990225814,54.846897552638175,106.60360226294293,0.001102863539587122
29896.0,3.19688,0.9512512873566557,0.4625872957444982,54.685704183691456,106.81756879097472,0.001137965736668763
29904.0,3.19712,0.9604974657836794,0.4698088217075412,54.52041304462462,107.04002142399484,0.0011736991462607121
29912.0,3.1973599999999998,0.9700317966090092,0.4771960101870735,54.35108227708694,107.27112428105818,0.0012099793189167833
29920.0,3.1976,0.9798581976816374,0.48474417631385963,54.17779534029119,107.51100199709997,0.0012467076968091764
29928.0,3.19784,0.9899798716609667,0.4924475736703775,54.000661735497964,107.75974830866629,0.0012837712993437518
29936.0,3.19808,1.000398990165372,0.5002991829067648,53.81981852167507,108.01741016446039,0.0013210421852452056
29944.0,3.19832,1.0111166457372789,0.5082907225288835,53.63543238832306,108.283985658364,0.0013583771176719093
29952.0,3.19856,1.0221327445708002,0.5164126291318637,53.447700244494975,108.55941929592615,0.0013956176797267226
29960.0,3.1988,1.0334458164213065,0.5246539941922199,53.25684980558355,108.84359633769226,0.0014325906474671652
29968.0,3.19904,1.045052981685056,0.5330026350777095,53.063140456020875,109.13633681742056,0.0014691085750955111
29976.0,3.19928,1.0569497916104025,0.5414450903916228,52.866861865443916,109.43739055975972,0.001504971126353147
29984.0,3.19952,1.0691301795992942,0.5499667133491154,52.66833502439993,109.74644009587688,0.0015399661925696554
29992.0,3.19976,1.0815863360577274,0.5585517266838183,52.46790668517786,110.06308789787991,0.0015738727252379353
30000.0,3.2,1.0943086310149401,0.5671833272020019,52.2659522498278,110.38686240713334,0.0016064621095825621
30008.0,3.20024,1.1072855957081202,0.5758438424305896,52.062870187657346,110.71721893108736,0.0016375015531209821
30016.0,3.2004799999999998,1.1205038977598512,0.584514890118256,51.859078936754,111.05353709970392,0.0016667572200430056
30024.0,3.20072,1.1339483371945918,0.5931775558462231,51.65501339503369,111.39512815299912,0.0016939976465431858
30032.0,3.2009600000000002,1.147601889098867,0.6018126003198798,51.45112024799383,111.74123838065246,0.0017189975101452098
30040.0,3.2012,1.1614457827446887,0.6104006830562795,51.24785274390625,112.09105761818233,0.0017415415480256657
30048.0,3.20144,1.1754595636806062,0.6189225639347113,51.04566694356623,112.44372560174715,0.0017614281639711268
30056.0,3.2016799999999996,1.189621196127347,0.6273593148366465,50.84501689729088,112.79833932126627,0.001778473141299009
30064.0,3.20192,1.2039071826900223,0.6356925219437538,50.64634669229761,113.15396884092569,0.0017925139517540015
30072.0,3.20216,1.218293027351904,0.6439046589966791,50.45008501471083,113.50967653030442,0.0018034123219034309
30080.0,3.2024,1.2327529778914539,0.6519790125402825,50.256643538994744,113.86450885647757,0.0018110573376561023
30088.0,3.2026399999999997,1.2472609157397747,0.6599002294420719,50.06641478442594,114.21752235227953,0.0018153650739494863
30096.0,3.20288,1.261789776667617,0.6676540070687439,49.879754156724644,114.56780400783472,0.00181628615051144
30104.0,3.20312,1.2763123805833183,0.675227536859362,49.696997725534445,114.91445923443335,0.0018137994141597144
30112.0,3.20336,1.2908015193393199,0.6826094995557218,49.51844382927465,115.25663827394268,0.0018079166066057677
30120.0,3.2036,1.3052301654959593,0.6897901018112531,49.34435643576088,115.59354660386856,0.001798680615184897
30128.0,3.20384,1.3195718520281534,0.6967611707228996,49.174961368081284,115.92445230809663,0.0017861644231653552
30136.0,3.20408,1.3338006051268474,0.7035160060627502,49.01045172295369,116.24867856857547,0.0017704689249281621
30144.0,3.20432,1.3478915789461376,0.7100495550645971,48.85098219690768,116.56562781125703,0.0017517204300098702
30152.0,3.20456,1.3618206101016481,0.7163580615305124,48.69667335296152,116.87476627826507,0.0017300698743283882
30160.0,3.2048,1.3755653542418849,0.7224394374351215,48.54761100371541,117.17564752385171,0.0017056857860889686
30168.0,3.20504,1.389104757437646,0.7282928576842486,48.40384485762824,117.46789250332431,0.0016787549867165246
30176.0,3.20528,1.4024191996577966,0.7339186759711248,48.26539683717959,117.7511996957708,0.0016494774190093282
30184.0,3.20552,1.415490752936583,0.739318387871061,48.132260793876014,118.02533701654728,0.0016180626879012826
30192.0,3.2057599999999997,1.428303153696058,0.7444944758255395,48.00440274071167,118.29014279511028,0.001584727953657704
30200.0,3.206,1.4408418922276773,0.7494503131357276,47.88176829434684,118.54551534027452,0.0015496930853891528
30208.0,3.20624,1.453094283150775,0.7541900681137207,47.764281525927835,118.79141086830965,0.0015131785338567281
30216.0,3.20648,1.4650493782793836,0.7587185581076971,47.651847190254884,119.02784584156538,0.001475403265175334
30224.0,3.20672,1.476697944299408,0.7630411436548634,47.54435630626605,119.2548827574906,0.0014365814481488376
30232.0,3.20696,1.4880324400145675,0.7671636349405306,47.44168702620874,119.4726234229464,0.0013969207454232993
30240.0,3.2072,1.4990469606007557,0.7710921983711958,47.343706542316966,119.68121000752146,0.0013566206718780066
30248.0,3.20744,1.509737159121526,0.7748332675376214,47.25027387176741,119.88081793623223,0.0013158710062232497
30256.0,3.20768,1.5201001618269627,0.7783934641337666,47.161241782687796,120.0716483159181,0.0012748506970912152
30264.0,3.20792,1.5301344804757169,0.7817795289760359,47.0764584070002,120.25392484174432,0.0012337270671157875
30272.0,3.20816,1.5398399154620717,0.7849982599948588,46.99576887225087,120.42788971998166,0.0011926552412559127
30280.0,3.2084,1.5492174686734304,0.788056462503701,46.91901688493289,120.59380032667364,0.0011517776747520063
30288.0,3.20864,1.5582692211416223,0.7909608959490265,46.846045484104735,120.75192293954822,0.001111224344889537
30296.0,3.2088799999999997,1.5669982388967223,0.793718237207167,46.776698859565556,120.90253178897945,0.0010711125252139439
30304.0,3.20912,1.575408480402914,0.7963350501878952,46.71082272190699,121.04590574883564,0.0010315471321584878
30312.0,3.20936,1.583504698154714,0.7988177585718896,46.64826508984764,121.18232541018132,0.000992621076665158
30320.0,3.2096,1.5912923405478985,0.8011726229160546,46.58887709259629,121.3120714325315,0.0009544156944815203
30328.0,3.20984,1.5987774615657389,0.8034057236366559,46.53251342606679,121.43542233609327,0.0009170013060306335
30336.0,3.21008,1.6059666347547614,0.8055229479981059,46.47903277527664,121.55265291081845,0.0008804378154403844
30344.0,3.2103200000000003,1.6128668734703333,0.807529981044233,46.42829809996573,121.66403305378532,0.0008447753565281016
30352.0,3.21056,1.6194855561033825,0.8094322995089048,46.38017686451234,121.76982692444615,0.00081005495802521
30360.0,3.2108,1.625830355222438,0.8112351679269766,46.334541223978775,121.8702919001317,0.0007763092235311285
30368.0,3.2110399999999997,1.6319091725918455,0.8129436371108232,46.29126811884423,121.96567779266002,0.0007435630192758305
30376.0,3.21128,1.6377300803542996,0.8145625447095812,46.25023932481224,122.0562265183398,0.0007118341445361492
30384.0,3.21152,1.6433012668322948,0.8160965171203971,46.21134145729124,122.14217175803981,0.0006811339912589642
30392.0,3.21176,1.648630987965509,0.8175499728024064,46.174465944155926,122.22373868832435,0.0006514681751051595
30400.0,3.2119999999999997,1.6537275232334936,0.8189271264825728,46.13950896495289,122.30114384459625,0.0006228371437030275
30408.0,3.21224,1.6585991364218737,0.820231994205466,46.10637136412609,122.37459506196687,0.0005952367532369071
30416.0,3.21248,1.6632540426147537,0.8214683994737806,46.07495853581379,122.44429153829655,0.0005686587998352379
30424.0,3.21272,1.6677003766825973,0.8226399791258566,46.04518031263852,122.51042391280417,0.0005430915314719916
30432.0,3.21296,1.6719461669108966,0.8237501898795077,46.01695083216597,122.5731744010764,0.0005185201178104226
30440.0,3.2132,1.6759993245735139,0.824802318278346,45.99018834389092,122.63271710821179,0.0004949269978620249
30448.0,3.21344,1.679867591568733,0.8257994789972399,45.96481517115292,122.68921789215953,0.000472292518866543
30456.0,3.21368,1.683558549699861,0.8267446284881237,45.94075749581983,122.74283485328046,0.00045059510810013185
30464.0,3.21392,1.6870796254116784,0.8276405764716153,45.917945177372566,122.79371876485692,0.00042981145684012036
30472.0,3.21416,1.690437989670119,0.828489970115333,45.89631174526044,122.84201251518422,0.0004099175323589012
30480.0,3.2144,1.6936407028180276,0.829295339734643,45.87579401979516,122.88785264344071,0.00039088761251196733
30488.0,3.21464,1.6966945426014133,0.8300590634967021,45.85633217830552,122.93136836792885,0.00037269587055783885
30496.0,3.21488,1.6996060938597422,0.8307833977792572,45.837869482965736,122.97268253385771,0.0003553158252009457
30504.0,3.2151199999999998,1.7023817747815988,0.8314704905015675,45.82035209910866,123.01191205952512,0.00033872028716716264
30512.0,3.21536,1.7050277167651,0.8321223577233214,45.80372904186988,123.04916758383108,0.00032288252568988017
30520.0,3.2156000000000002,1.707549901982044,0.8327409235883219,45.787952045328105,123.08455430281722,0.00030777521559204507
30528.0,3.21584,1.7099540544022729,0.8333279987809936,45.772975314066564,123.11817196649949,0.00029337156272972914
30536.0,3.21608,1.7122456928758576,0.833885298549861,45.758755502818694,123.15011516364095,0.0002796449303734498
30544.0,3.2163199999999996,1.714430143201357,0.8344144500654798,45.745251660580024,123.18047347910513,0.0002665688262141968
30552.0,3.21656,1.7165124917926857,0.8349169852683906,45.73242487005481,123.20933201955965,0.00025411750654553517
30560.0,3.2168,1.718497649094142,0.8353943599561746,45.7202384738214,123.23677112580829,0.00024226539956692352
30568.0,3.21704,1.7203903019505455,0.8358479456587506,45.70865765982854,123.26286711815135,0.00023098772994808385
30576.0,3.2172799999999997,1.7221949451766132,0.8362790403445947,45.69764951724419,123.28769223269835,0.0002202602723811484
30584.0,3.21752,1.723915894432706,0.8366888742666326,45.68718297545441,123.3113147732418,0.0002100593057469772
30592.0,3.21776,1.725557259103269,0.8370786060329262,45.67722852754887,123.33379958893283,0.00020036199577770487
30600.0,3.218,1.7271229864889266,0.8374493354322966,45.66775838444281,123.35520791069794,0.0001911459861795892
30608.0,3.2182399999999998,1.7286168368698445,0.8378020995843878,45.658746156767315,123.37559787345289,0.00018238976970114427
30616.0,3.21848,1.7300424034869941,0.8381378795730559,45.65016690521208,123.39502447910463,0.00017407252437691268
30624.0,3.21872,1.731403120468566,0.8384576040151221,45.64199711071486,123.4135396619078,0.000166174082251638
30632.0,3.21896,1.7327022585506426,0.8387621495992873,45.63421440227265,123.43119283749091,0.0001586750919743819
30640.0,3.2192,1.7339429392800498,0.8390523458248067,45.62679776690226,123.44803045539571,0.00015155683988906285
30648.0,3.21944,1.735128136436482,0.8393289765964229,45.619727224665276,123.46409670466326,0.00014480137601323594
30656.0,3.21968,1.7362606829390916,0.8395927829839309,45.612983905382045,123.47943334837379,0.00013839144394794944
30664.0,3.21992,1.7373432762943066,0.8398444655261376,45.6065500274707,123.49407978185562,0.00013231045717598502
30672.0,3.22016,1.7383784844836545,0.8400846865346322,45.60040867702245,123.50807346710744,0.00012654254196216451
30680.0,3.2203999999999997,1.739368749988805,0.8403140718724953,45.594543961315324,123.52144967186365,0.0001210724599902186
30688.0,3.22064,1.7403163972391689,0.8405332134428131,45.58894077747452,123.53424190513702,0.00011588563803309625
30696.0,3.22088,1.7412236362203217,0.8407426707102239,45.583584860626274,123.54648184240341,0.00011096812972175635
30704.0,3.22112,1.7420925666575662,0.8409429722894476,45.57846276762732,123.55819935989872,0.00010630659428906286
30712.0,3.22136,1.7429251867836761,0.8411346185273384,45.57356170827567,123.56942289518375,0.00010188828818575363
30720.0,3.2216,1.7437233912592855,0.8413180815292609,45.56886967648482,123.58017914440157,9.770104487813149e-05
30728.0,3.22184,1.7444889831869637,0.841493808380316,45.56437525478361,123.59049351096048,9.373324501314574e-05
30736.0,3.22208,1.7452236740382405,0.8416622215375767,45.56006766230077,123.6003899895309,8.997380662241329e-05
30744.0,3.22232,1.7459290862608656,0.8418237198021727,45.55593674409664,123.60989119244655,8.641217174341137e-05
30752.0,3.22256,1.7466067642137855,0.8419786811593891,45.55197283697447,123.61901863186024,8.303826186758141e-05
30760.0,3.2228,1.7472581685844781,0.8421274618032399,45.5481668679816,123.62779254320945,7.984249782263777e-05
30768.0,3.22304,1.7478846890916844,0.8422703993147846,45.54451021206134,123.63623215280369,7.681574105633217e-05
30776.0,3.22328,1.7484876432471381,0.842407812623676,45.54099472441344,123.64435562969538,7.394929722920329e-05
30784.0,3.2235199999999997,1.749068278370719,0.8425400026923534,45.537612731897866,123.65218010510674,7.123490484296317e-05
30792.0,3.22376,1.7496277814224444,0.8426672549564949,45.534356932838755,123.65972188727822,6.866468584797941e-05
30800.0,3.224,1.7501672733129017,0.8427898382113475,45.53122047517828,123.66699627123137,6.623117190315521e-05
30808.0,3.22424,1.7506878202912317,0.8429080073662096,45.528196842798955,123.67401781544524,6.392724508598612e-05
30816.0,3.22448,1.7511904322985743,0.8430220032168425,45.52527988353904,123.68080026547204,6.174614511041892e-05
30824.0,3.22472,1.7516760643314067,0.8431320528903896,45.52246380305066,123.68735656782665,5.968146142824716e-05
30832.0,3.2249600000000003,1.7521456252905179,0.843238371972527,45.519743087703986,123.69369903860425,5.772708285156636e-05
30840.0,3.2252,1.7525999721668606,0.8433411632995045,45.51711256107699,123.69983926285762,5.5877231681439936e-05
30848.0,3.22544,1.753039920155617,0.8434406193476662,45.51456730234596,123.7057882437194,5.41264030588425e-05
30856.0,3.2256799999999997,1.7534662408303936,0.8435369219088009,45.51210266495219,123.71155637852401,5.246937624587956e-05
30864.0,3.22592,1.7538796631363986,0.8436302423969471,45.50971427187457,123.71715347060238,5.0901208658634925e-05
30872.0,3.22616,1.7542808807837595,0.8437207435913474,45.507397957665965,123.72258885229964,4.9417190855099375e-05
30880.0,3.2264,1.7546705472506303,0.8438085785751536,45.50514981447801,123.72787126947372,4.801287637222947e-05
30888.0,3.2266399999999997,1.7550492840395664,0.8438938926584524,45.50296612578874,123.73300904980212,4.668403163491436e-05
30896.0,3.22688,1.7554176790884768,0.8439768230739586,45.5008433830837,123.73801005295948,4.5426645236706304e-05
30904.0,3.2271199999999998,1.7557762874953933,0.8440574991907381,45.498778282400046,123.74288167711161,4.42369234065919e-05
30912.0,3.22736,1.7561256375219634,0.8441360439102988,45.496767680062305,123.7476309602936,4.311125211816585e-05
30920.0,3.2276,1.7564662263580453,0.8442125727547359,45.49480862453281,123.75226452355786,4.204622477109609e-05
30928.0,3.22784,1.7567985268627089,0.8442871954197487,45.49289831049936,123.75678865192168,4.1038598024006274e-05
30936.0,3.22808,1.7571229861585498,0.8443600154920047,45.491034089061735,123.76120928458545,4.00853014398159e-05
30944.0,3.22832,1.7574400261530545,0.8444311305975712,45.48921346492393,123.76553202312826,3.918343424687739e-05
30952.0,3.22856,1.7577500483577693,0.8445006335112073,45.48743406354406,123.76976219873872,3.83302337577909e-05
30960.0,3.2288,1.7580534304327444,0.8445686114067895,45.48569365771811,123.7739048046274,3.752309763001437e-05
30968.0,3.22904,1.7583505315245007,0.8446351470774367,45.48399012909824,123.77796459739187,3.6759549513234705e-05
30976.0,3.22928,1.7586416911197533,0.8447003186994465,45.482321478179585,123.78194606453219,3.603724620179771e-05
30984.0,3.22952,1.7589272294332736,0.8447641999389226,45.48068582247778,123.78585342659883,3.535397506032292e-05
30992.0,3.2297599999999997,1.7592074511885438,0.8448268608154731,45.47908137083947,123.78969069956334,3.4707629113259505e-05
31000.0,3.23,1.759482642860916,0.8448883671016195,45.47750644161774,123.79346166169378,3.409622586289826e-05
31008.0,3.2302400000000002,1.7597530768719656,0.844948781275596,45.475959436811465,123.79716989718071,3.351787860252241e-05
31016.0,3.23048,1.7600190106598304,0.8450081623267816,45.474438847554424,123.80081879336163,3.2970803116745393e-05
31024.0,3.23072,1.7602806869643948,0.8450665658320854,45.472943252364985,123.8044115468317,3.24533159029213e-05
31032.0,3.23096,1.7605383367791592,0.84512404462627,45.47147129875786,123.80795119847645,3.196381404712197e-05
31040.0,3.2312,1.7607921771796045,0.845180648327686,45.470021718375996,123.81144059519808,3.1500789724266585e-05
31048.0,3.23144,1.7610424145807215,0.845236424074631,45.46859330475947,123.8148824504322,3.106280864863099e-05
31056.0,3.23168,1.7612892440021957,0.8452914163700496,45.46718491930966,123.81827932301803,3.0648514747195886e-05
31064.0,3.2319199999999997,1.7615328492798716,0.8453456671369453,45.46579549038578,123.82163361707275,3.0256628674301e-05
31072.0,3.23216,1.761773405350234,0.8453992162346593,45.4644239982813,123.82494762120538,2.988593248950338e-05
31080.0,3.2324,1.7620110765521713,0.8454521010875172,45.46306948571915,123.82822348842247,2.9535281475266222e-05
31088.0,3.23264,1.7622460191485465,0.8455043572525017,45.46173104322988,123.83146325965483,2.9203586473609668e-05
31096.0,3.2328799999999998,1.762478380747999,0.8455560182962415,45.4604078120984,123.83466886406273,2.8889818188095513e-05
31104.0,3.23312,1.7627083004633066,0.8456071158357423,45.45909898324748,123.83784212372807,2.8593006219462813e-05
31112.0,3.2333600000000002,1.7629359106675548,0.8456576799337009,45.45780378703254,123.84098477073579,2.8312226770854654e-05
31120.0,3.2336,1.7631613356863545,0.8457077388124387,45.456521501771995,123.8440984263358,2.8046611579540803e-05
31128.0,3.23384,1.7633846937285438,0.8457573192870828,45.45525144094757,123.84718463672331,2.7795334959282744e-05
31136.0,3.23408,1.7636060964402658,0.8458064466703372,45.4539929567642,123.85024485933083,2.755761663898891e-05
31144.0,3.23432,1.7638256490225965,0.8458551448023269,45.45274543974072,123.85328046165368,2.7332720884907607e-05
31152.0,3.23456,1.7640434515789885,0.8459034363528807,45.45150830986549,123.85629274646266,2.7119947424368727e-05
31160.0,3.2348,1.7642595981018032,0.8459513425998555,45.45028102272061,123.85928293897867,2.691863854416739e-05
31168.0,3.2350399999999997,1.7644741779578264,0.84599888376143,45.449063061188454,123.86225219971749,2.672816853603445e-05
31176.0,3.23528,1.7646872755404377,0.8460460789216093,45.44785393702122,123.86520162588891,2.6547946349560665e-05
31184.0,3.23552,1.7648989703580331,0.8460929460523898,45.44665319011327,123.8681322550492,2.637741508195673e-05
31192.0,3.23576,1.765109338062742,0.8461395022438661,45.44546038290164,123.87104507246015,2.6216044616152025e-05
31200.0,3.2359999999999998,1.7653184496792484,0.8461857635356586,45.444275105117924,123.87394100045829,2.6063336988522517e-05
31208.0,3.23624,1.7655263727318669,0.8462317451683775,45.44309696644511,123.87682091928434,2.5918818758031827e-05
31216.0,3.23648,1.7657331709809598,0.8462774615271195,45.44192559864574,123.8796856582428,2.5782042670375376e-05
31224.0,3.23672,1.7659389044891964,0.8463229261579225,45.440760655411296,123.88253599415147,2.565258712791057e-05
31232.0,3.23696,1.7661436304054627,0.846368151942657,45.439601807109966,123.88537266793631,2.5530050935298105e-05
31240.0,3.2372,1.766347402370952,0.8464131509692986,45.438448744410344,123.88819637593141,2.5414057447128683e-05
31248.0,3.23744,1.7665502713836299,0.8464579347243308,45.4373011735562,123.89100777714995,2.530424837550603e-05
31256.0,3.23768,1.766752285593079,0.8465025140487167,45.436158817193295,123.89380749482893,2.520028538898705e-05
31264.0,3.23792,1.7669534903500514,0.8465468991501188,45.43502141388356,123.89659611928535,2.510184985195692e-05
31272.0,3.23816,1.7671539288034417,0.8465910997357684,45.43388871508649,123.89937421021638,2.5008638458442726e-05
31280.0,3.2384,1.7673536414509636,0.8466351249144286,45.43276048775328,123.90214229193778,2.4920366425019218e-05
31288.0,3.23864,1.7675526667913695,0.8466789833412472,45.43163651014212,123.90490086518676,2.48367630426263e-05
31296.0,3.23888,1.7677510411708248,0.8467226831848044,45.43051657308967,123.9076504014937,2.4757572633932805e-05
31304.0,3.2391199999999998,1.7679487988204625,0.8467662321363081,45.429400479990186,123.91039134161004,2.468255422692171e-05
31312.0,3.23936,1.7681459723088322,0.8468096375100782,45.42828804364111,123.91312410667294,2.4611478561660977e-05
31320.0,3.2396000000000003,1.7683425921974096,0.8468529061684658,45.42717908843025,123.91584909193577,2.4544130466097602e-05
31328.0,3.23984,1.7685386875399967,0.8468960446325307,45.42607344762037,123.91856667117852,2.448030526726165e-05
31336.0,3.24008,1.7687342857630677,0.8469390590563709,45.42497096378148,123.92127719799727,2.441980974199651e-05
31344.0,3.2403199999999996,1.7689294126935888,0.84698195523391,45.42387148845911,123.92398100802924,2.4362461991216884e-05
31352.0,3.24056,1.7691240929034298,0.847024738675228,45.422774880589174,123.92667841880274,2.430808885900415e-05
31360.0,3.2408,1.7693183494495095,0.8470674145500046,45.42168100786822,123.929369728242,2.4256527828407802e-05
31368.0,3.24104,1.7695122042491107,0.8471099877705384,45.42058974439549,123.93205522104897,2.4207624439196193e-05
31376.0,3.2412799999999997,1.7697056780651423,0.8471524629889771,45.41950097101474,123.9347351659963,2.4161232303476776e-05
31384.0,3.24152,1.7698987903785033,0.8471948445697753,45.418414576183615,123.93740981291043,2.411721396737411e-05
31392.0,3.24176,1.770091559315025,0.8472371365741771,45.41733045591625,123.94007939673945,2.4075441611762535e-05
31400.0,3.242,1.7702840029519482,0.847279343047232,45.41624850671298,123.94274414929723,2.403578762013519e-05
31408.0,3.24224,1.7704761374746651,0.8473214676137834,45.415168635927195,123.94540427859481,2.399813775299458e-05
31416.0,3.24248,1.770667978405066,0.8473635137483624,45.41409075466672,123.94805998435929,2.3962382446513557e-05
31424.0,3.24272,1.770859540746597,0.8474054848072301,45.41301477686052,123.95071146069077,2.392841582211153e-05
31432.0,3.24296,1.7710508379907977,0.8474473838110306,45.411940625329706,123.9533588806505,2.3896142613592335e-05
31440.0,3.2432,1.7712418837185693,0.8474892137959048,45.410868222217196,123.95600242081757,2.386546693224541e-05
31448.0,3.24344,1.7714326900793351,0.8475309774806493,45.40979749793752,123.95864223826699,2.3836302996676435e-05
31456.0,3.24368,1.7716232687635927,0.8475726774800184,45.408728385549075,123.96127848395231,2.3808568241480267e-05
31464.0,3.24392,1.7718136311585675,0.8476143163389462,45.4076608198956,123.96391130401568,2.37821821998231e-05
31472.0,3.24416,1.7720037874200183,0.8476558963297417,45.40659474283081,123.96654082990203,2.375707314355065e-05
31480.0,3.2443999999999997,1.7721937478044008,0.8476974197436955,45.4055300957326,123.96916719276946,2.3733168554902608e-05
31488.0,3.24464,1.772383521504949,0.8477388886367596,45.40446682604109,123.97179051063631,2.371040345772488e-05
31496.0,3.24488,1.7725731173507948,0.8477803049826348,45.403404883267335,123.97441089695725,2.3688715440827056e-05
31504.0,3.24512,1.7727625439039687,0.8478216706940899,45.40234421839591,123.97702846234927,2.366804398453653e-05
31512.0,3.24536,1.7729518088438465,0.847862987488712,45.40128478755057,123.97964330518009,2.3648334792995367e-05
31520.0,3.2456,1.773140919885267,0.8479042570895582,45.400226546527804,123.98225552542677,2.3629533336955166e-05
31528.0,3.24584,1.7733298839516358,0.8479454810447858,45.399169455712816,123.98486521238829,2.3611590676233777e-05
31536.0,3.24608,1.7735187076919752,0.8479866608406854,45.39811347705708,123.98747245180957,2.3594459802945957e-05
31544.0,3.24632,1.773707397562524,0.8480277979195712,45.39705857363395,123.99007732666874,2.3578095052995745e-05
31552.0,3.2465599999999997,1.7738959593372745,0.8480688935731983,45.39600471238666,123.9926799116028,2.3562455614439815e-05
31560.0,3.2468,1.774084398840337,0.8481099491025459,45.39495186003219,123.99528028115358,2.3547500275938267e-05
31568.0,3.24704,1.774272721286402,0.8481509656741809,45.39389998674495,123.99787850235299,2.3533192161029337e-05
31576.0,3.24728,1.7744609314984563,0.8481919443678734,45.39284906493616,124.0004746371613,2.351949716938553e-05
31584.0,3.2475199999999997,1.7746490344098576,0.848232886286003,45.391799066365465,124.0030687491194,2.350638040469261e-05
31592.0,3.24776,1.774837035243394,0.8482737925924771,45.39074996116633,124.00566090528771,2.3493804878979255e-05
31600.0,3.248,1.775024936847337,0.8483146639332783,45.389701732975,124.00825114242524,2.3481750550903415e-05
31608.0,3.24824,1.775212744082903,0.8483555013911804,45.38865435397623,124.01083952302355,2.347018298823025e-05
31616.0,3.24848,1.7754004607845537,0.8483963058243974,45.387607802214134,124.01342609670783,2.345907507183183e-05
31624.0,3.24872,1.775588089956665,0.848437077909679,45.386562060476315,124.01601090279338,2.344840559347546e-05
31632.0,3.24896,1.7757756358904264,0.8484778186023884,45.38551710419342,124.01859399652834,2.3438144151553973e-05
31640.0,3.2492,1.7759631008347827,0.848518528413228,45.3844729203909,124.02117540637259,2.3428274935859293e-05
31648.0,3.24944,1.7761504884747203,0.8485592081639395,45.38342948795661,124.02375517990976,2.3418771851191345e-05
31656.0,3.2496799999999997,1.7763378017982518,0.8485998585239692,45.38238678974846,124.02633335562709,2.340961377096816e-05
31664.0,3.24992,1.7765250429665467,0.848640479982547,45.38134481334703,124.02890996133657,2.340078546357131e-05
31672.0,3.25016,1.7767122147387082,0.8486810731579293,45.380303542915705,124.03148503255207,2.3392267420044607e-05
31680.0,3.2504,1.7768993196456906,0.8487216386181196,45.37926296389722,124.03405860224893,2.3384041760690336e-05
31688.0,3.2506399999999998,1.777086359930618,0.8487621768680168,45.37822306339217,124.03663069948435,2.3376092648482356e-05
31696.0,3.25088,1.7772733377324712,0.8488026883893108,45.37718382907943,124.03920135185103,2.336840498907206e-05
31704.0,3.25112,1.7774602550886662,0.8488431736410774,45.37614524919481,124.0417705852933,2.3360964415263747e-05
31712.0,3.25136,1.7776471138528271,0.8488836330420151,45.37510731303577,124.04433842376672,2.3353757862140975e-05
31720.0,3.2516,1.7778339159027166,0.8489240670155097,45.374070009814396,124.04690489188582,2.334677206656008e-05
31728.0,3.25184,1.7780206628960793,0.8489644759368048,45.37303332995686,124.04947001111975,2.333999534762099e-05
31736.0,3.25208,1.7782073564409842,0.8490048601699207,45.37199726416687,124.05203380233222,2.3333416376296477e-05
31744.0,3.25232,1.7783939981256316,0.8490452200741169,45.37096180323713,124.05459628607176,2.3327023969325438e-05
31752.0,3.25256,1.77858058934695,0.8490855559668538,45.36992693907729,124.05715748055097,2.3320808296780874e-05
31760.0,3.2528,1.7787671314243199,0.8491258681484318,45.36889266402104,124.05971740277911,2.3314760085676085e-05
31768.0,3.25304,1.778953625832045,0.8491661569522331,45.367858969528484,124.06227607190318,2.3308868946362057e-05
31776.0,3.25328,1.7791400737756582,0.8492064226531798,45.36682584858071,124.06483350361695,2.330312641208063e-05
31784.0,3.25352,1.7793264761905812,0.8492466654675402,45.36579329568786,124.06738971016915,2.3297525949536294e-05
31792.0,3.2537599999999998,1.7795128344700983,0.8492868857101112,45.36476130276793,124.06994470963723,2.329205773782878e-05
31800.0,3.254,1.7796991493564782,0.8493270835548536,45.36372986543564,124.07249851202297,2.3286716617918232e-05
31808.0,3.2542400000000002,1.7798854220353053,0.849367259271111,45.36269897678603,124.07505113278218,2.328149425109221e-05
31816.0,3.25448,1.7800716534421175,0.849407413073981,45.36166863132556,124.07760258413582,2.3276384090596834e-05
31824.0,3.25472,1.7802578443018122,0.8494475451328958,45.36063882474654,124.08015287552901,2.3271381100716432e-05
31832.0,3.2549599999999996,1.7804439956704172,0.8494876556884139,45.35960955087872,124.08270202079699,2.3266477862172853e-05
31840.0,3.2552,1.7806301080872633,0.8495277448695098,45.35858080647853,124.08525002712975,2.3261670660659454e-05
31848.0,3.25544,1.7808161824533186,0.8495678128828589,45.35755258625004,124.0877969063284,2.3256953185671644e-05
31856.0,3.25568,1.7810022194724884,0.8496078598924629,45.35652488601253,124.09034266771081,2.3252320538782085e-05
31864.0,3.2559199999999997,1.7811882196848872,0.8496478860268778,45.355497702511094,124.09288731854055,2.32477689959481e-05
31872.0,3.25616,1.7813741838869586,0.8496878914696344,45.35447103104248,124.09543086929091,2.3243292989404295e-05
31880.0,3.2564,1.7815601124903702,0.8497278763212994,45.35344486907742,124.09797332553875,2.323888971401801e-05
31888.0,3.25664,1.78174600617314,0.8497678407395688,45.35241921258178,124.10051469626617,2.323455444888039e-05
31896.0,3.2568799999999998,1.7819318654686238,0.8498077848508568,45.35139405833894,124.10305498860372,2.3230283510663103e-05
31904.0,3.25712,1.7821176907900982,0.8498477087556277,45.3503694038109,124.1055942081443,2.3226074077475285e-05
31912.0,3.25736,1.7823034827386774,0.8498876125945595,45.34934524539807,124.10813236288644,2.3221921975627754e-05
31920.0,3.2576,1.7824892416299398,0.8499274964468589,45.34832158111169,124.11066945719752,2.32178250835645e-05
31928.0,3.25784,1.78267496797784,0.8499673604342104,45.347298407844484,124.11320549796254,2.3213779851187038e-05
31936.0,3.25808,1.7828606621877396,0.8500072046548511,45.34627572310121,124.11574049068902,2.32097835083378e-05
31944.0,3.25832,1.78304632457458,0.8500470291875067,45.34525352489623,124.11827443973769,2.320583393434587e-05
31952.0,3.25856,1.7832319555948952,0.8500868341411654,45.344231810445976,124.12080735126494,2.3201927988168263e-05
31960.0,3.2588,1.7834175554896845,0.8501266195784868,45.34321057818176,124.12333922868844,2.3198064079018835e-05
31968.0,3.2590399999999997,1.7836031246497497,0.8501663855941533,45.342189825690475,124.12587007733038,2.3194239536697106e-05
31976.0,3.25928,1.7837886633840447,0.8502061322652013,45.34116955102028,124.12839990147232,2.319045227913399e-05
31984.0,3.25952,1.7839741719334248,0.8502458596539937,45.340149752603125,124.13092870452999,2.3186700713742317e-05
31992.0,3.25976,1.7841596506453568,0.8502855678456402,45.33913042827015,124.13345649127464,2.318298247914864e-05
32000.0,3.26,1.7843450999346901,0.8503252569395667,45.33811157529421,124.13598326763525,2.3179294793892716e-05
32008.0,3.26024,1.7845305196293557,0.8503649269095284,45.337093194798506,124.13850903116605,2.3175638901871503e-05
32016.0,3.26048,1.7847159101376597,0.8504045778534307,45.3360752841509,124.14103378766943,2.3172012045812194e-05
32024.0,3.26072,1.784901272031507,0.8504442099040335,45.33505783966044,124.14355754527755,2.3168410339098457e-05
32032.0,3.26096,1.7850866049627356,0.8504838229973086,45.33404086357409,124.14608029903974,2.3164836244245048e-05
32040.0,3.2612,1.7852719097219027,0.85052341731259,45.333024350564315,124.1486020601796,2.3161284447628968e-05
32048.0,3.26144,1.7854571860389539,0.8505629928024745,45.332008302450994,124.15112282486315,2.3157756843253693e-05
32056.0,3.26168,1.7856424340873995,0.8506025495143279,45.330992718046,124.1536425957103,2.315425231721396e-05
32064.0,3.26192,1.7858276543155398,0.8506420875541101,45.32997759428745,124.15616137942425,2.31507678947566e-05
32072.0,3.2621599999999997,1.7860128467581862,0.850681606939429,45.32896293093759,124.15867917652555,2.3147303397555133e-05
32080.0,3.2624,1.7861980115031892,0.8507211076991893,45.32794872728386,124.16119598836573,2.314385833015094e-05
32088.0,3.26264,1.7863831487163977,0.8507605898788967,45.32693498218161,124.16371181742869,2.314043163139286e-05
32096.0,3.26288,1.7865682585484381,0.8508000535207605,45.325921694572266,124.1662266660417,2.3137022349307825e-05
32104.0,3.26312,1.7867533411463492,0.8508394986661776,45.32490886341916,124.16874053655488,2.313362955665606e-05
32112.0,3.26336,1.7869383966580186,0.8508789253566794,45.32389648767744,124.17125343120219,2.313025232089341e-05
32120.0,3.2636000000000003,1.7871234251900059,0.8509183336249502,45.322884566526795,124.17376535154328,2.31268900102968e-05
32128.0,3.26384,1.7873084268855732,0.8509577235114517,45.32187309894861,124.17627629977606,2.3123541724771417e-05
32136.0,3.26408,1.7874934019097395,0.8509970950612311,45.320862083705364,124.17878627851915,2.3120206442612936e-05
32144.0,3.2643199999999997,1.7876783503085556,0.8510364482939741,45.31985152039768,124.18129528861596,2.3116883937820038e-05
32152.0,3.26456,1.787863272033896,0.8510757832093186,45.31884140941368,124.18380332924735,2.311357456835022e-05
32160.0,3.2648,1.788048167518503,0.8511150999091466,45.31783174744892,124.18631040748552,2.3110275586882586e-05
32168.0,3.26504,1.7882330366145511,0.8511543983718217,45.31682253563221,124.18881652091463,2.310698800372318e-05
32176.0,3.2652799999999997,1.7884178794364907,0.8511936786314682,45.315813773009204,124.19132167144926,2.310371116126839e-05
32184.0,3.26552,1.788602696165336,0.8512329407363117,45.314805458088166,124.1938258621079,2.310044398134364e-05
32192.0,3.2657599999999998,1.7887874866908902,0.851272184672688,45.31379759177723,124.19632909105296,2.309718720554706e-05
32200.0,3.266,1.7889722512537038,0.8513114105014092,45.31279017203835,124.19883136255889,2.3093939403834307e-05
32208.0,3.26624,1.7891569898792021,0.851350618237567,45.3117831986561,124.20133267707749,2.309070047186908e-05
32216.0,3.26648,1.7893417026213334,0.8513898079022902,45.31077667113872,124.20383303560158,2.308747014226959e-05
32224.0,3.26672,1.789526389528289,0.851428979515467,45.30977058900286,124.20633243906151,2.3084248198039657e-05
32232.0,3.26696,1.7897110506727714,0.8514681331021625,45.30876495162672,124.20883088875489,2.3081034245028523e-05
32240.0,3.2672,1.7898956861231428,0.8515072686864964,45.3077597584097,124.2113283860003,2.3077827921380578e-05
32248.0,3.26744,1.7900802959442121,0.8515463862918115,45.30675500877427,124.21382493198615,2.307462888960961e-05
32256.0,3.26768,1.7902648801963337,0.8515854859404832,45.30575070216864,124.2163205278181,2.3071436843957122e-05
32264.0,3.26792,1.790449438934037,0.8516245676536324,45.304746838075225,124.21881517448185,2.306825152009442e-05
32272.0,3.26816,1.7906339722220845,0.8516636314545245,45.30374341591626,124.22130887317763,2.3065072580430446e-05
32280.0,3.2683999999999997,1.7908184801432838,0.8517026773702202,45.30274043483431,124.22380162563803,2.306189962319399e-05
32288.0,3.26864,1.791002962663371,0.8517417054029889,45.30173789517662,124.22629343116125,2.3058732889429885e-05
32296.0,3.2688800000000002,1.7911874198637205,0.8517807155795557,45.30073579615007,124.22878429137371,2.3055571966446647e-05
32304.0,3.26912,1.7913718518583381,0.8518197079335156,45.29973413663947,124.23127420856116,2.3052416256888783e-05
32312.0,3.26936,1.7915562585778195,0.8518586824596694,45.298732917323726,124.23376318133208,2.304926620571826e-05
32320.0,3.2696,1.7917406401861755,0.85189763920214,45.29773213642425,124.23625121314592,2.3046120996168664e-05
32328.0,3.26984,1.7919249966273796,0.8519365781585323,45.29673179454861,124.23873830282095,2.3042980974709765e-05
32336.0,3.27008,1.7921093279396072,0.8519754993463481,45.29573189126728,124.24122445122492,2.303984599549527e-05
32344.0,3.27032,1.7922936342205749,0.852014402795639,45.29473242548694,124.24370966055426,2.303671560434527e-05
32352.0,3.2705599999999997,1.792477915477871,0.8520532885174099,45.29373339712271,124.24619393097954,2.3033589812028927e-05
32360.0,3.2708,1.7926621717354896,0.8520921565261178,45.292734805832254,124.24867726312577,2.303046857220677e-05
32368.0,3.27104,1.792846403030093,0.8521310068388788,45.29173665119759,124.25115965782605,2.3027351748327536e-05
32376.0,3.27128,1.7930306093979946,0.8521698394727198,45.29073893280138,124.25364111592384,2.302423920672653e-05
32384.0,3.2715199999999998,1.7932147908773943,0.8522086544450503,45.28974165021342,124.25612163831218,2.302113080082349e-05
32392.0,3.27176,1.793398947502394,0.8522474517724004,45.28874480303077,124.25860122578486,2.301802641202191e-05
32400.0,3.2720000000000002,1.7935830793044103,0.8522862314707199,45.28774839087249,124.26107987903285,2.301492593847117e-05
32408.0,3.27224,1.7937671863185043,0.8523249935567121,45.286752413329694,124.26355759886916,2.3011829254611217e-05
32416.0,3.27248,1.7939512685754453,0.8523637380461621,45.28575687001867,124.26603438604651,2.3008736265487136e-05
32424.0,3.27272,1.7941353261016688,0.8524024649539291,45.284761760579926,124.26851024126957,2.3005646907532497e-05
32432.0,3.27296,1.7943193589307953,0.8524411742963713,45.28376708461432,124.27098516531713,2.300256106468273e-05
32440.0,3.2732,1.7945033670854957,0.85247986608753,45.2827728417837,124.27345915885792,2.299947870041767e-05
32448.0,3.27344,1.7946873505960534,0.8525185403430349,45.28177903170739,124.2759322226366,2.2996399722798506e-05
32456.0,3.2736799999999997,1.7948713094892628,0.8525571970777691,45.28078565402547,124.27840435734902,2.2993324064696845e-05
32464.0,3.27392,1.7950552437892366,0.8525958363060396,45.27979270839446,124.28087556364794,2.2990251677808733e-05
32472.0,3.27416,1.795239153524169,0.8526344580429988,45.278800194445566,124.28334584225485,2.298718248505385e-05
32480.0,3.2744,1.7954230387170478,0.8526730623026928,45.27780811184172,124.28581519381393,2.2984116446097175e-05
32488.0,3.2746399999999998,1.7956068993942784,0.8527116490998735,45.276816460225184,124.28828361901763,2.2981053496268222e-05
32496.0,3.27488,1.7957907355804241,0.8527502184488939,45.27582523924909,124.2907511185377,2.2977993584012548e-05
32504.0,3.27512,1.7959745472985214,0.8527887703637745,45.27483444857548,124.29321769303047,2.2974936668625058e-05
32512.0,3.27536,1.7961583345739913,0.8528273048590247,45.27384408785253,124.2956833431754,2.2971882692207624e-05
32520.0,3.2756,1.7963420974284154,0.8528658219483363,45.27285415675106,124.29814806960539,2.296883162424453e-05
32528.0,3.27584,1.796525835886086,0.8529043216459582,45.27186465492583,124.30061187298796,2.296578341477266e-05
32536.0,3.27608,1.7967095499697643,0.852942803965807,45.27087558204115,124.30307475396835,2.2962738024527123e-05
32544.0,3.27632,1.7968932397009232,0.8529812689215175,45.26988693776956,124.30553671317222,2.2959695423140235e-05
32552.0,3.27656,1.7970769051030617,0.853019716527138,45.2688987217706,124.30799775125651,2.2956655566076635e-05
32560.0,3.2767999999999997,1.7972605461965723,0.8530581467960547,45.26791093372367,124.31045786883267,2.295361843036087e-05
32568.0,3.27704,1.7974441630040108,0.853096559742096,45.26692357329436,124.31291706654332,2.2950583977881462e-05
32576.0,3.27728,1.7976277555467548,0.8531349553788319,45.26593664015547,124.31537534501587,2.2947552178785733e-05
32584.0,3.27752,1.7978113238452027,0.8531733337196171,45.264950133985685,124.31783270486562,2.2944523010107495e-05
32592.0,3.27776,1.7979948679212852,0.8532116947781156,45.263964054454526,124.32028914672651,2.294149643790476e-05
32600.0,3.278,1.798178387794603,0.8532500385674937,45.26297840124647,124.32274467120212,2.293847244438929e-05
32608.0,3.2782400000000003,1.7983618834863757,0.8532883651012448,45.26199317403542,124.3251992789175,2.2935451000491743e-05
32616.0,3.27848,1.7985453550169324,0.8533266743926657,45.26100837250122,124.3276529704848,2.2932432083193498e-05
32624.0,3.27872,1.7987288024058588,0.8533649664548874,45.260023996328776,124.33010574650513,2.292941567449352e-05
32632.0,3.27896,1.798912225673905,0.8534032413012728,45.25904004519507,124.33255760759708,2.29264017483725e-05
32640.0,3.2792,1.7990956248400276,0.8534414989448006,45.25805651878984,124.33500855435173,2.292339029077069e-05
32648.0,3.27944,1.7992789999244339,0.8534797393986994,45.25707341679383,124.33745858737947,2.292038127921842e-05
32656.0,3.27968,1.7994623509466405,0.8535179626760435,45.25609073889235,124.33990770728084,2.2917374695949036e-05
32664.0,3.2799199999999997,1.799645677925587,0.8535561687897765,45.25510848477441,124.34235591464844,2.291437052713409e-05
32672.0,3.28016,1.7998289808811174,0.8535943577530196,45.25412665412331,124.34480321008715,2.291136875256135e-05
32680.0,3.2803999999999998,1.8000122598316848,0.8536325295785946,45.25314524663177,124.34724959418276,2.290836936146475e-05
32688.0,3.28064,1.800195514796712,0.8536706842795143,45.252164261985804,124.3496950675344,2.2905372336435364e-05
32696.0,3.28088,1.8003787457950846,0.8537088218686699,45.251183699875455,124.35213963073305,2.2902377663518312e-05
32704.0,3.28112,1.8005619528452412,0.8537469423588487,45.2502035599942,124.35458328436263,2.289938533161136e-05
32712.0,3.28136,1.8007451359663222,0.8537850457629744,45.249223842030055,124.35702602901827,2.289639532502336e-05
32720.0,3.2816,1.8009282951763799,0.853823132093734,45.248244545679526,124.35946786527728,2.289340763500822e-05
32728.0,3.28184,1.8011114304942266,0.8538612013639623,45.247265670633176,124.36190879372951,2.289042224786702e-05
32736.0,3.28208,1.8012945419382524,0.8538992535863962,45.24628721658475,124.36434881495822,2.2887439152617804e-05
32744.0,3.28232,1.8014776295264938,0.8539372887736892,45.24530918323059,124.36678792954127,2.2884458340529904e-05
32752.0,3.28256,1.8016606932775419,0.8539753069386,45.24433157026298,124.36922613806496,2.288147979916265e-05
32760.0,3.2828,1.8018437332091246,0.8540133080936979,45.24335437738146,124.3716634411013,2.2878503521389033e-05
32768.0,3.28304,1.8020267493395736,0.8540512922516678,45.2423776042803,124.37409983923254,2.2875529496322693e-05
32776.0,3.28328,1.8022097416868839,0.8540892594251142,45.24140125065659,124.37653533303515,2.2872557715115773e-05
32784.0,3.28352,1.8023927102687671,0.8541272096265736,45.240425316209745,124.37896992308077,2.2869588170672097e-05
32792.0,3.28376,1.802575655103379,0.8541651428686643,45.23944980063554,124.38140360994866,2.2866620853008907e-05
32800.0,3.284,1.8027585762081832,0.8542030591638513,45.238474703635255,124.38383639420718,2.2863655756528835e-05
32808.0,3.28424,1.8029414736011278,0.8542409585246903,45.237500024906346,124.3862682764321,2.2860692872470364e-05
32816.0,3.28448,1.8031243472998892,0.8542788409636706,45.23652576414869,124.38869925719463,2.2857732193629384e-05
32824.0,3.28472,1.8033071973219164,0.8543167064932249,45.235551921064285,124.39112933706188,2.285477371411246e-05
32832.0,3.28496,1.803490023685016,0.8543545551258499,45.234578495351755,124.39355851660743,2.2851817425861227e-05
32840.0,3.2851999999999997,1.8036728264064308,0.854392386873916,45.233605486715106,124.39598679639393,2.2848863324043123e-05
32848.0,3.28544,1.8038556055037993,0.8544302017498658,45.232632894854554,124.39841417699182,2.2845911401457124e-05
32856.0,3.28568,1.8040383609945363,0.8544679997660858,45.23166071947256,124.40084065896724,2.2842961652123444e-05
32864.0,3.28592,1.8042210928958677,0.8545057809349138,45.23068896027352,124.40326624288264,2.2840014071036825e-05
32872.0,3.2861599999999997,1.8044038012253165,0.8545435452687393,45.229717616958766,124.4056909293062,2.2837068651514346e-05
32880.0,3.2864,1.8045864859999345,0.8545812927798447,45.22874668923433,124.40811471879715,2.2834125389457432e-05
32888.0,3.2866400000000002,1.8047691472371052,0.8546190234805716,45.227776176802955,124.41053761192101,2.2831184278840036e-05
32896.0,3.28688,1.8049517849540233,0.8546567373832126,45.226806079369354,124.41295960923954,2.282824531461373e-05
32904.0,3.28712,1.805134399167726,0.8546944345000185,45.225836396639906,124.41538071131137,2.2825308492519574e-05
32912.0,3.28736,1.8053169898954988,0.8547321148432815,45.224867128318344,124.41780091870014,2.2822373806920106e-05
32920.0,3.2876,1.8054995571542312,0.8547697784252029,45.223898274112294,124.4202202319619,2.2819441254367463e-05
32928.0,3.28784,1.8056821009610913,0.8548074252580316,45.2229298337267,124.42263865165798,2.281651082974845e-05
32936.0,3.28808,1.8058646213330878,0.854845055353974,45.22196180686835,124.42505617834635,2.281358252870236e-05
32944.0,3.28832,1.8060471182870945,0.8548826687251999,45.22099419324567,124.42747281258211,2.28106563474606e-05
32952.0,3.28856,1.806229591840198,0.8549202653839126,45.220026992564456,124.42988855492497,2.280773228119987e-05
32960.0,3.2888,1.8064120420091418,0.8549578453422358,45.21906020453442,124.43230340592697,2.2804810326783793e-05
32968.0,3.28904,1.8065944688109115,0.8549954086123334,45.218093828862585,124.43471736614558,2.2801890479746802e-05
32976.0,3.2892799999999998,1.8067768722623532,0.855032955206331,45.21712786525769,124.4371304361351,2.279897273626171e-05
32984.0,3.28952,1.8069592523801943,0.8550704851363208,45.21616231343002,124.43954261644713,2.2796057092954676e-05
32992.0,3.28976,1.8071416091813493,0.8551079984144235,45.215197173087404,124.44195390763751,2.2793143545572923e-05
33000.0,3.29,1.8073239426824295,0.8551454950526888,45.21423244394125,124.4443643102554,2.279023209131931e-05
33008.0,3.29024,1.8075062529002606,0.8551829750632002,45.213268125700516,124.44677382485463,2.278732272623713e-05
33016.0,3.29048,1.8076885398515443,0.8552204384580071,45.2123042180757,124.4491824519863,2.2784415446900105e-05
33024.0,3.29072,1.8078708035528768,0.8552578852491275,45.21134072077865,124.45159019219909,2.2781510250326055e-05
33032.0,3.29096,1.808053044021021,0.8552953154486045,45.21037763351907,124.45399704604543,2.2778607132712463e-05
33040.0,3.2912,1.808235261272466,0.8553327290684154,45.20941495601078,124.45640301407025,2.277570609121593e-05
33048.0,3.29144,1.8084174553238948,0.8553701261205683,45.20845268796457,124.45880809682403,2.2772807122271404e-05
33056.0,3.29168,1.8085996261918775,0.8554075066170387,45.20749082909273,124.46121229485438,2.27699102227425e-05
33064.0,3.29192,1.8087817738928875,0.855444870569773,45.206529379108794,124.4636156087066,2.2767015389906096e-05
33072.0,3.29216,1.8089638984435505,0.8554822179907398,45.20556833772442,124.46601803892959,2.2764122620224895e-05
33080.0,3.2923999999999998,1.809145999860242,0.8555195488918464,45.20460770465459,124.46841958606652,2.2761231911234815e-05
33088.0,3.29264,1.8093280781595147,0.8555568632850283,45.20364747961188,124.47082025066459,2.275834325965145e-05
33096.0,3.2928800000000003,1.8095101333578185,0.85559416118219,45.202687662310154,124.47322003326863,2.2755456662615974e-05
33104.0,3.29312,1.809692165471515,0.8556314425952088,45.20172825246434,124.47561893442148,2.275257211764889e-05
33112.0,3.29336,1.8098741745171045,0.8556687075359813,45.200769249787704,124.47801695466913,2.2749689621536724e-05
33120.0,3.2936,1.8100561605108585,0.8557059560163481,45.199810653996714,124.48041409455188,2.274680917196033e-05
33128.0,3.29384,1.8102381234692115,0.8557431880481741,45.198852464805476,124.48281035461417,2.2743930765909786e-05
33136.0,3.29408,1.8104200634085015,0.855780403643295,45.197894681929675,124.48520573539773,2.274105440061569e-05
33144.0,3.29432,1.8106019803449842,0.8558176028135208,45.19693730508639,124.4876002374418,2.273818007353687e-05
33152.0,3.2945599999999997,1.8107838742950455,0.855854785570679,45.19598033399046,124.48999386128956,2.2735307781666474e-05
33160.0,3.2948,1.8109657452748533,0.8558919519265432,45.19502376836014,124.49238660747775,2.273243752273471e-05
33168.0,3.29504,1.8111475933007308,0.8559291018929099,45.1940676079113,124.4947784765477,2.2729569293833407e-05
33176.0,3.29528,1.811329418388909,0.8559662354815477,45.19311185236113,124.4971694690383,2.272670309239672e-05
33184.0,3.29552,1.811511220555541,0.8560033527041999,45.192156501427895,124.49955958548652,2.272383891610552e-05
33192.0,3.29576,1.8116929998169038,0.8560404535726264,45.19120155482817,124.50194882643237,2.2720976762088644e-05
33200.0,3.296,1.8118747561890667,0.8560775380985355,45.19024701228171,124.5043371924104,2.2718116628165735e-05
33208.0,3.29624,1.8120564896882472,0.8561146062936567,45.189292873505934,124.50672468395916,2.2715258511585905e-05
33216.0,3.29648,1.8122382003305753,0.8561516581696926,45.18833913821961,124.50911130161471,2.271240240987275e-05
33224.0,3.29672,1.812419888132106,0.8561886937383218,45.18738580614263,124.51149704591103,2.2709548320762637e-05
33232.0,3.29696,1.8126015531090132,0.8562257130112378,45.18643287699311,124.51388191738545,2.270669624151394e-05
33240.0,3.2972,1.8127831952772713,0.8562627160000845,45.185480350492206,124.51626591656981,2.270384617003882e-05
33248.0,3.29744,1.812964814652997,0.8562997027165261,45.18452822635892,124.51864904399984,2.2700998103691245e-05
33256.0,3.29768,1.813146411252223,0.8563366731722004,45.18357650431354,124.52103130020892,2.2698152040078066e-05
33264.0,3.29792,1.813327985090909,0.8563736273787217,45.182625184077544,124.52341268572836,2.2695307976985008e-05
33272.0,3.29816,1.8135095361851297,0.8564105653477184,45.18167426537056,124.52579320109272,2.2692465911759872e-05
33280.0,3.2984,1.8136910645507658,0.8564474870907711,45.18072374791563,124.52817284683061,2.268962584224389e-05
33288.0,3.29864,1.8138725702038367,0.8564843926194792,45.1797736314333,124.53055162347499,2.2686787765861958e-05
33296.0,3.29888,1.8140540531602796,0.8565212819454165,45.17882391564542,124.53292953155645,2.268395168027336e-05
33304.0,3.29912,1.8142355134359607,0.8565581550801339,45.17787460027487,124.53530657160364,2.2681117583353253e-05
33312.0,3.29936,1.8144169510468577,0.8565950120351957,45.1769256850429,124.53768274414826,2.267828547251111e-05
33320.0,3.2996,1.8145983660087612,0.8566318528221195,45.17597716967362,124.54005804971699,2.2675455345767042e-05
33328.0,3.29984,1.814779758337595,0.8566686774524411,45.175029053889084,124.54243248884009,2.2672627200626128e-05
33336.0,3.30008,1.8149611280492037,0.8567054859376715,45.17408133741265,124.54480606204552,2.266980103480007e-05
33344.0,3.30032,1.8151424751593634,0.8567422782892986,45.173134019968835,124.54717876985923,2.266697684614553e-05
33352.0,3.30056,1.815323799683958,0.8567790545188239,45.17218710128031,124.54955061281038,2.2664154632149077e-05
33360.0,3.3007999999999997,1.815505101638689,0.8568158146377026,45.171240581072624,124.55192159142298,2.2661334390889414e-05
33368.0,3.30104,1.8156863810393886,0.8568525586574082,45.170294459069304,124.55429170622469,2.265851611992405e-05
33376.0,3.30128,1.815867637901811,0.856889286589389,45.16934873499519,124.55666095774085,2.26556998170017e-05
33384.0,3.30152,1.8160488722416428,0.8569259984450712,45.16840340857627,124.55902934649482,2.265288548000985e-05
33392.0,3.30176,1.8162300840746775,0.8569626942358939,45.16745847953669,124.56139687301315,2.2650073106487516e-05
33400.0,3.3019999999999996,1.816411273416528,0.8569993739732508,45.16651394760358,124.56376353781708,2.2647262694497965e-05
33408.0,3.3022400000000003,1.8165924402829365,0.8570360376685531,45.16556981250196,124.5661293414316,2.2644454241644975e-05
33416.0,3.30248,1.816773584689568,0.8570726853331876,45.16462607395809,124.56849428437957,2.264164774569884e-05
33424.0,3.30272,1.8169547066520215,0.8571093169785192,45.1636827316993,124.57085836718186,2.2638843204645747e-05
33432.0,3.3029599999999997,1.8171358061860003,0.8571459326159251,45.162739785451244,124.57322159036237,2.2636040616055534e-05
33440.0,3.3032,1.817316883307031,0.8571825322567381,45.1617972349426,124.57558395443971,2.2633239977963724e-05
33448.0,3.30344,1.8174979380307665,0.8572191159123079,45.16085507989985,124.57794545993632,2.2630441287998763e-05
33456.0,3.30368,1.8176789703727843,0.8572556835939603,45.159913320050656,124.58030610737245,2.262764454400496e-05
33464.0,3.3039199999999997,1.8178599803485966,0.8572922353129993,45.158971955123675,124.58266589726645,2.2624849744027095e-05
33472.0,3.30416,1.818040967973819,0.857328771080741,45.158030984846036,124.58502483013967,2.26220568856566e-05
33480.0,3.3044000000000002,1.8182219332638918,0.8573652909084578,45.15709040894792,124.58738290650824,2.261926596692591e-05
33488.0,3.30464,1.818402876234381,0.8574017948074385,45.15615022715725,124.58974012689207,2.2616476985494306e-05
33496.0,3.30488,1.818583796900777,0.8574382827889484,45.15521043920306,124.59209649180892,2.261368993927087e-05
33504.0,3.30512,1.8187646952785075,0.8574747548642313,45.154271044815346,124.59445200177483,2.2610904826334296e-05
33512.0,3.30536,1.8189455713831006,0.857511211044543,45.153332043722656,124.5968066573086,2.2608121644319195e-05
33520.0,3.3056,1.8191264252299126,0.8575476513410956,45.152393435656705,124.59916045892365,2.260534039123025e-05
33528.0,3.30584,1.819307256834423,0.8575840757651179,45.15145522034684,124.60151340713735,2.2602561064760662e-05
33536.0,3.3060799999999997,1.8194880662120372,0.8576204843278151,45.15051739752367,124.6038655024647,2.2599783662779422e-05
33544.0,3.30632,1.819668853378096,0.8576568770403711,45.14957996691893,124.6062167454186,2.259700818328504e-05
33552.0,3.30656,1.8198496183480424,0.8576932539139813,45.14864292826263,124.60856713651528,2.2594234623915214e-05
33560.0,3.3068,1.8200303611371478,0.8577296149597987,45.1477062812873,124.61091667626648,2.2591462982936756e-05
33568.0,3.3070399999999998,1.8202110817608061,0.857765960188992,45.14677002572374,124.61326536518698,2.258869325803671e-05
33576.0,3.30728,1.8203917802343383,0.8578022896127071,45.14583416130398,124.6156132037894,2.2585925447124148e-05
33584.0,3.3075200000000002,1.8205724565730022,0.8578386032420683,45.14489868776119,124.61796019258456,2.2583159548176e-05
33592.0,3.30776,1.820753110792155,0.857874901088212,45.143963604826716,124.62030633208629,2.258039555891014e-05
33600.0,3.308,1.8209337429069858,0.8579111831622318,45.14302891223475,124.62265162280295,2.257763347748545e-05
33608.0,3.3082399999999996,1.8211143529328035,0.8579474494752373,45.14209460971749,124.62499606524689,2.257487330163214e-05
33616.0,3.3084800000000003,1.8212949408848453,0.8579837000383151,45.14116069700839,124.62733965992827,2.2572115029265457e-05
33624.0,3.30872,1.8214755067782857,0.858019934862531,45.14022717384198,124.62968240735547,2.2569358658399336e-05
33632.0,3.30896,1.8216560506283979,0.8580561539589621,45.13929403995106,124.63202430803969,2.256660418674857e-05
33640.0,3.3091999999999997,1.8218365724502887,0.8580923573386435,45.13836129507081,124.63436536248767,2.2563851612635483e-05
33648.0,3.30944,1.8220170722591837,0.8581285450126263,45.13742893893481,124.63670557120929,2.256110093383347e-05
33656.0,3.30968,1.8221975500702374,0.8581647169919383,45.13649697127791,124.63904493471232,2.2558352148245432e-05
33664.0,3.30992,1.822378005898543,0.8582008732875872,45.13556539183611,124.6413834535026,2.2555605253872974e-05
33672.0,3.3101599999999998,1.8225584397592907,0.8582370139105915,45.134634200343534,124.64372112808904,2.2552860248467895e-05
33680.0,3.3104,1.8227388516675052,0.8582731388719284,45.13370339653706,124.64605795897519,2.2550117130266172e-05
33688.0,3.31064,1.8229192416383297,0.8583092481825904,45.132772980151664,124.64839394666849,2.254737589702269e-05
33696.0,3.31088,1.8230996096868368,0.8583453418535475,45.13184295092351,124.65072909167428,2.254463654670512e-05
33704.0,3.31112,1.8232799558280373,0.8583814198957491,45.13091330858981,124.65306339449617,2.2541899077389076e-05
33712.0,3.3113599999999996,1.8234602800770392,0.8584174823201559,45.129984052886094,124.65539685564048,2.2539163486838696e-05
33720.0,3.3116,1.8236405824487842,0.8584535291376868,45.12905518355127,124.65772947560772,2.2536429773055576e-05
33728.0,3.31184,1.8238208629583337,0.8584895603592766,45.128126700321744,124.66006125490281,2.2533697933819268e-05
33736.0,3.31208,1.824001121620677,0.8585255759958372,45.12719860293491,124.66239219402863,2.253096796714371e-05
33744.0,3.3123199999999997,1.8241813584507434,0.8585615760582606,45.12627089112889,124.66472229348653,2.2528239871329642e-05
33752.0,3.31256,1.8243615734635577,0.8585975605574492,45.12534356464074,124.66705155378021,2.2525513644101107e-05
33760.0,3.3128,1.8245417666739838,0.8586335295042654,45.12441662321002,124.66937997540971,2.2522789283715675e-05
33768.0,3.31304,1.824721938097001,0.8586694829095863,45.12349006657438,124.67170755887763,2.2520066788014573e-05
33776.0,3.31328,1.824902087747519,0.858705420784267,45.12256389447269,124.6740343046844,2.2517346155002487e-05
33784.0,3.31352,1.825082215640389,0.8587413431391425,45.12163810664491,124.67636021332841,2.2514627382761195e-05
33792.0,3.3137600000000003,1.8252623217905548,0.8587772499850583,45.12071270282926,124.67868528531137,2.2511910469113434e-05
33800.0,3.314,1.8254424062127999,0.8588131413328198,45.119787682767125,124.68100952112925,2.250919541215331e-05
33808.0,3.31424,1.8256224689220233,0.8588490171932471,45.118863046197596,124.68333292128217,2.2506482209706648e-05
33816.0,3.31448,1.8258025099330537,0.8588848775771383,45.117938792860954,124.68565548626806,2.2503770859771954e-05
33824.0,3.31472,1.8259825292606597,0.8589207224952712,45.11701492249849,124.68797721658309,2.2501061360471104e-05
33832.0,3.31496,1.826162526919706,0.8589565519584348,45.11609143484995,124.6902981127262,2.2498353709586736e-05
33840.0,3.3152,1.8263425029248963,0.8589923659773778,45.115168329656946,124.69261817519288,2.24956479056293e-05
33848.0,3.3154399999999997,1.8265224572910495,0.859028164562864,45.1142456066599,124.69493740448084,2.2492943946470872e-05
33856.0,3.31568,1.8267023900329153,0.8590639477256349,45.11332326560049,124.6972558010858,2.2490241830082204e-05
33864.0,3.31592,1.8268823011651856,0.8590997154764126,45.1124013062217,124.69957336550146,2.248754155444023e-05
33872.0,3.31616,1.8270621907026448,0.8591354678259298,45.11147972826439,124.7018900982248,2.248484311742935e-05
33880.0,3.3164,1.8272420586599176,0.859171204784879,45.11055853147231,124.70420599974699,2.2482146517288637e-05
33888.0,3.3166399999999996,1.827421905051744,0.8592069263639677,45.10963771558725,124.7065210705634,2.2479451751865485e-05
33896.0,3.3168800000000003,1.827601729892794,0.8592426325738814,45.1087172803522,124.70883531116725,2.2476758819167664e-05
33904.0,3.31712,1.8277815331976786,0.8592783234252862,45.1077972255112,124.71114872204994,2.247406771732013e-05
33912.0,3.31736,1.8279613149811034,0.8593139989288585,45.106877550806615,124.71346130370567,2.2471378444136355e-05
33920.0,3.3175999999999997,1.8281410752576148,0.8593496590952353,45.10595825598299,124.7157730566249,2.2468690998083624e-05
33928.0,3.31784,1.8283208140418732,0.8593853039350682,45.10503934078343,124.7180839813006,2.2466005377034e-05
33936.0,3.31808,1.8285005313484712,0.8594209334589873,45.104120804952025,124.7203940782241,2.246332157908161e-05
33944.0,3.31832,1.8286802271919451,0.8594565476776037,45.103202648233726,124.72270334788533,2.2460639602496348e-05
33952.0,3.3185599999999997,1.8288599015869211,0.8594921466015383,45.102284870372095,124.72501179077648,2.2457959445153373e-05
33960.0,3.3188,1.8290395545478706,0.8595277302413733,45.10136747111392,124.7273194073839,2.245528110515914e-05
33968.0,3.31904,1.829219186089376,0.859563298607705,45.10045045020351,124.72962619819849,2.2452604580428897e-05
33976.0,3.31928,1.8293987962259524,0.8595988517111083,45.09953380738649,124.73193216370869,2.2449929868995078e-05
33984.0,3.31952,1.829578384972056,0.8596343895621388,45.098617542409556,124.73423730440089,2.2447256968998062e-05
33992.0,3.31976,1.8297579523422363,0.8596699121713625,45.09770165501774,124.73654162076471,2.244458587826675e-05
34000.0,3.32,1.8299374983508847,0.8597054195493059,45.09678614495856,124.73884511328546,2.2441916595132714e-05
34008.0,3.32024,1.8301170230125057,0.8597409117065107,45.09587101197783,124.74114778245132,2.2439249117489624e-05
34016.0,3.32048,1.8302965263415363,0.8597763886534966,45.0949562558222,124.74344962874892,2.2436583443487103e-05
34024.0,3.3207199999999997,1.8304760083523575,0.8598118504007649,45.09404187623902,124.7457506526636,2.2433919571490657e-05
34032.0,3.32096,1.8306554690594399,0.8598472969588263,45.09312787297457,124.7480508546827,2.243125749939703e-05
34040.0,3.3212,1.8308349084771016,0.8598827283381542,45.092214245777974,124.75035023528896,2.2428597225414447e-05
34048.0,3.32144,1.8310143266197703,0.8599181445492349,45.09130099439616,124.75264879496864,2.2425938747498247e-05
34056.0,3.3216799999999997,1.8311937235018072,0.8599535456025343,45.090388118577245,124.75494653420566,2.2423282063730207e-05
34064.0,3.32192,1.8313730991375172,0.8599889315084994,45.08947561807041,124.75724345348196,2.242062717230622e-05
34072.0,3.3221600000000002,1.8315524535412948,0.8600243022775869,45.0885634926232,124.75953955328268,2.2417974071126112e-05
34080.0,3.3224,1.831731786727381,0.8600596579202153,45.08765174198588,124.76183483408833,2.241532275847829e-05
34088.0,3.32264,1.8319110987101268,0.8600949984468174,45.08674036590677,124.7641292963826,2.241267323228417e-05
34096.0,3.32288,1.8320903895038179,0.8601303238678049,45.08582936413515,124.76642294064749,2.2410025490714964e-05
34104.0,3.3231200000000003,1.8322696591226826,0.8601656341935705,45.084918736421045,124.76871576736362,2.2407379532117676e-05
34112.0,3.32336,1.8324489075810395,0.8602009294345172,45.084008482513326,124.77100777701376,2.2404735354398302e-05
34120.0,3.3236,1.832628134893055,0.8602362096010101,45.08309860216381,124.77329897007576,2.24020929557404e-05
34128.0,3.3238399999999997,1.8328073410730041,0.8602714747034279,45.082189095122004,124.77558934703117,2.2399452334145556e-05
34136.0,3.32408,1.8329865261350962,0.8603067247521287,45.08127996113865,124.77787890835943,2.2396813487692475e-05
34144.0,3.32432,1.8331656900934845,0.8603419597574519,45.080371199965406,124.78016765453799,2.2394176414635642e-05
34152.0,3.32456,1.8333448329624114,0.8603771797297464,45.07946281135245,124.78245558604733,2.2391541112862542e-05
34160.0,3.3247999999999998,1.8335239547559679,0.8604123846793241,45.07855479505235,124.78474270336385,2.2388907580797282e-05
34168.0,3.32504,1.833703055488353,0.8604475746165102,45.077647150815984,124.78702900696663,2.2386275816389028e-05
34176.0,3.3252800000000002,1.8338821351737022,0.8604827495516096,45.07673987839511,124.78931449733335,2.238364581785526e-05
34184.0,3.32552,1.8340611938260951,0.8605179094949089,45.07583297754223,124.79159917494032,2.2381017583573816e-05
34192.0,3.32576,1.8342402314596986,0.8605530544567038,45.07492644800868,124.79388304026588,2.237839111152779e-05
34200.0,3.3259999999999996,1.8344192480885315,0.8605881844472536,45.07402028954905,124.79616609378311,2.2375766399814385e-05
34208.0,3.32624,1.8345982437267185,0.8606232994768306,45.07311450191537,124.79844833596917,2.237314344645987e-05
34216.0,3.32648,1.8347772183883202,0.8606583995556866,45.072209084860745,124.8007297672991,2.2370522249629296e-05
34224.0,3.32672,1.834956172087342,0.8606934846940555,45.07130403813904,124.80301038824616,2.236790280770667e-05
34232.0,3.3269599999999997,1.8351351048378766,0.8607285549021804,45.070399361502986,124.80529019928636,2.2365285118613405e-05
34240.0,3.3272,1.8353140166538684,0.8607636101902677,45.069495054707815,124.80756920089172,2.236266918071192e-05
34248.0,3.32744,1.835492907549368,0.860798650568537,45.06859111750686,124.80984739353698,2.2360054991997656e-05
34256.0,3.32768,1.8356717775383622,0.8608336760471881,45.06768754965462,124.81212477769496,2.235744255061715e-05
34264.0,3.3279199999999998,1.8358506266347823,0.8608686866364019,45.066784350906566,124.81440135383667,2.23548318548218e-05
34272.0,3.32816,1.8360294548526472,0.8609036823463694,45.06588152101661,124.816677122436,2.2352222902573117e-05
34280.0,3.3284000000000002,1.8362082622058278,0.8609386631872445,45.06497905974102,124.81895208396222,2.234961569231987e-05
34288.0,3.32864,1.8363870487083005,0.8609736291691948,45.064076966834456,124.82122623888782,2.2347010222054405e-05
34296.0,3.32888,1.836565814373979,0.8610085803023677,45.06317524205249,124.82349958768373,2.23444064899942e-05
34304.0,3.32912,1.8367445592167224,0.8610435165968924,45.06227388515153,124.82577213081952,2.2341804494501678e-05
34312.0,3.32936,1.8369232832504765,0.8610784380629078,45.06137289588668,124.8280438687668,2.2339204233584598e-05
34320.0,3.3296,1.8371019864890394,0.8611133447105161,45.060472274016,124.83031480199216,2.2336605705472775e-05
34328.0,3.32984,1.8372806689463153,0.8611482365498331,45.0595720192953,124.83258493096606,2.233400890819865e-05
34336.0,3.3300799999999997,1.8374593306361444,0.8611831135909542,45.05867213148135,124.83485425615712,2.2331413840025955e-05
34344.0,3.33032,1.837637971572314,0.8612179758439574,45.05777261033164,124.83712277803244,2.232882049937262e-05
34352.0,3.33056,1.8378165917686962,0.8612528233189295,45.05687345560257,124.83939049706143,2.2326228884227912e-05
34360.0,3.3308,1.8379951912390189,0.8612876560259217,45.05597466705297,124.84165741370965,2.2323638992994337e-05
34368.0,3.33104,1.8381737699971137,0.8613224739749982,45.055076244439825,124.84392352844542,2.232105082375677e-05
34376.0,3.33128,1.8383523280567493,0.8613572771762031,45.054178187521345,124.8461888417349,2.2318464374667916e-05
34384.0,3.3315200000000003,1.8385308654316408,0.8613920656395633,45.053280496056786,124.84845335404235,2.2315879643966837e-05
34392.0,3.33176,1.8387093821355887,0.8614268393751142,45.05238316980371,124.85071706583518,2.2313296629679808e-05
34400.0,3.332,1.8388878781822477,0.8614615983928559,45.051486208522064,124.85297997757617,2.231071533027102e-05
34408.0,3.3322399999999996,1.8390663535853775,0.8614963427028011,45.05058961197018,124.85524208973126,2.230813574377291e-05
34416.0,3.3324800000000003,1.839244808358674,0.861531072314943,45.04969337990744,124.85750340276462,2.2305557868390613e-05
34424.0,3.33272,1.8394232425157808,0.8615657872392573,45.04879751209415,124.85976391713882,2.230298170242796e-05
34432.0,3.33296,1.8396016560704256,0.8616004874857283,45.047902008289135,124.86202363331891,2.230040724391739e-05
34440.0,3.3331999999999997,1.8397800490361929,0.8616351730643056,45.04700686825338,124.86428255176611,2.229783449138477e-05
34448.0,3.33344,1.8399584214267704,0.861669843984951,45.046112091746394,124.86654067294427,2.22952634429088e-05
34456.0,3.33368,1.8401367732557832,0.8617045002576073,45.04521767852868,124.86879799731551,2.229269409672237e-05
34464.0,3.33392,1.8403151045368051,0.8617391418921994,45.04432362836166,124.87105452534033,2.2290126451166322e-05
34472.0,3.33416,1.8404934152834924,0.8617737688986614,45.0434299410053,124.87331025748178,2.2287560504310095e-05
34480.0,3.3344,1.840671705509359,0.8618083812868923,45.042536616222286,124.87556519419806,2.2284996254503778e-05
34488.0,3.33464,1.840849975228022,0.8618429790668036,45.0416436537733,124.87781933595097,2.2282433699835317e-05
34496.0,3.33488,1.8410282244530354,0.8618775622482876,45.04075105342008,124.88007268320037,2.2279872838543773e-05
34504.0,3.33512,1.8412064531979018,0.8619121308412191,45.03985881492519,124.88232523640455,2.2277313669010078e-05
34512.0,3.3353599999999997,1.8413846614762066,0.8619466848554818,45.038966938049874,124.8845769960243,2.2274756189282084e-05
34520.0,3.3356,1.8415628493013954,0.8619812243009248,45.03807542255721,124.88682796251723,2.2272200398018275e-05
34528.0,3.33584,1.8417410166870136,0.8620157491874096,45.03718426820904,124.88907813634304,2.226964629334052e-05
34536.0,3.33608,1.841919163646547,0.8620502595247789,45.036293474768364,124.8913275179595,2.226709387344471e-05
34544.0,3.3363199999999997,1.8420972901934292,0.8620847553228574,45.03540304199931,124.8935761078225,2.2264543136569905e-05
34552.0,3.33656,1.8422753963411758,0.8621192365914795,45.03451296966416,124.89582390639102,2.2261994080850316e-05
34560.0,3.3368,1.8424534821031617,0.8621537033404442,45.0336232575278,124.89807091411883,2.2259446704697705e-05
34568.0,3.33704,1.842631547492863,0.8621881555795633,45.032733905353325,124.90031713146347,2.2256901006221613e-05
34576.0,3.33728,1.8428095925236947,0.8622225933186297,45.03184491290479,124.90256255888072,2.2254356983698103e-05
34584.0,3.33752,1.8429876172090203,0.8622570165674187,45.03095627994696,124.90480719682506,2.2251814635585207e-05
34592.0,3.3377600000000003,1.8431656215622856,0.8622914253357148,45.03006800624347,124.90705104575301,2.224927395996162e-05
34600.0,3.338,1.843343605596796,0.8623258196332677,45.029180091560534,124.90929410611692,2.2246734955192842e-05
34608.0,3.33824,1.843521569325958,0.86236019946984,45.028292535662395,124.91153637837226,2.2244197619413085e-05
34616.0,3.3384799999999997,1.843699512763117,0.8623945648551748,45.027405338314345,124.91377786297245,2.224166195088917e-05
34624.0,3.33872,1.843877435921567,0.8624289157989987,45.02651849928252,124.91601856036918,2.2239127948032857e-05
34632.0,3.33896,1.8440553388146839,0.8624632523110464,45.02563201833173,124.91825847101696,2.223659560892593e-05
34640.0,3.3392,1.8442332214557067,0.8624975744010193,45.02474589522841,124.9204975953673,2.2234064932282378e-05
34648.0,3.3394399999999997,1.8444110838579717,0.8625318820786305,45.02386012973796,124.92273593387354,2.2231535916282673e-05
34656.0,3.33968,1.8445889260347572,0.8625661753535747,45.02297472162691,124.92497348698728,2.2229008559150455e-05
34664.0,3.33992,1.8447667479992902,0.8626004542355297,45.02208967066292,124.9272102551584,2.222648285914946e-05
34672.0,3.34016,1.8449445497648786,0.8626347187341816,45.0212049766118,124.92944623883955,2.2223958814426232e-05
34680.0,3.3404,1.8451223313446923,0.8626689688591831,45.02032063924169,124.93168143847848,2.2221436423525143e-05
34688.0,3.3406399999999996,1.8453000927520002,0.8627032046201987,45.01943665831922,124.93391585452648,2.2218915684574236e-05
34696.0,3.34088,1.845477834000012,0.8627374260268743,45.01855303361193,124.93614948743313,2.2216396595895842e-05
34704.0,3.34112,1.8456555551018858,0.8627716330888391,45.017669764888154,124.9383823376467,2.221387915594181e-05
34712.0,3.34136,1.8458332560708615,0.8628058258157308,45.01678685191497,124.94061440561748,2.221136336282169e-05
34720.0,3.3415999999999997,1.8460109369200417,0.8628400042171539,45.01590429446172,124.94284569179207,2.2208849215079843e-05
34728.0,3.34184,1.8461885976626273,0.8628741683027243,45.01502209229611,124.94507619661974,2.2206336710893658e-05
34736.0,3.34208,1.84636623831176,0.8629083180820399,45.01414024518689,124.9473059205479,2.2203825848545373e-05
34744.0,3.34232,1.8465438588805316,0.8629424535646818,45.01325875290381,124.94953486402225,2.2201316626394326e-05
34752.0,3.3425599999999998,1.8467214593821135,0.8629765747602394,45.01237761521506,124.95176302749125,2.219880904260248e-05
34760.0,3.3428,1.8468990398295413,0.863010681678269,45.01149683189099,124.95399041139902,2.2196303095754304e-05
34768.0,3.3430400000000002,1.8470766002359478,0.8630447743283386,45.010616402700485,124.95621701619272,2.2193798784017923e-05
34776.0,3.34328,1.8472541406144074,0.8630788527199982,45.00973632741348,124.95844284231781,2.2191296105694087e-05
34784.0,3.34352,1.8474316609779446,0.8631129168627809,45.00885660580082,124.96066789021832,2.218879505917605e-05
34792.0,3.34376,1.8476091613396635,0.8631469667662283,45.00797723763186,124.96289216034056,2.2186295642613442e-05
34800.0,3.344,1.847786641712533,0.8631810024398491,45.007098222677925,124.96511565312694,2.2183797854664746e-05
34808.0,3.34424,1.8479641021096191,0.8632150238931635,45.00621956070903,124.96733836902268,2.218130169351351e-05
34816.0,3.34448,1.8481415425439298,0.863249031135674,45.00534125149616,124.96956030847127,2.2178807157497487e-05
34824.0,3.3447199999999997,1.8483189630284238,0.8632830241768664,45.00446329481124,124.97178147191471,2.217631424504078e-05
34832.0,3.34496,1.8484963635761382,0.8633170030262348,45.00358569042469,124.97400185979738,2.2173822954314594e-05
34840.0,3.3452,1.8486737441999772,0.8633509676932407,45.00270843810909,124.97622147255974,2.217133328393733e-05
34848.0,3.34544,1.8488511049129401,0.8633849181873572,45.001831537635525,124.97844031064504,2.2168845232126452e-05
34856.0,3.3456799999999998,1.8490284457279695,0.8634188545180393,45.00095498877614,124.98065837449471,2.2166358797213553e-05
34864.0,3.34592,1.8492057666579582,0.863452776694726,45.00007879130397,124.98287566454857,2.2163873977622723e-05
34872.0,3.3461600000000002,1.849383067715877,0.8634866847268639,44.99920294499059,124.98509218124904,2.216139077153752e-05
34880.0,3.3464,1.8495603489145633,0.8635205786238676,44.99832744961015,124.98730792503383,2.21589091774098e-05
34888.0,3.34664,1.8497376102669503,0.8635544583951628,44.99745230493494,124.98952289634406,2.215642919345087e-05
34896.0,3.3468799999999996,1.8499148517859136,0.8635883240501576,44.99657751073813,124.99173709561916,2.2153950818032397e-05
34904.0,3.3471200000000003,1.8500920734842796,0.863622175598244,44.99570306679362,124.99395052329727,2.2151474049701845e-05
34912.0,3.34736,1.850269275374953,0.8636560130488214,44.99482897287421,124.99616317981857,2.2148998886611926e-05
34920.0,3.3476,1.850446457470706,0.8636898364112582,44.99395522875491,124.9983750656196,2.2146525327331685e-05
34928.0,3.3478399999999997,1.850623619784406,0.863723645694933,44.993081834209086,125.00058618113957,2.2144053370087846e-05
34936.0,3.34808,1.850800762328863,0.8637574409092074,44.99220878901104,125.00279652681586,2.214158301327059e-05
34944.0,3.34832,1.850977885116839,0.8637912220634266,44.9913360929359,125.00500610308434,2.2139114255356443e-05
34952.0,3.34856,1.8511549881611726,0.8638249891669441,44.99046374575751,125.00721491038337,2.21366470945783e-05
34960.0,3.3487999999999998,1.8513320714745725,0.8638587422290813,44.98959174725185,125.00942294914756,2.2134181529520625e-05
34968.0,3.34904,1.8515091350698405,0.863892481259171,44.98872009719337,125.01163021981411,2.2131717558447155e-05
34976.0,3.34928,1.8516861789597228,0.8639262062665283,44.9878487953574,125.01383672281877,2.2129255179778903e-05
34984.0,3.34952,1.8518632031569175,0.8639599172604527,44.98697784151998,125.01604245859602,2.212679439207875e-05
34992.0,3.34976,1.8520402076741993,0.8639936142502512,44.986107235456025,125.01824742758232,2.2124335193567256e-05
35000.0,3.35,1.852217192524213,0.8640272972451997,44.98523697694286,125.02045163020978,2.2121877582767205e-05
35008.0,3.35024,1.8523941577196965,0.8640609662545846,44.98436706575599,125.0226550669138,2.2119421557939248e-05
35016.0,3.35048,1.8525711032733316,0.8640946212876754,44.983497501672,125.02485773812782,2.2116967117458142e-05
35024.0,3.35072,1.8527480291977516,0.8641282623537255,44.98262828446837,125.02705964428358,2.2114514259763407e-05
35032.0,3.3509599999999997,1.852924935505667,0.864161889461996,44.98175941392115,125.02926078581554,2.211206298308177e-05
35040.0,3.3512,1.8531018222096571,0.8641955026217166,44.9808908898085,125.03146116315419,2.210961328603779e-05
35048.0,3.35144,1.853278689322395,0.8642291018421282,44.98002271190715,125.03366077673275,2.2107165166882863e-05
35056.0,3.35168,1.8534555368564987,0.8642626871324545,44.97915487999455,125.03585962698307,2.2104718624062675e-05
35064.0,3.35192,1.853632364824538,0.8642962585019031,44.97828739384883,125.03805771433592,2.2102273656207957e-05
35072.0,3.35216,1.853809173239159,0.8643298159596896,44.97742025324709,125.04025503922377,2.2099830261576273e-05
35080.0,3.3524000000000003,1.8539859621128794,0.8643633595149988,44.97655345796894,125.04245160207492,2.209738843863181e-05
35088.0,3.35264,1.8541627314583082,0.8643968891770258,44.97568700779207,125.0446474033209,2.2094948185678403e-05
35096.0,3.35288,1.8543394812879999,0.8644304049549492,44.97482090249518,125.04684244339118,2.2092509501127806e-05
35104.0,3.35312,1.8545162116144607,0.8644639068579311,44.973955141857886,125.04903672271351,2.2090072383456556e-05
35112.0,3.3533600000000003,1.8546929224502726,0.8644973948951418,44.973089725658404,125.05123024171841,2.2087636830906792e-05
35120.0,3.3536,1.8548696138078897,0.8645308690757209,44.97222465367691,125.05342300083319,2.208520284217709e-05
35128.0,3.35384,1.855046285699858,0.8645643294088183,44.97135992569224,125.05561500048718,2.2082770415543518e-05
35136.0,3.3540799999999997,1.8552229381386682,0.8645977759035672,44.97049554148411,125.05780624110827,2.208033954945485e-05
35144.0,3.35432,1.8553995711367648,0.8646312085690855,44.96963150083301,125.05999672312299,2.2077910242467797e-05
35152.0,3.35456,1.855576184706666,0.8646646274144981,44.968767803518176,125.06218644696006,2.2075482492858426e-05
35160.0,3.3548,1.855752778860764,0.8646980324488999,44.967904449321274,125.06437541304373,2.2073056299164946e-05
35168.0,3.35504,1.8559293536115415,0.8647314236813959,44.967041438022186,125.06656362180165,2.2070631659681927e-05
35176.0,3.35528,1.8561059089714271,0.8647648011210747,44.966178769401665,125.06875107365973,2.20682085728859e-05
35184.0,3.3555200000000003,1.8562824449528021,0.8647981647770091,44.965316443241164,125.07093776904263,2.2065787037370585e-05
35192.0,3.35576,1.8564589615681226,0.8648315146582799,44.96445445932106,125.07312370837701,2.2063367051399714e-05
35200.0,3.356,1.8566354588297187,0.864864850773937,44.96359281742392,125.0753088920858,2.2060948613576253e-05
35208.0,3.3562399999999997,1.85681193675001,0.8648981731330413,44.96273151733069,125.07749332059464,2.2058531722225618e-05
35216.0,3.35648,1.8569883953413635,0.8649314817446366,44.96187055882313,125.07967699432766,2.2056116375827422e-05
35224.0,3.35672,1.857164834616099,0.8649647766177518,44.96100994168373,125.0818599137076,2.2053702573003136e-05
35232.0,3.35696,1.8573412545866095,0.8649980577614228,44.960149665693876,125.08404207915935,2.205129031204425e-05
35240.0,3.3571999999999997,1.8575176552651647,0.8650313251846559,44.95928973063743,125.08622349110371,2.2048879591461217e-05
35248.0,3.35744,1.857694036664122,0.8650645788964673,44.95843013629637,125.08840414996448,2.2046470409594868e-05
35256.0,3.35768,1.8578703987957856,0.8650978189058568,44.957570882453595,125.09058405616368,2.2044062764918647e-05
35264.0,3.35792,1.8580467416724142,0.8651310452218092,44.95671196889274,125.09276321012177,2.204165665600777e-05
35272.0,3.35816,1.8582230653063385,0.8651642578533163,44.9558533953963,125.09494161226169,2.2039252081162974e-05
35280.0,3.3584,1.8583993697097674,0.8651974568093403,44.954995161748464,125.09711926300359,2.203684903917227e-05
35288.0,3.3586400000000003,1.858575654894997,0.8652306420988539,44.95413726773224,125.09929616276933,2.203444752838574e-05
35296.0,3.35888,1.8587519208742707,0.8652638137308131,44.95327971313163,125.10147231197921,2.203204754725833e-05
35304.0,3.35912,1.8589281676597869,0.8652969717141589,44.952422497731575,125.10364771105189,2.2029649094272728e-05
35312.0,3.35936,1.8591043952638153,0.8653301160578393,44.95156562131548,125.10582236040867,2.2027252167782106e-05
35320.0,3.3596,1.8592806036985037,0.8653632467707733,44.95070908366893,125.10799626046652,2.2024856766438778e-05
35328.0,3.35984,1.8594567929760872,0.8653963638618896,44.949852884576025,125.11016941164551,2.2022462888608246e-05
35336.0,3.36008,1.8596329631087487,0.8654294673401006,44.948997023821725,125.11234181436411,2.2020070532742366e-05
35344.0,3.3603199999999998,1.8598091141086248,0.8654625572143039,44.94814150119175,125.1145134690396,2.201767969747495e-05
35352.0,3.36056,1.8599852459879247,0.8654956334934042,44.94728631647063,125.11668437609111,2.201529038111907e-05
35360.0,3.3608000000000002,1.8601613587587356,0.8655286961862768,44.94643146944502,125.11885453593416,2.2012902582327046e-05
35368.0,3.36104,1.8603374524332317,0.8655617453018073,44.94557695990004,125.12102394898696,2.2010516299461295e-05
35376.0,3.36128,1.8605135270235345,0.8655947808488645,44.94472278762175,125.12319261566597,2.2008131530992176e-05
35384.0,3.36152,1.860689582541721,0.8656278028363031,44.943868952397025,125.12536053638615,2.200574827548565e-05
35392.0,3.3617600000000003,1.8608656189999386,0.8656608112729843,44.943015454011444,125.1275277115649,2.2003366531285638e-05
35400.0,3.362,1.8610416364102143,0.8656938061677403,44.94216229225266,125.12969414161589,2.200098629705062e-05
35408.0,3.36224,1.8612176347846614,0.8657267875294135,44.941309466906866,125.13185982695533,2.1998607571149182e-05
35416.0,3.3624799999999997,1.8613936141353418,0.8657597553668299,44.940456977760896,125.1340247679983,2.1996230352159623e-05
35424.0,3.3627200000000004,1.861569574474273,0.8657927096888012,44.939604824602114,125.13618896515891,2.199385463884836e-05
35432.0,3.36296,1.8617455158135428,0.865825650504146,44.938753007217095,125.13835241885268,2.199148042957782e-05
35440.0,3.3632,1.8619214381651206,0.865858577821654,44.93790152539472,125.14051512949159,2.198910772291396e-05
35448.0,3.3634399999999998,1.8620973415410604,0.8658914916501249,44.937050378922066,125.14267709749035,2.198673651728705e-05
35456.0,3.36368,1.8622732259533648,0.8659243919983423,44.93619956758727,125.14483832326165,2.1984366811170527e-05
35464.0,3.3639200000000002,1.8624490914139913,0.865957278875075,44.93534909117947,125.14699880721625,2.198199860304401e-05
35472.0,3.36416,1.8626249379349686,0.8659901522890991,44.934498949486255,125.14915854976798,2.1979631891266838e-05
35480.0,3.3644,1.8628007655282042,0.8660230122491616,44.93364914229718,125.15131755132685,2.1977266674590003e-05
35488.0,3.36464,1.862976574205692,0.8660558587640192,44.9327996694005,125.15347581230539,2.197490295137901e-05
35496.0,3.36488,1.8631523639793752,0.8660886918424132,44.931950530585176,125.15563333311496,2.1972540720187493e-05
35504.0,3.36512,1.8633281348611521,0.8661215114930703,44.931101725640715,125.15779011416616,2.197017997976336e-05
35512.0,3.36536,1.8635038868629912,0.8661543177247237,44.93025325435575,125.15994615587081,2.1967820728484453e-05
35520.0,3.3655999999999997,1.8636796199967436,0.8661871105460789,44.929405116521046,125.16210145863714,2.19654629649815e-05
35528.0,3.36584,1.863855334274344,0.8662198899658504,44.928557311925736,125.16425602287619,2.1963106687694018e-05
35536.0,3.36608,1.8640310297076772,0.8662526559927374,44.927709840359825,125.1664098489973,2.1960751895163295e-05
35544.0,3.36632,1.8642067063085836,0.8662854086354246,44.92686270161403,125.16856293740831,2.1958398586060152e-05
35552.0,3.3665599999999998,1.8643823640889736,0.8663181479026035,44.92601589547794,125.17071528851942,2.1956046758774767e-05
35560.0,3.3668,1.8645580030606392,0.8663508738029373,44.925169421743355,125.17286690273723,2.1953696411940944e-05
35568.0,3.3670400000000003,1.8647336232354568,0.8663835863450988,44.92432328020044,125.17501778047087,2.195134754399512e-05
35576.0,3.36728,1.8649092246252525,0.8664162855377454,44.923477470640286,125.17716792212781,2.1949000153456996e-05
35584.0,3.36752,1.8650848072418078,0.8664489713895198,44.92263199285475,125.17931732811408,2.194665423894805e-05
35592.0,3.36776,1.8652603710969742,0.8664816439090716,44.92178684663447,125.18146599883802,2.1944309798843038e-05
35600.0,3.3680000000000003,1.865435916202486,0.8665143031050225,44.920942031771666,125.18361393470495,2.194196683203173e-05
35608.0,3.36824,1.8656114425701615,0.8665469489860038,44.92009754805751,125.18576113612215,2.1939625336928985e-05
35616.0,3.36848,1.8657869502117683,0.8665795815606311,44.91925339528409,125.1879076034955,2.1937285312076086e-05
35624.0,3.3687199999999997,1.8659624391390317,0.8666122008375058,44.91840957324432,125.19005333722954,2.193494675605133e-05
35632.0,3.36896,1.8661379093637447,0.8666448068252361,44.917566081729746,125.19219833773091,2.1932609667294242e-05
35640.0,3.3692,1.866313360897584,0.8666773995324025,44.91672292053407,125.19434260540213,2.1930274044491054e-05
35648.0,3.36944,1.8664887937523096,0.8667099789675946,44.915880089449495,125.19648614064877,2.192793988605045e-05
35656.0,3.36968,1.8666642079396314,0.8667425451393866,44.91503758826909,125.19862894387474,2.192560719053222e-05
35664.0,3.36992,1.8668396034712154,0.8667750980563388,44.914195416786704,125.20077101548247,2.1923275956560923e-05
35672.0,3.3701600000000003,1.8670149803587965,0.8668076377270177,44.91335357479498,125.20291235587668,2.1920946182532904e-05
35680.0,3.3704,1.8671903386139943,0.8668401641599628,44.91251206208816,125.20505296545927,2.1918617867316354e-05
35688.0,3.37064,1.8673656782485106,0.8668726773637225,44.911670878459425,125.207192844634,2.1916291009350787e-05
35696.0,3.3708799999999997,1.8675409992739982,0.8669051773468301,44.91083002370272,125.20933199380325,2.1913965607226842e-05
35704.0,3.37112,1.8677163017020675,0.8669376641178052,44.90998949761275,125.21147041336823,2.19116416596215e-05
35712.0,3.37136,1.8678915855443958,0.8669701376851733,44.90914929998301,125.21360810373213,2.19093191649897e-05
35720.0,3.3716,1.8680668508125475,0.8670025980574333,44.908309430608966,125.21574506529437,2.190699812208245e-05
35728.0,3.3718399999999997,1.8682420975181675,0.8670350452430929,44.90746988928469,125.21788129845716,2.1904678529394766e-05
35736.0,3.37208,1.8684173256728522,0.8670674792506448,44.90663067580515,125.22001680362109,2.1902360385495705e-05
35744.0,3.37232,1.8685925352881565,0.8670999000885679,44.90579178996605,125.22215158118553,2.190004368903758e-05
35752.0,3.37256,1.8687677263757008,0.8671323077653471,44.90495323156191,125.22428563155182,2.1897728438466072e-05
35760.0,3.3728,1.8689428989469923,0.8671647022894409,44.90411500038921,125.2264189551176,2.1895414632550685e-05
35768.0,3.37304,1.8691180530136202,0.8671970836693164,44.903277096243045,125.2285515522832,2.189310226972786e-05
35776.0,3.3732800000000003,1.8692931885871238,0.8672294519134255,44.902439518919294,125.2306834234475,2.1890791348628318e-05
35784.0,3.37352,1.869468305679001,0.8672618070302068,44.90160226821457,125.2328145690082,2.1888481867925964e-05
35792.0,3.37376,1.8696434043008159,0.8672941490281052,44.90076534392436,125.23494498936485,2.1886173826081896e-05
35800.0,3.374,1.8698184844640193,0.8673264779155382,44.89992874584635,125.23707468491327,2.1883867221770023e-05
35808.0,3.37424,1.8699935461801434,0.8673587937009327,44.89909247377661,125.23920365605208,2.1881562053445282e-05
35816.0,3.37448,1.8701685894606714,0.8673910963927006,44.89825652751188,125.2413319031785,2.1879258319784656e-05
35824.0,3.37472,1.870343614317045,0.8674233859992403,44.89742090684944,125.24345942668867,2.187695601958232e-05
35832.0,3.3749599999999997,1.8705186207607727,0.8674556625289561,44.89658561158578,125.24558622698042,2.1874655151293216e-05
35840.0,3.3752,1.8706936088032502,0.8674879259902262,44.89575064151933,125.24771230444844,2.1872355713659086e-05
35848.0,3.37544,1.870868578455954,0.8675201763914373,44.89491599644704,125.24983765948971,2.187005770519347e-05
35856.0,3.37568,1.8710435297303118,0.8675524137409615,44.89408167616686,125.2519622924994,2.1867761124456158e-05
35864.0,3.37592,1.871218462637709,0.8675846380471569,44.893247680477685,125.25408620387091,2.1865465970013116e-05
35872.0,3.37616,1.8713933771895983,0.8676168493183883,44.89241400917691,125.2562093940005,2.1863172240337787e-05
35880.0,3.3764000000000003,1.8715682733973193,0.8676490475629937,44.89158066206349,125.2583318632813,2.1860879934353867e-05
35888.0,3.37664,1.871743151272292,0.86768123278932,44.89074763893544,125.26045361210838,2.1858589050547136e-05
35896.0,3.37688,1.8719180108258888,0.8677134050056995,44.88991493959151,125.26257464087554,2.1856299587532905e-05
35904.0,3.3771199999999997,1.872092852069441,0.867745564220451,44.889082563831145,125.26469494997556,2.1854011544043663e-05
35912.0,3.3773600000000004,1.8722676750143448,0.8677777104418994,44.88825051145267,125.26681453980292,2.1851724918580613e-05
35920.0,3.3776,1.8724424796718862,0.8678098436783436,44.88741878225631,125.26893341074857,2.1849439709916336e-05
35928.0,3.37784,1.87261726605343,0.8678419639380908,44.886587376040936,125.27105156320609,2.18471559165983e-05
35936.0,3.3780799999999997,1.8727920341702937,0.8678740712294339,44.885756292606345,125.2731689975674,2.1844873537198623e-05
35944.0,3.37832,1.8729667840337538,0.8679061655606525,44.88492553175317,125.27528571422295,2.1842592570354207e-05
35952.0,3.3785600000000002,1.8731415156551512,0.867938246940032,44.884095093280706,125.27740171356552,2.1840313014569333e-05
35960.0,3.3788,1.8733162290457173,0.8679703153758318,44.883264976989686,125.27951699598488,2.1838034868795456e-05
35968.0,3.37904,1.8734909242167617,0.8680023708763203,44.88243518267997,125.28163156187279,2.1835758131564614e-05
35976.0,3.37928,1.8736656011795476,0.8680344134497509,44.88160571015224,125.2837454116197,2.1833482801485944e-05
35984.0,3.37952,1.8738402599452975,0.8680664431043642,44.880776559208,125.28585854561499,2.1831208877211756e-05
35992.0,3.37976,1.8740149005252975,0.8680984598484066,44.8799477296474,125.28797096424975,2.1828936357289514e-05
36000.0,3.38,1.8741895229307262,0.8681304636900988,44.87911922127234,125.29008266791165,2.1826665240571987e-05
36008.0,3.3802399999999997,1.8743641271728384,0.8681624546376698,44.878291033883585,125.29219365699086,2.182439552561588e-05
36016.0,3.38048,1.8745387132628435,0.8681944326993347,44.87746316728263,125.29430393187627,2.1822127211073512e-05
36024.0,3.38072,1.8747132812119105,0.868226397883295,44.87663562127168,125.29641349295558,2.1819860295695876e-05
36032.0,3.38096,1.874887831031272,0.8682583501977584,44.87580839565185,125.29852234061826,2.1817594777999592e-05
36040.0,3.3811999999999998,1.875062362732052,0.8682902896509068,44.874981490226375,125.30063047525002,2.181533065671716e-05
36048.0,3.38144,1.875236876325452,0.8683222162509308,44.8741549047969,125.30273789723938,2.1813067930399115e-05
36056.0,3.3816800000000002,1.8754113718226268,0.8683541300060061,44.87332863916599,125.30484460697328,2.1810806597663853e-05
36064.0,3.38192,1.87558584923469,0.868386030924296,44.87250269313692,125.30695060483714,2.1808546657228448e-05
36072.0,3.38216,1.8757603085728203,0.8684179190139691,44.871677066511815,125.3090558912187,2.1806288107578675e-05
36080.0,3.3824,1.8759347498480876,0.8684497942831692,44.87085175909419,125.3111604665032,2.1804030947721504e-05
36088.0,3.3826400000000003,1.8761091730716397,0.8684816567400477,44.87002677068667,125.31326433107739,2.1801775176173556e-05
36096.0,3.38288,1.8762835782545781,0.8685135063927427,44.869202101092675,125.31536748532676,2.1799520791599474e-05
36104.0,3.38312,1.8764579654079643,0.8685453432493787,44.8683777501164,125.3174699296355,2.1797267792688586e-05
36112.0,3.38336,1.876632334542923,0.8685771673180864,44.867553717560774,125.31957166438984,2.1795016178016098e-05
36120.0,3.3836,1.8768066856704717,0.8686089786069712,44.86673000323056,125.32167268997232,2.1792765946425528e-05
36128.0,3.38384,1.8769810188017044,0.8686407771241463,44.86590660692924,125.32377300676812,2.1790517096485927e-05
36136.0,3.38408,1.8771553339476696,0.8686725628777116,44.865083528461156,125.32587261516107,2.1788269626843437e-05
36144.0,3.3843199999999998,1.877329631119376,0.8687043358757536,44.864260767631336,125.3279715155338,2.1786023536261394e-05
36152.0,3.38456,1.877503910327894,0.8687360961263646,44.863438324243674,125.33006970827076,2.1783778823265666e-05
36160.0,3.3848000000000003,1.8776781715841893,0.8687678436376122,44.86261619810391,125.33216719375321,2.1781535486699772e-05
36168.0,3.38504,1.877852414899302,0.8687995784175716,44.86179438901646,125.33426397236472,2.1779293525120424e-05
36176.0,3.38528,1.8780266402842278,0.8688313004743046,44.860972896786485,125.33636004448753,2.1777052937235445e-05
36184.0,3.3855199999999996,1.8782008477499228,0.86886300981586,44.86015172121969,125.33845541050269,2.17748137218791e-05
36192.0,3.3857600000000003,1.878375037307405,0.8688947064502922,44.859330862120885,125.34055007079307,2.177257587760501e-05
36200.0,3.386,1.8785492089675873,0.8689263903856309,44.85851031929699,125.34264402573804,2.177033940312409e-05
36208.0,3.38624,1.8787233627414575,0.8689580616299138,44.85769009255329,125.34473727571952,2.176810429703931e-05
36216.0,3.3864799999999997,1.8788974986399587,0.8689897201911652,44.85687018169582,125.34682982111816,2.176587055805849e-05
36224.0,3.38672,1.8790716166739945,0.8690213660773958,44.856050586531104,125.34892166231347,2.1763638185068324e-05
36232.0,3.38696,1.8792457168545302,0.8690529992966225,44.855231306864894,125.35101279968669,2.176140717660085e-05
36240.0,3.3872,1.8794197991924282,0.8690846198568379,44.85441234250453,125.35310323361627,2.1759177531555096e-05
36248.0,3.38744,1.8795938636986236,0.8691162277660422,44.853593693256165,125.35519296448263,2.1756949248558704e-05
36256.0,3.38768,1.8797679103840081,0.869147823032222,44.85277535892674,125.35728199266481,2.1754722326316418e-05
36264.0,3.3879200000000003,1.879941939259435,0.8691794056633514,44.851957339323924,125.35937031854063,2.1752496763594647e-05
36272.0,3.38816,1.8801159503358178,0.8692109756674097,44.851139634254245,125.3614579424899,2.1750272558977866e-05
36280.0,3.3884,1.880289943623966,0.8692425330523522,44.850322243526406,125.36354486488844,2.1748049711210902e-05
36288.0,3.38864,1.8804639191347639,0.8692740778261417,44.84950516694751,125.36563108611503,2.1745828218872054e-05
36296.0,3.38888,1.8806378768790502,0.8693056099967278,44.84868840432554,125.36771660654675,2.174360808063522e-05
36304.0,3.38912,1.8808118168676238,0.8693371295720467,44.847871955469216,125.36980142655928,2.1741389295235985e-05
36312.0,3.38936,1.8809857391113467,0.8693686365600408,44.84705582018611,125.37188554653052,2.1739171861212547e-05
36320.0,3.3895999999999997,1.8811596436209763,0.869400130968628,44.84623999828481,125.37396896683634,2.1736955777685986e-05
36328.0,3.38984,1.881333530407344,0.8694316128057342,44.84542448957334,125.37605168785376,2.1734741043277772e-05
36336.0,3.39008,1.8815073994812375,0.8694630820792718,44.844609293860515,125.37813370995868,2.1732527656661807e-05
36344.0,3.39032,1.8816812508534067,0.8694945387971407,44.843794410955915,125.38021503352587,2.173031561657367e-05
36352.0,3.39056,1.8818550845346609,0.8695259829672461,44.842979840667816,125.38229565893194,2.1728104921628663e-05
36360.0,3.3908,1.882028900535708,0.8695574145974695,44.84216558280618,125.38437558654981,2.1725895570768995e-05
36368.0,3.3910400000000003,1.882202698867329,0.8695888336957001,44.84135163717987,125.38645481675515,2.1723687562600718e-05
36376.0,3.39128,1.88237647954026,0.8696202402698132,44.84053800359864,125.38853334992197,2.1721480895806982e-05
36384.0,3.39152,1.8825502425651988,0.8696516343276723,44.83972468187311,125.3906111864229,2.1719275569064773e-05
36392.0,3.39176,1.8827239879529045,0.8696830158771459,44.8389116718125,125.39268832663281,2.1717071580973972e-05
36400.0,3.3920000000000003,1.8828977157140327,0.8697143849260787,44.838098973227346,125.39476477092397,2.1714868930597068e-05
36408.0,3.39224,1.8830714258593133,0.8697457414823232,44.83728658592745,125.39684051967032,2.171266761653702e-05
36416.0,3.39248,1.8832451183994323,0.8697770855537186,44.836474509723246,125.39891557324465,2.171046763755408e-05
36424.0,3.3927199999999997,1.8834187933450377,0.8698084171480918,44.835662744425804,125.40098993201885,2.1708268992476354e-05
36432.0,3.39296,1.8835924507068376,0.869839736273275,44.834851289845176,125.40306359636631,2.1706071679946895e-05
36440.0,3.3932,1.8837660904954385,0.8698710429370768,44.834040145793296,125.40513656665684,2.1703875698803055e-05
36448.0,3.39344,1.8839397127215205,0.8699023371473136,44.833229312080725,125.40720884326299,2.170168104768481e-05
36456.0,3.39368,1.8841133173957183,0.869933618911788,44.832418788518886,125.40928042655575,2.169948772531849e-05
36464.0,3.39392,1.8842869045286297,0.8699648882382908,44.83160857491994,125.41135131690473,2.1697295730464344e-05
36472.0,3.3941600000000003,1.8844604741309123,0.8699961451346181,44.83079867109487,125.41342151468169,2.1695105061728423e-05
36480.0,3.3944,1.8846340262131214,0.8700273896085421,44.82998907685634,125.41549102025522,2.1692915718019012e-05
36488.0,3.39464,1.8848075607858856,0.8700586216678429,44.82917979201588,125.41755983399608,2.1690727697973003e-05
36496.0,3.3948799999999997,1.88498107785979,0.8700898413202871,44.82837081638559,125.419627956274,2.168854100036915e-05
36504.0,3.39512,1.8851545774453824,0.8701210485736297,44.82756214977811,125.42169538745789,2.1686355624134235e-05
36512.0,3.39536,1.8853280595532695,0.8701522434356306,44.82675379200526,125.4237621279179,2.1684171567892818e-05
36520.0,3.3956,1.8855015241939594,0.8701834259140265,44.82594574288045,125.42582817802145,2.168198883059327e-05
36528.0,3.3958399999999997,1.8856749713780308,0.8702145960165618,44.825138002215915,125.42789353813806,2.167980741092183e-05
36536.0,3.39608,1.8858484011160193,0.8702457537509675,44.824330569824824,125.42995820863555,2.16776273075894e-05
36544.0,3.3963200000000002,1.886021813418424,0.8702768991249625,44.82352344552123,125.43202218988027,2.167544851928839e-05
36552.0,3.39656,1.8861952082958022,0.8703080321462715,44.82271662911776,125.43408548224099,2.1673271044661854e-05
36560.0,3.3968,1.8863685857586108,0.8703391528225952,44.821910120428676,125.43614808608314,2.1671094882692093e-05
36568.0,3.39704,1.8865419458173787,0.8703702611616421,44.821103919267216,125.43821000177441,2.1668920032009832e-05
36576.0,3.3972800000000003,1.8867152884825915,0.8704013571711076,44.820298025447265,125.44027122968137,2.1666746491393824e-05
36584.0,3.39752,1.8868886137646985,0.8704324408586753,44.81949243878324,125.44233177016973,2.1664574259727676e-05
36592.0,3.39776,1.887061921674207,0.8704635122320339,44.8186871590887,125.44439162360655,2.1662403335657537e-05
36600.0,3.398,1.8872352122215257,0.870494571298849,44.817882186179,125.44645079035588,2.1660233718045425e-05
36608.0,3.39824,1.8874084854171336,0.8705256180667936,44.81707751986815,125.44850927078404,2.1658065405568323e-05
36616.0,3.39848,1.8875817412714677,0.8705566525435279,44.8162731599708,125.45056706525604,2.165589839703583e-05
36624.0,3.39872,1.8877549797949287,0.8705876747367002,44.815469106302075,125.45262417413575,2.1653732691396315e-05
36632.0,3.3989599999999998,1.8879282009979748,0.8706186846539639,44.81466535867637,125.45468059778882,2.165156828729901e-05
36640.0,3.3992,1.888101404890966,0.8706496823029495,44.81386191691006,125.45673633657778,2.1649405183538084e-05
36648.0,3.3994400000000002,1.8882745914843324,0.8706806676912949,44.813058780817954,125.4587913908674,2.1647243378815197e-05
36656.0,3.39968,1.8884477607884627,0.870711640826625,44.81225595021561,125.46084576102112,2.164508287191527e-05
36664.0,3.39992,1.8886209128137081,0.8707426017165533,44.8114534249191,125.46289944740123,2.1642923661755836e-05
36672.0,3.4001599999999996,1.8887940475704783,0.8707735503686977,44.8106512047437,125.4649524503718,2.16407657469707e-05
36680.0,3.4004000000000003,1.8889671650690845,0.870804486790654,44.809849289506296,125.46700477029404,2.1638609126505158e-05
36688.0,3.40064,1.8891402653199085,0.8708354109900251,44.809047679022584,125.46905640753118,2.163645379902385e-05
36696.0,3.40088,1.8893133483332898,0.8708663229744011,44.80824637310896,125.47110736244521,2.1634299763339466e-05
36704.0,3.4011199999999997,1.8894864141195318,0.8708972227513603,44.80744537158242,125.47315763539703,2.1632147018323265e-05
36712.0,3.40136,1.889659462688995,0.870928110328486,44.80664467425902,125.47520722674925,2.162999556264607e-05
36720.0,3.4016,1.8898324940519438,0.8709589857133394,44.80584428095636,125.47725613686163,2.1627845395296347e-05
36728.0,3.40184,1.890005508218711,0.8709898489134885,44.805044191490936,125.47930436609595,2.16256965149665e-05
36736.0,3.4020799999999998,1.8901785051995885,0.8710206999364888,44.80424440567993,125.48135191481279,2.1623548920469198e-05
36744.0,3.40232,1.890351485004833,0.8710515387898843,44.8034449233411,125.48339878337171,2.162140261072815e-05
36752.0,3.4025600000000003,1.890524447644757,0.8710823654812236,44.80264574429126,125.48544497213388,2.1619257584420344e-05
36760.0,3.4028,1.890697393129576,0.8711131800180334,44.80184686834931,125.48749048145689,2.161711384035228e-05
36768.0,3.40304,1.8908703214695757,0.8711439824078471,44.80104829533258,125.48953531170106,2.161497137723795e-05
36776.0,3.40328,1.8910432326749995,0.8711747726581857,44.800250025059064,125.4915794632254,2.161283019389621e-05
36784.0,3.40352,1.8912161267560557,0.8712055507765585,44.799452057347274,125.49362293638794,2.1610690289272342e-05
36792.0,3.40376,1.8913890037230083,0.8712363167704801,44.79865439201495,125.49566573154823,2.1608551662040245e-05
36800.0,3.404,1.891561863586027,0.8712670706474426,44.79785702888121,125.49770784906343,2.1606414311228476e-05
36808.0,3.4042399999999997,1.891734706355349,0.8712978124149453,44.79705996776416,125.49974928929241,2.160427823557261e-05
36816.0,3.40448,1.8919075320411702,0.8713285420804748,44.79626320848271,125.50179005259264,2.1602143433869915e-05
36824.0,3.40472,1.8920803406536528,0.8713592596515067,44.79546675085654,125.50383013932034,2.1600009904920725e-05
36832.0,3.40496,1.8922531322030132,0.871389965135521,44.79467059470408,125.50586954983383,2.1597877647442118e-05
36840.0,3.4052,1.8924259066993734,0.8714206585399761,44.79387473984541,125.50790828448815,2.1595746660425643e-05
36848.0,3.40544,1.8925986641529233,0.8714513398723367,44.79307918609951,125.50994634364064,2.159361694257912e-05
36856.0,3.4056800000000003,1.8927714045738124,0.8714820091400559,44.79228393328606,125.5119837276474,2.159148849273065e-05
36864.0,3.40592,1.8929441279721542,0.8715126663505749,44.791488981225285,125.51402043686355,2.1589361309788514e-05
36872.0,3.40616,1.8931168343581184,0.8715433115113399,44.790694329736525,125.51605647164575,2.1587235392448198e-05
36880.0,3.4064,1.8932895237417797,0.8715739446297751,44.789899978640754,125.51809183234761,2.158511073967041e-05
36888.0,3.4066400000000003,1.893462196133281,0.8716045657133118,44.78910592775777,125.52012651932499,2.1582987350178397e-05
36896.0,3.40688,1.8936348515427237,0.8716351747693686,44.78831217690814,125.52216053293238,2.158086522275399e-05
36904.0,3.40712,1.8938074899801742,0.8716657718053531,44.78751872591318,125.524193873523,2.1578744356222214e-05
36912.0,3.4073599999999997,1.8939801114557548,0.8716963568286776,44.78672557459304,125.52622654145205,2.1576624749293966e-05
36920.0,3.4076,1.8941527159794938,0.8717269298467328,44.78593272276907,125.5282585370722,2.1574506401096495e-05
36928.0,3.40784,1.894325303561486,0.8717574908669159,44.785140170261876,125.53028986073781,2.1572389310365374e-05
36936.0,3.40808,1.894497874211787,0.8717880398966122,44.78434791689274,125.53232051280213,2.157027347592254e-05
36944.0,3.40832,1.8946704279404174,0.8718185769431959,44.78355596248356,125.53435049361744,2.1568158896688603e-05
36952.0,3.40856,1.8948429647574527,0.8718491020140455,44.782764306855206,125.53637980353759,2.1566045571396063e-05
36960.0,3.4088000000000003,1.8950154846728757,0.8718796151165185,44.78197294983009,125.53840844291358,2.156393349907347e-05
36968.0,3.40904,1.895187987696736,0.8719101162579789,44.781181891229565,125.54043641209849,2.156182267847183e-05
36976.0,3.40928,1.8953604738390422,0.8719406054457783,44.78039113087576,125.54246371144397,2.15597131084069e-05
36984.0,3.4095199999999997,1.8955329431097696,0.8719710826872581,44.77960066859149,125.5444903413004,2.1557604787743784e-05
36992.0,3.40976,1.8957053955189473,0.8720015479897631,44.77881050419845,125.5465163020202,2.1555497715224235e-05
37000.0,3.41,1.8958778310765116,0.8720320013606176,44.77802063751997,125.54854159395269,2.1553391889815126e-05
37008.0,3.41024,1.8960502497924654,0.8720624428071523,44.77723106837827,125.55056621744936,2.15512873102582e-05
37016.0,3.4104799999999997,1.8962226516767713,0.8720928723366856,44.77644179659616,125.55259017286052,2.1549183975437074e-05
37024.0,3.41072,1.8963950367393578,0.8721232899565253,44.775652821997,125.55461346053559,2.1547081884309367e-05
37032.0,3.41096,1.896567404990208,0.8721536956739835,44.774864144403324,125.55663608082543,2.1544981035604487e-05
37040.0,3.4112,1.8967397564392117,0.8721840894963511,44.77407576363945,125.55865803407782,2.154288142822764e-05
37048.0,3.41144,1.8969120910963257,0.8722144714309257,44.77328767952834,125.5606793206429,2.154078306095449e-05
37056.0,3.41168,1.8970844089714676,0.8722448414849929,44.7724998918935,125.5626999408697,2.153868593270257e-05
37064.0,3.4119200000000003,1.8972567100745203,0.8722751996658277,44.771712400558805,125.56471989510656,2.153659004253128e-05
37072.0,3.41216,1.8974289944154215,0.8723055459807091,44.77092520534758,125.56673918370294,2.1534495389179274e-05
37080.0,3.4124,1.8976012620040164,0.8723358804368954,44.770138306085066,125.56875780700516,2.1532401971505496e-05
37088.0,3.41264,1.8977735128502167,0.8723662030416515,44.76935170259497,125.57077576536204,2.1530309788285616e-05
37096.0,3.41288,1.897945746963894,0.87239651380223,44.76856539470166,125.57279305912095,2.1528218838412494e-05
37104.0,3.41312,1.898117964354886,0.8724268127258732,44.7677793822301,125.57480968862806,2.152612912084067e-05
37112.0,3.41336,1.8982901650330841,0.8724570998198274,44.76699366500439,125.57682565423144,2.1524040634336563e-05
37120.0,3.4135999999999997,1.8984623490082895,0.8724873750913182,44.76620824285011,125.57884095627678,2.1521953377897888e-05
37128.0,3.41384,1.8986345162903675,0.8725176385475779,44.765423115591794,125.58085559511132,2.1519867350331153e-05
37136.0,3.4140800000000002,1.898806666889145,0.8725478901958266,44.76463828305464,125.58286957108112,2.1517782550489135e-05
37144.0,3.41432,1.898978800814415,0.8725781300432739,44.76385374506447,125.5848828845311,2.1515698977298608e-05
37152.0,3.41456,1.8991509180760238,0.8726083580971338,44.76306950144613,125.586895535808,2.1513616629544503e-05
37160.0,3.4148,1.899323018683726,0.872638574364599,44.76228555202632,125.58890752525504,2.1511535506125847e-05
37168.0,3.4150400000000003,1.8994951026473423,0.8726687788528695,44.761501896630364,125.59091885321807,2.1509455605812138e-05
37176.0,3.41528,1.8996671699766539,0.8726989715691329,44.76071853508419,125.59292952004178,2.1507376927511663e-05
37184.0,3.41552,1.899839220681408,0.8727291525205664,44.75993546721414,125.59493952607005,2.150529947026531e-05
37192.0,3.4157599999999997,1.900011254771406,0.8727593217143513,44.75915269284592,125.59694887164802,2.150322323282408e-05
37200.0,3.4160000000000004,1.9001832722563587,0.8727894791576488,44.75837021180681,125.59895755711825,2.150114821416101e-05
37208.0,3.41624,1.9003552731460411,0.8728196248576259,44.75758802392287,125.60096558282524,2.14990744130857e-05
37216.0,3.41648,1.9005272574501904,0.8728497588214384,44.75680612902078,125.60297294911224,2.1497001828500267e-05
37224.0,3.4167199999999998,1.9006992251785098,0.8728798810562314,44.75602452692775,125.60497965632153,2.149493045941167e-05
37232.0,3.41696,1.9008711763407553,0.872909991569154,44.75524321747019,125.60698570479698,2.1492860304607914e-05
37240.0,3.4172000000000002,1.9010431109465953,0.8729400903673356,44.75446220047598,125.60899109487997,2.149079136311448e-05
37248.0,3.41744,1.9012150290057601,0.8729701774579111,44.75368147577191,125.61099582691361,2.1488723633762543e-05
37256.0,3.41768,1.901386930527943,0.8730002528480044,44.75290104318545,125.61299990123992,2.1486657115454217e-05
37264.0,3.41792,1.9015588155228045,0.8730303165447291,44.75212090254461,125.61500331819988,2.1484591807171797e-05
37272.0,3.41816,1.9017306840000567,0.8730603685552022,44.75134105367652,125.61700607813611,2.1482527707700205e-05
37280.0,3.4184,1.901902535969324,0.8730904088865213,44.75056149640991,125.61900818138814,2.148046481606183e-05
37288.0,3.41864,1.902074371440293,0.8731204375457898,44.74978223057236,125.62100962829776,2.1478403131069352e-05
37296.0,3.4188799999999997,1.9022461904226124,0.8731504545400995,44.749003255992214,125.6230104192053,2.147634265157862e-05
37304.0,3.41912,1.9024179929258982,0.873180459876532,44.748224572498565,125.62501055444989,2.1474283376467075e-05
37312.0,3.41936,1.9025897789598183,0.8732104535621729,44.747446179919336,125.62701003437262,2.147222530451656e-05
37320.0,3.4196,1.9027615485339529,0.8732404356040878,44.74666807808332,125.62900885931276,2.147016843502393e-05
37328.0,3.4198399999999998,1.902933301657945,0.8732704060093486,44.74589026681889,125.63100702961064,2.146811276678953e-05
37336.0,3.42008,1.9031050383413999,0.8733003647850155,44.74511274595516,125.63300454560537,2.1466058298678464e-05
37344.0,3.4203200000000002,1.9032767585938906,0.8733303119381387,44.74433551532204,125.6350014076349,2.1464005029524997e-05
37352.0,3.42056,1.903448462425041,0.8733602474757722,44.74355857474811,125.63699761603912,2.146195295817573e-05
37360.0,3.4208,1.903620149844387,0.8733901714049501,44.7427819240636,125.63899317115442,2.1459902083646885e-05
37368.0,3.42104,1.903791820861528,0.8734200837327126,44.74200556309766,125.64098807331972,2.1457852404748055e-05
37376.0,3.4212800000000003,1.9039634754860255,0.8734499844660889,44.741229491680016,125.64298232287291,2.145580392041836e-05
37384.0,3.42152,1.9041351137274078,0.8734798736120971,44.7404537096408,125.64497592015117,2.1453756629701777e-05
37392.0,3.42176,1.9043067355952559,0.8735097511777603,44.7396782168095,125.64696886549275,2.1451710531383223e-05
37400.0,3.422,1.904478341099062,0.8735396171700811,44.7389030130173,125.64896115923312,2.1449665624420325e-05
37408.0,3.42224,1.9046499302483815,0.8735694715960683,44.738128098094066,125.6509528017099,2.1447621907635012e-05
37416.0,3.42248,1.9048215030527325,0.87359931446272,44.737353471870264,125.65294379325951,2.1445579379972576e-05
37424.0,3.42272,1.9049930595216,0.873629145777023,44.736579134176864,125.65493413421723,2.1443538040452318e-05
37432.0,3.42296,1.905164599664521,0.873658965545969,44.73580508484408,125.65692382492006,2.1441497887883828e-05
37440.0,3.4232,1.9053361234909463,0.87368877377653,44.73503132370335,125.6589128657029,2.1439458921409774e-05
37448.0,3.4234400000000003,1.9055076310103876,0.8737185704756836,44.73425785058525,125.66090125690201,2.1437421139889087e-05
37456.0,3.42368,1.9056791222323206,0.8737483556503967,44.73348466532104,125.66288899885251,2.1435384542217717e-05
37464.0,3.42392,1.9058505971661888,0.8737781293076257,44.732711767742614,125.66487609188849,2.1433349127362538e-05
37472.0,3.4241599999999996,1.9060220558214858,0.873807891454331,44.73193915768082,125.6668625363457,2.1431314894167066e-05
37480.0,3.4244000000000003,1.90619349820762,0.873837642097454,44.73116683496803,125.66884833255708,2.14292818417092e-05
37488.0,3.42464,1.9063649243340612,0.8738673812439414,44.73039479943558,125.67083348085755,2.1427249968810872e-05
37496.0,3.42488,1.906536334210242,0.873897108900729,44.72962305091542,125.67281798158096,2.1425219274426618e-05
37504.0,3.4251199999999997,1.9067077278455633,0.8739268250747428,44.728851589240065,125.67480183506018,2.1423189757560327e-05
37512.0,3.42536,1.9068791052494762,0.8739565297729125,44.72808041424114,125.67678504162957,2.142116141705551e-05
37520.0,3.4256,1.9070504664313466,0.8739862230021482,44.727309525751814,125.6787676016207,2.141913425194998e-05
37528.0,3.42584,1.9072218114006014,0.8740159047693664,44.72653892360414,125.6807495153672,2.141710826110267e-05
37536.0,3.42608,1.907393140166631,0.8740455750814722,44.725768607630805,125.68273078320154,2.1415083443455786e-05
37544.0,3.42632,1.9075644527387938,0.8740752339453607,44.72499857766501,125.68471140545526,2.141305979804405e-05
37552.0,3.4265600000000003,1.9077357491264988,0.8741048813679311,44.724228833539144,125.68669138246139,2.1411037323698645e-05
37560.0,3.4268,1.907907029339069,0.8741345173560632,44.72345937508726,125.68867071455003,2.140901601940495e-05
37568.0,3.42704,1.9080782933858889,0.8741641419166425,44.72269020214216,125.69064940205344,2.14069958840219e-05
37576.0,3.42728,1.908249541276306,0.874193755056544,44.72192131453718,125.69262744530285,2.14049769165503e-05
37584.0,3.42752,1.9084207730196376,0.8742233567826321,44.721152712106004,125.69460484462863,2.1402959116098882e-05
37592.0,3.42776,1.9085919886252496,0.8742529471017757,44.72038439468179,125.69658160036248,2.1400942481508085e-05
37600.0,3.428,1.908763188102425,0.8742825260208245,44.71961636209914,125.69855771283383,2.139892701181571e-05
37608.0,3.4282399999999997,1.9089343714605058,0.8743120935466336,44.71884861419153,125.7005331823737,2.139691270591462e-05
37616.0,3.42848,1.9091055387087987,0.8743416496860479,44.71808115079309,125.70250800931188,2.139489956277169e-05
37624.0,3.42872,1.9092766898565794,0.8743711944459016,44.71731397173853,125.70448219397689,2.1392887581378472e-05
37632.0,3.42896,1.9094478249131719,0.8744007278330335,44.71654707686164,125.70645573669924,2.1390876760612405e-05
37640.0,3.4292,1.909618943887816,0.8744302498542627,44.71578046599809,125.70842863780624,2.1388867099397186e-05
37648.0,3.42944,1.9097900467898123,0.8744597605164143,44.715014138982134,125.71040089762747,2.138685859659792e-05
37656.0,3.4296800000000003,1.9099611336284255,0.8744892598263028,44.71424809564857,125.71237251649148,2.13848512512185e-05
37664.0,3.42992,1.9101322044128877,0.8745187477907324,44.7134823358325,125.71434349472612,2.1382845062395406e-05
37672.0,3.43016,1.9103032591524818,0.8745482244165116,44.71271685936857,125.71631383266033,2.1380840028965996e-05
37680.0,3.4303999999999997,1.9104742978564069,0.8745776897104297,44.71195166609282,125.71828353062088,2.1378836149980412e-05
37688.0,3.4306400000000004,1.9106453205339218,0.8746071436792822,44.71118675584018,125.72025258893615,2.1376833424353097e-05
37696.0,3.43088,1.9108163271942495,0.8746365863298531,44.710422128446105,125.72222100793348,2.1374831851091027e-05
37704.0,3.43112,1.9109873178465835,0.8746660176689175,44.70965778374644,125.72418878793935,2.1372831429306016e-05
37712.0,3.4313599999999997,1.9111582925001644,0.8746954377032538,44.70889372157641,125.72615592928165,2.1370832157903265e-05
37720.0,3.4316,1.9113292511641522,0.8747248464396218,44.70812994177292,125.72812243228559,2.1368834035871236e-05
37728.0,3.4318400000000002,1.9115001938477645,0.8747542438847871,44.70736644417155,125.73008829727836,2.1366837062121293e-05
37736.0,3.43208,1.9116711205601837,0.8747836300455044,44.70660322860867,125.7320535245857,2.136484123560181e-05
37744.0,3.43232,1.911842031310561,0.8748130049285187,44.705840294921316,125.73401811453203,2.1362846555261157e-05
37752.0,3.43256,1.9120129261080971,0.8748423685405787,44.705077642945454,125.73598206744394,2.1360853019967523e-05
37760.0,3.4328,1.912183804961907,0.8748717208884144,44.704315272518656,125.73794538364491,2.1358860628755634e-05
37768.0,3.43304,1.9123546678811678,0.8749010619787614,44.70355318347738,125.73990806346053,2.1356869380518344e-05
37776.0,3.43328,1.91252551487502,0.8749303918183449,44.7027913756584,125.74187010721583,2.1354879274284217e-05
37784.0,3.4335199999999997,1.9126963459525745,0.8749597104138802,44.70202984889862,125.74383151523551,2.1352890309368612e-05
37792.0,3.43376,1.91286716112299,0.8749890177720868,44.70126860303476,125.74579228784468,2.1350902484645884e-05
37800.0,3.434,1.9130379603953442,0.8750183138996653,44.700507637905325,125.74775242536587,2.1348915799015062e-05
37808.0,3.43424,1.9132087437787737,0.8750475988033224,44.69974695334729,125.74971192812382,2.134693025143994e-05
37816.0,3.4344799999999998,1.9133795112823786,0.8750768724897535,44.69898654919832,125.7516707964417,2.1344945840908983e-05
37824.0,3.43472,1.9135502629152292,0.8751061349656449,44.698226425296646,125.75362903064135,2.1342962566456907e-05
37832.0,3.4349600000000002,1.9137209986864445,0.8751353862376867,44.69746658147966,125.7555866310468,2.134098042697658e-05
37840.0,3.4352,1.9138917186050601,0.8751646263125501,44.69670701758637,125.75754359797948,2.1338999421471883e-05
37848.0,3.43544,1.9140624226801715,0.8751938551969122,44.695947733454595,125.75949993176246,2.133701954884801e-05
37856.0,3.43568,1.9142331109208386,0.8752230728974396,44.695188728922595,125.76145563271803,2.133504080815819e-05
37864.0,3.4359200000000003,1.9144037833360914,0.8752522794207891,44.69443000382889,125.76341070116774,2.1333063198597513e-05
37872.0,3.43616,1.9145744399350073,0.8752814747736218,44.69367155801162,125.76536513743426,2.1331086719052667e-05
37880.0,3.4364,1.9147450807265847,0.8753106589625796,44.6929133913103,125.76731894183808,2.1329111368583052e-05
37888.0,3.43664,1.914915705719878,0.8753398319943114,44.692155503563306,125.76927211470128,2.1327137146177127e-05
37896.0,3.43688,1.9150863149239075,0.8753689938754539,44.69139789460981,125.77122465634451,2.1325164050764763e-05
37904.0,3.43712,1.9152569083476638,0.8753981446126358,44.690640564289595,125.77317656708713,2.1323192081340592e-05
37912.0,3.43736,1.9154274860001848,0.8754272842124884,44.689883512441426,125.77512784725064,2.1321221236803638e-05
37920.0,3.4375999999999998,1.9155980478904262,0.8754564126816253,44.689126738905486,125.77707849715367,2.1319251516271898e-05
37928.0,3.43784,1.915768594027403,0.8754855300266657,44.688370243521,125.77902851711676,2.1317282918653646e-05
37936.0,3.4380800000000002,1.9159391244200947,0.8755146362542178,44.68761402612772,125.78097790745962,2.131531544293735e-05
37944.0,3.43832,1.9161096390774515,0.8755437313708809,44.68685808656585,125.78292666850135,2.1313349088247164e-05
37952.0,3.43856,1.9162801380084702,0.8755728153832579,44.68610242467489,125.78487480056198,2.131138385346053e-05
37960.0,3.4387999999999996,1.916450621222069,0.8756018882979341,44.685347040295525,125.78682230395927,2.1309419737784872e-05
37968.0,3.4390400000000003,1.9166210887272224,0.8756309501214987,44.68459193326759,125.78876917901273,2.1307456740146976e-05
37976.0,3.43928,1.9167915405328706,0.8756600008605324,44.68383710343145,125.79071542604086,2.1305494859581566e-05
37984.0,3.43952,1.916961976647926,0.875689040521606,44.68308255062796,125.79266104536129,2.1303534095203542e-05
37992.0,3.4397599999999997,1.9171323970813459,0.8757180691112934,44.682328274697184,125.79460603729298,2.1301574445955113e-05
38000.0,3.44,1.9173028018420093,0.875747086636151,44.68157427548094,125.79655040215204,2.1299615910858665e-05
38008.0,3.44024,1.9174731909388518,0.8757760931027406,44.68082055281971,125.79849414025668,2.1297658488831733e-05
38016.0,3.44048,1.9176435643807739,0.8758050885176137,44.68006710655473,125.80043725192388,2.1295702178884362e-05
38024.0,3.44072,1.9178139221766473,0.8758340728873124,44.67931393652784,125.80237973746942,2.1293746979995766e-05
38032.0,3.44096,1.9179842643353902,0.8758630462183823,44.67856104257992,125.80432159721092,2.129179289107423e-05
38040.0,3.4412000000000003,1.918154590865841,0.8758920085173513,44.67780842455264,125.8062628314641,2.128983991146903e-05
38048.0,3.44144,1.9183249017768957,0.8759209597907526,44.67705608228726,125.80820344054581,2.1287888040100793e-05
38056.0,3.44168,1.918495197077416,0.8759499000451092,44.676304015625625,125.81014342477205,2.1285937275979567e-05
38064.0,3.44192,1.9186654767762352,0.8759788292869352,44.675552224410225,125.81208278445798,2.1283987618112318e-05
38072.0,3.44216,1.9188357408822316,0.8760077475227479,44.6748007084825,125.81402151992012,2.1282039065462837e-05
38080.0,3.4424,1.9190059894042069,0.8760366547590469,44.67404946768504,125.8159596314723,2.1280091617263224e-05
38088.0,3.44264,1.9191762223510174,0.8760655510023375,44.673298501859705,125.81789711943031,2.1278145272468014e-05
38096.0,3.4428799999999997,1.9193464397314868,0.8760944362591145,44.672547810849,125.81983398410898,2.127620003010576e-05
38104.0,3.44312,1.91951664155441,0.876123310535864,44.67179739449597,125.82177022582225,2.1274255889214277e-05
38112.0,3.44336,1.9196868278286272,0.8761521738390753,44.671047252642744,125.82370584488537,2.1272312848760436e-05
38120.0,3.4436,1.9198569985629015,0.8761810261752201,44.670297385132635,125.82564084161108,2.127037090795166e-05
38128.0,3.44384,1.9200271537660507,0.8762098675507753,44.669547791808185,125.82757521631393,2.126843006574866e-05
38136.0,3.44408,1.92019729344686,0.8762386979722083,44.66879847251265,125.8295089693073,2.1266490321146064e-05
38144.0,3.4443200000000003,1.9203674176140848,0.8762675174459764,44.66804942709001,125.83144210090337,2.1264551673086077e-05
38152.0,3.44456,1.9205375262765267,0.876296325978541,44.66730065538308,125.83337461141618,2.126261412051707e-05
38160.0,3.4448,1.920707619442908,0.8763251235763461,44.666552157236175,125.83530650115678,2.1260677662569376e-05
38168.0,3.44504,1.9208776971220083,0.8763539102458401,44.6658039324926,125.83723777043836,2.1258742298142013e-05
38176.0,3.4452800000000003,1.9210477593225725,0.8763826859934627,44.665055980996044,125.8391684195733,2.125680802635915e-05
38184.0,3.44552,1.9212178060533176,0.8764114508256432,44.66430830259041,125.8410984488734,2.125487484646829e-05
38192.0,3.44576,1.9213878373230058,0.8764402047488152,44.66356089711928,125.84302785865128,2.125294275738697e-05
38200.0,3.4459999999999997,1.921557853140324,0.8764689477693952,44.66281376442744,125.8449566492178,2.1251011758304115e-05
38208.0,3.44624,1.9217278535140119,0.876497679893804,44.66206690435871,125.84688482088514,2.124908184821744e-05
38216.0,3.44648,1.9218978384527785,0.8765264011284534,44.66132031675748,125.84881237396449,2.1247153026173996e-05
38224.0,3.44672,1.9220678079653046,0.876555111479746,44.66057400146869,125.85073930876608,2.1245225291297947e-05
38232.0,3.44696,1.9222377620603144,0.8765838109540874,44.659827958336415,125.85266562560169,2.1243298642556166e-05
38240.0,3.4472,1.9224077007464555,0.8766124995578662,44.659082187206764,125.85459132477926,2.1241373078887776e-05
38248.0,3.4474400000000003,1.922577624032431,0.8766411772974763,44.658336687924304,125.85651640660973,2.1239448599225723e-05
38256.0,3.44768,1.9227475319269107,0.8766698441793015,44.657591460333975,125.85844087140302,2.1237525202725013e-05
38264.0,3.44792,1.9229174244385356,0.8766985002097164,44.65684650428094,125.86036471946855,2.123560288865166e-05
38272.0,3.4481599999999997,1.9230873015759924,0.8767271453950995,44.65610181961012,125.86228795111647,2.123368165594787e-05
38280.0,3.4484,1.9232571633478914,0.8767557797418125,44.65535740616783,125.86421056665526,2.1231761503713125e-05
38288.0,3.44864,1.9234270097628976,0.876784403256221,44.654613263799206,125.86613256639467,2.1229842430929722e-05
38296.0,3.44888,1.9235968408296427,0.8768130159446816,44.653869392350074,125.86805395064314,2.1227924436653974e-05
38304.0,3.4491199999999997,1.9237666565567308,0.8768416178135422,44.65312579166689,125.86997471970788,2.12260075199021e-05
38312.0,3.44936,1.9239364569528101,0.8768702088691537,44.65238246159511,125.87189487389817,2.1224091679671815e-05
38320.0,3.4496,1.924106242026454,0.8768987891178499,44.65163940198112,125.87381441352123,2.1222176915275393e-05
38328.0,3.44984,1.9242760117862894,0.8769273585659698,44.65089661267077,125.8757333388855,2.1220263225719806e-05
38336.0,3.45008,1.924445766240911,0.876955917219843,44.65015409351065,125.87765165029832,2.1218350609984265e-05
38344.0,3.45032,1.9246155053988843,0.8769844650857899,44.64941184434806,125.87956934806607,2.1216439067054146e-05
38352.0,3.4505600000000003,1.9247852292688208,0.877013002170134,44.64866986502909,125.88148643249674,2.121452859589633e-05
38360.0,3.4508,1.9249549378592554,0.8770415284791822,44.647928155400756,125.88340290389601,2.121261919586935e-05
38368.0,3.45104,1.9251246311787773,0.8770700440192463,44.64718671530959,125.88531876257116,2.1210710865952425e-05
38376.0,3.45128,1.9252943092359445,0.8770985487966287,44.6464455446025,125.8872340088289,2.1208803605272787e-05
38384.0,3.45152,1.9254639720392879,0.8771270428176234,44.645704643126685,125.88914864297567,2.1206897413084125e-05
38392.0,3.45176,1.9256336195973809,0.8771555260885268,44.64496401072885,125.89106266531834,2.1204992288393403e-05
38400.0,3.452,1.925803251918724,0.8771839986156195,44.644223647257654,125.89297607616047,2.1203088230136664e-05
38408.0,3.4522399999999998,1.92597286901187,0.8772124604051863,44.64348355256015,125.89488887580845,2.120118523732395e-05
38416.0,3.45248,1.926142470885339,0.8772409114635026,44.64274372648411,125.89680106456706,2.119928330901466e-05
38424.0,3.4527200000000002,1.9263120575476227,0.8772693517968352,44.642004168877875,125.89871264273968,2.1197382444292862e-05
38432.0,3.45296,1.9264816290072582,0.8772977814114538,44.641264879588924,125.90062361063188,2.119548264208225e-05
38440.0,3.4532,1.9266511852727062,0.8773262003136116,44.64052585846569,125.90253396854783,2.1193583901722866e-05
38448.0,3.45344,1.926820726352482,0.8773546085095668,44.63978710535604,125.90444371679227,2.1191686222175415e-05
38456.0,3.4536800000000003,1.926990252255069,0.8773830060055678,44.6390486201082,125.90635285566943,2.1189789602551715e-05
38464.0,3.45392,1.9271597629889237,0.8774113928078551,44.638310402570696,125.90826138548296,2.1187894042114703e-05
38472.0,3.45416,1.9273292585625452,0.8774397689226716,44.637572452591584,125.91016930653741,2.1185999539862098e-05
38480.0,3.4543999999999997,1.9274987389843592,0.8774681343562442,44.63683477002074,125.91207661913393,2.118410609475152e-05
38488.0,3.4546400000000004,1.9276682042628444,0.877496489114804,44.63609735470654,125.91398332357643,2.1182213705823862e-05
38496.0,3.45488,1.927837654406447,0.8775248332045738,44.63536020649789,125.91588942016772,2.1180322372178608e-05
38504.0,3.45512,1.9280070894235863,0.8775531666317663,44.634623325244014,125.9177949092097,2.1178432093063274e-05
38512.0,3.4553599999999998,1.9281765093227252,0.8775814894025985,44.633886710793654,125.9196997910056,2.117654286744165e-05
38520.0,3.4556,1.9283459141122532,0.8776098015232708,44.633150362996716,125.92160406585707,2.1174654694545837e-05
38528.0,3.4558400000000002,1.9285153038006118,0.8776381029999882,44.632414281702204,125.92350773406673,2.1172767573410553e-05
38536.0,3.45608,1.9286846783962113,0.8776663938389462,44.63167846675979,125.92541079593613,2.117088150308594e-05
38544.0,3.45632,1.9288540379074353,0.877694674046332,44.63094291801971,125.92731325176572,2.1168996482649903e-05
38552.0,3.45656,1.9290233823427094,0.8777229436283355,44.630207635331274,125.92921510185778,2.116711251112174e-05
38560.0,3.4568,1.9291927117103878,0.8777512025911315,44.629472618544845,125.93111634651228,2.1165229587804475e-05
38568.0,3.45704,1.929362026018875,0.877779450940898,44.62873786751011,125.93301698603071,2.1163347711689655e-05
38576.0,3.45728,1.929531325276546,0.8778076886838049,44.62800338207739,125.9349170207135,2.1161466881845935e-05
38584.0,3.4575199999999997,1.929700609491747,0.8778359158260127,44.62726916209756,125.93681645086016,2.1159587097372794e-05
38592.0,3.45776,1.929869878672868,0.8778641323736857,44.62653520742057,125.93871527677169,2.115770835725561e-05
38600.0,3.458,1.930039132828227,0.8778923383329715,44.62580151789719,125.94061349874717,2.1155830660899185e-05
38608.0,3.45824,1.9302083719661929,0.8779205337100229,44.62506809337774,125.94251111708694,2.1153954007301233e-05
38616.0,3.4584799999999998,1.9303775960951042,0.8779487185109832,44.624334933713065,125.94440813209057,2.115207839557974e-05
38624.0,3.45872,1.9305468052232737,0.8779768927419872,44.62360203875454,125.94630454405691,2.1150203824840367e-05
38632.0,3.4589600000000003,1.930715999359055,0.8780050564091733,44.62286940835265,125.94820035328593,2.1148330294164088e-05
38640.0,3.4592,1.9308851785107306,0.878033209518663,44.62213704235938,125.9500955600745,2.1146457802659643e-05
38648.0,3.45944,1.931054342686634,0.878061352076583,44.62140494062563,125.95199016472193,2.1144586349367927e-05
38656.0,3.45968,1.9312234918950675,0.8780894840890509,44.62067310300295,125.95388416752634,2.1142715933385335e-05
38664.0,3.4599200000000003,1.9313926261443064,0.8781176055621753,44.619941529343386,125.95577756878487,2.1140846553829862e-05
38672.0,3.46016,1.931561745442669,0.8781457165020681,44.619210219498186,125.95767036879617,2.1138978209677634e-05
38680.0,3.4604,1.9317308497984005,0.8781738169148255,44.6184791733196,125.95956256785705,2.113711090024401e-05
38688.0,3.4606399999999997,1.9318999392197986,0.8782019068065481,44.617748390659216,125.96145416626548,2.1135244624551383e-05
38696.0,3.46088,1.9320690137151297,0.8782299861833273,44.617017871369136,125.96334516431861,2.113337938170849e-05
38704.0,3.46112,1.9322380732926343,0.878258055051246,44.61628761530191,125.96523556231278,2.1131515170882656e-05
38712.0,3.46136,1.9324071179605942,0.8782861134163907,44.61555762230933,125.96712536054564,2.1129651991096275e-05
38720.0,3.4616,1.932576147727221,0.8783141612848318,44.61482789224433,125.9690145593125,2.112778984163387e-05
38728.0,3.46184,1.9327451626007763,0.8783421986626441,44.614098424959025,125.97090315891039,2.112592872155175e-05
38736.0,3.4620800000000003,1.9329141625894917,0.8783702255558936,44.61336922030615,125.97279115963526,2.1124068629949396e-05
38744.0,3.46232,1.9330831477015726,0.8783982419706376,44.61264027813893,125.97467856178227,2.112220956596948e-05
38752.0,3.46256,1.933252117945266,0.8784262479129369,44.61191159830977,125.97656536564787,2.112035152865288e-05
38760.0,3.4627999999999997,1.9334210733287471,0.8784542433888363,44.611183180672406,125.97845157152612,2.1118494517194694e-05
38768.0,3.46304,1.933590013860243,0.8784822284043846,44.61045502507964,125.98033717971285,2.111663853063581e-05
38776.0,3.46328,1.9337589395479502,0.878510202965623,44.60972713138467,125.98222219050307,2.1114783568134305e-05
38784.0,3.46352,1.933927850400039,0.8785381670785832,44.60899949944105,125.98410660419121,2.1112929628965455e-05
38792.0,3.4637599999999997,1.934096746424721,0.8785661207493003,44.608272129101806,125.9859904210726,2.1111076712148564e-05
38800.0,3.464,1.9342656276301382,0.8785940639837938,44.607545020221295,125.98787364144037,2.110922481688488e-05
38808.0,3.46424,1.9344344940244826,0.8786219967880877,44.60681817265285,125.98975626558932,2.1107373942230723e-05
38816.0,3.46448,1.9346033456159157,0.8786499191681971,44.60609158625035,125.99163829381325,2.1105524087325663e-05
38824.0,3.46472,1.9347721824125739,0.8786778311301289,44.605365260868076,125.99351972640498,2.1103675251395632e-05
38832.0,3.46496,1.9349410044226336,0.8787057326798928,44.604639196359656,125.99540056365883,2.1101827433475354e-05
38840.0,3.4652000000000003,1.935109811654201,0.878733623823483,44.60391339258044,125.99728080586624,2.1099980632605713e-05
38848.0,3.46544,1.9352786041154328,0.8787615045668977,44.60318784938442,125.99916045332074,2.1098134847833776e-05
38856.0,3.46568,1.935447381814456,0.8787893749161271,44.602462566626,126.0010395063151,2.109629007834229e-05
38864.0,3.46592,1.93561614475937,0.8788172348771527,44.60173754415979,126.00291796514138,2.1094446323489792e-05
38872.0,3.46616,1.9357848929583172,0.8788450844559589,44.601012781840105,126.00479583009263,2.1092603582274e-05
38880.0,3.4664,1.935953626419371,0.8788729236585147,44.60028827952207,126.00667310146083,2.109076185405037e-05
38888.0,3.46664,1.936122345150654,0.8789007524907942,44.59956403706018,126.00854977953861,2.10889211379338e-05
38896.0,3.4668799999999997,1.9362910491602578,0.8789285709587619,44.59884005430973,126.01042586461732,2.1087081432986778e-05
38904.0,3.46712,1.9364597384562505,0.8789563790683742,44.598116331126775,126.01230135698687,2.108524273818234e-05
38912.0,3.46736,1.9366284130467393,0.878984176825591,44.59739286736608,126.01417625693955,2.108340505259222e-05
38920.0,3.4676,1.9367970729397612,0.8790119642363563,44.59666966288348,126.01605056476488,2.108156837558112e-05
38928.0,3.46784,1.9369657181434046,0.8790397413066184,44.595946717534225,126.01792428075409,2.1079732706156015e-05
38936.0,3.46808,1.937134348665727,0.8790675080423173,44.59522403117396,126.01979740519792,2.1077898043511986e-05
38944.0,3.4683200000000003,1.937302964514761,0.8790952644493845,44.594501603658685,126.02166993838675,2.1076064386905803e-05
38952.0,3.46856,1.9374715656985793,0.8791230105337546,44.59377943484382,126.0235418806114,2.1074231735393775e-05
38960.0,3.4688,1.9376401522251865,0.8791507463013473,44.59305752458604,126.02541323216057,2.1072400088189498e-05
38968.0,3.4690399999999997,1.9378087241026365,0.8791784717580858,44.592335872741074,126.02728399332473,2.1070569444401704e-05
38976.0,3.4692800000000004,1.9379772813389524,0.8792061869098855,44.591614479165365,126.02915416439299,2.106873980312988e-05
38984.0,3.46952,1.9381458239421323,0.8792338917626531,44.59089334371599,126.03102374565319,2.1066911163427255e-05
38992.0,3.46976,1.938314351920215,0.8792615863222981,44.59017246624899,126.03289273739523,2.1065083524356308e-05
39000.0,3.4699999999999998,1.93848286528117,0.8792892705947155,44.58945184662114,126.03476113990727,2.106325688535576e-05
39008.0,3.47024,1.9386513640330163,0.8793169445858039,44.58873148468889,126.03662895347841,2.1061431245478828e-05
39016.0,3.4704800000000002,1.9388198481837435,0.8793446083014538,44.58801138030907,126.03849617839718,2.105960660391753e-05
39024.0,3.47072,1.9389883177413172,0.8793722617475475,44.587291533338906,126.04036281495162,2.105778295988545e-05
39032.0,3.47096,1.9391567727137413,0.8793999049299702,44.58657194363497,126.04222886343052,2.1055960312491325e-05
39040.0,3.4712,1.939325213108954,0.8794275378545922,44.585852611055095,126.04409432412035,2.1054138660964172e-05
39048.0,3.47144,1.9394936389349406,0.8794551605272877,44.585133535456194,126.0459591973094,2.1052318004400388e-05
39056.0,3.47168,1.9396620501996578,0.879482772953923,44.58441471669571,126.0478234832849,2.1050498341979645e-05
39064.0,3.47192,1.939830446911037,0.8795103751403556,44.583696154631596,126.04968718233312,2.1048679672878528e-05
39072.0,3.4721599999999997,1.9399988290770496,0.8795379670924462,44.58297784912102,126.05155029474179,2.104686199617493e-05
39080.0,3.4724,1.9401671967055993,0.8795655488160413,44.58225980002246,126.05341282079651,2.104504531110095e-05
39088.0,3.47264,1.940335549804638,0.8795931203169902,44.581542007193455,126.05527476078433,2.104322961674682e-05
39096.0,3.47288,1.9405038883820882,0.8796206816011348,44.580824470492125,126.05713611499131,2.104141491223979e-05
39104.0,3.4731199999999998,1.9406722124458469,0.8796482326743079,44.58010718977706,126.05899688370248,2.103960119675335e-05
39112.0,3.47336,1.9408405220038516,0.8796757735423465,44.579390164906094,126.06085706720444,2.103778846937157e-05
39120.0,3.4736000000000002,1.9410088170639712,0.8797033042110715,44.578673395738114,126.06271666578168,2.10359767293728e-05
39128.0,3.47384,1.9411770976341236,0.8797308246863087,44.577956882131275,126.06457567972014,2.103416597585962e-05
39136.0,3.47408,1.9413453637221976,0.8797583349738751,44.57724062394421,126.06643410930491,2.103235620798702e-05
39144.0,3.47432,1.941513615336057,0.87978583507958,44.57652462103595,126.06829195482051,2.1030547425021024e-05
39152.0,3.4745600000000003,1.941681852483605,0.8798133250092355,44.57580887326487,126.07014921655242,2.102873962603027e-05
39160.0,3.4748,1.9418500751726797,0.8798408047686389,44.57509338049014,126.07200589478468,2.102693281042573e-05
39168.0,3.47504,1.9420182834111654,0.8798682743635917,44.57437814257043,126.07386198980231,2.1025126977325392e-05
39176.0,3.47528,1.9421864772069188,0.8798957337998872,44.57366315936499,126.07571750188943,2.1023322125893503e-05
39184.0,3.47552,1.9423546565677727,0.8799231830833109,44.5729484307336,126.07757243132927,2.1021518255257307e-05
39192.0,3.47576,1.9425228215015975,0.8799506222196504,44.57223395653513,126.07942677840653,2.1019715364553296e-05
39200.0,3.476,1.9426909720161984,0.8799780512146799,44.57151973662953,126.08128054340334,2.1017913453106082e-05
39208.0,3.4762399999999998,1.9428591081194275,0.8800054700741765,44.570805770876085,126.08313372660366,2.1016112520021322e-05
39216.0,3.47648,1.9430272298191085,0.8800328788039093,44.57009205913456,126.08498632829057,2.10143125644756e-05
39224.0,3.4767200000000003,1.9431953371230406,0.8800602774096403,44.5693786012652,126.08683834874637,2.1012513585657836e-05
39232.0,3.47696,1.9433634300390619,0.880087665897133,44.56866539712749,126.08868978825451,2.1010715582682932e-05
39240.0,3.4772,1.9435315085749438,0.8801150442721376,44.5679524465822,126.09054064709623,2.1008918554807662e-05
39248.0,3.4774399999999996,1.943699572738506,0.8801424125404074,44.56723974948918,126.0923909255544,2.1007122501097584e-05
39256.0,3.4776800000000003,1.9438676225375389,0.8801697707076879,44.56652730570884,126.09424062391085,2.1005327420753954e-05
39264.0,3.47792,1.9440356579798077,0.8801971187797163,44.565815115102,126.0960897424465,2.100353331294719e-05
39272.0,3.47816,1.9442036790731176,0.8802244567622329,44.56510317752879,126.09793828144372,2.10017401767922e-05
39280.0,3.4783999999999997,1.944371685825207,0.8802517846609638,44.564391492850326,126.09978624118288,2.099994801160126e-05
39288.0,3.47864,1.9445396782438618,0.8802791024816387,44.56368006092706,126.10163362194572,2.0998156816513945e-05
39296.0,3.47888,1.9447076563368397,0.880306410229979,44.562968881619824,126.10348042401334,2.0996366590722263e-05
39304.0,3.47912,1.944875620111875,0.8803337079116987,44.56225795478981,126.10532664766632,2.09945773335169e-05
39312.0,3.47936,1.9450435695767394,0.8803609955325146,44.561547280297646,126.10717229318604,2.099278904402202e-05
39320.0,3.4796,1.9452115047391403,0.880388273098129,44.560836858005274,126.10901736085144,2.0991001721472797e-05
39328.0,3.4798400000000003,1.945379425606831,0.8804155406142479,44.560126687773646,126.11086185094341,2.0989215364981056e-05
39336.0,3.48008,1.945547332187537,0.8804427980865696,44.55941676946428,126.1127057637417,2.0987429973735718e-05
39344.0,3.48032,1.9457152244889595,0.8804700455207841,44.558707102939216,126.11454909952512,2.098564554691028e-05
39352.0,3.48056,1.945883102518838,0.8804972829225849,44.55799768805968,126.11639185857399,2.09838620836289e-05
39360.0,3.4808,1.9460509662848482,0.8805245102976507,44.55728852468747,126.11823404116743,2.0982079583385814e-05
39368.0,3.48104,1.9462188157947111,0.8805517276516642,44.556579612684125,126.1200756475852,2.098029804532368e-05
39376.0,3.48128,1.9463866510561203,0.8805789349903003,44.55587095191183,126.12191667810599,2.0978517468557402e-05
39384.0,3.4815199999999997,1.9465544720767456,0.8806061323192257,44.55516254223344,126.12375713300752,2.0976737852167966e-05
39392.0,3.48176,1.9467222788642944,0.8806333196441103,44.55445438351066,126.1255970125692,2.097495919530111e-05
39400.0,3.482,1.946890071426409,0.8806604969706097,44.553746475606204,126.12743631706799,2.0973181497346223e-05
39408.0,3.48224,1.9470578497707787,0.880687664304383,44.553038818382234,126.12927504678251,2.097140475740278e-05
39416.0,3.48248,1.947225613905064,0.8807148216510817,44.55233141170137,126.13111320199063,2.0969628974653538e-05
39424.0,3.48272,1.9473933638369025,0.8807419690163492,44.55162425542661,126.13295078296953,2.0967854148364513e-05
39432.0,3.4829600000000003,1.9475610995739687,0.880769106405832,44.550917349420324,126.13478778999739,2.096608027764445e-05
39440.0,3.4832,1.9477288211238752,0.8807962338251628,44.55021069354557,126.13662422335119,2.0964307361947483e-05
39448.0,3.48344,1.9478965284942786,0.8808233512799775,44.54950428766499,126.13846008330871,2.096253540041319e-05
39456.0,3.48368,1.948064221692809,0.8808504587759042,44.54879813164168,126.14029537014686,2.0960764392270583e-05
39464.0,3.4839200000000003,1.948231900727074,0.8808775563185641,44.548092225339246,126.14213008414164,2.095899433672092e-05
39472.0,3.48416,1.948399565604717,0.8809046439135804,44.54738656862049,126.14396422557051,2.0957225232934614e-05
39480.0,3.4844,1.9485672163333185,0.8809317215665623,44.54668116134951,126.14579779470826,2.0955457080165355e-05
39488.0,3.4846399999999997,1.9487348529205044,0.8809587892831233,44.54597600338951,126.14763079183159,2.0953689877552712e-05
39496.0,3.48488,1.9489024753738726,0.8809858470688682,44.545271094604274,126.14946321721618,2.0951923624257856e-05
39504.0,3.48512,1.9490700837009973,0.8810128949293949,44.54456643485815,126.15129507113681,2.095015831945737e-05
39512.0,3.48536,1.9492376779094909,0.8810399328703038,44.543862024014594,126.15312635386962,2.0948393962256908e-05
39520.0,3.4856,1.9494052580069,0.8810669608971807,44.543157861937935,126.15495706568898,2.0946630552076684e-05
39528.0,3.48584,1.9495728240008185,0.8810939790156159,44.542453948491996,126.15678720687042,2.094486808802852e-05
39536.0,3.48608,1.9497403758988134,0.8811209872311916,44.54175028354089,126.15861677768893,2.0943106569366104e-05
39544.0,3.48632,1.9499079137084276,0.8811479855494827,44.54104686694906,126.16044577841912,2.094134599545722e-05
39552.0,3.48656,1.950075437437241,0.8811749739760663,44.54034369858046,126.16227420933618,2.0939586365435286e-05
39560.0,3.4867999999999997,1.9502429470927714,0.8812019525165063,44.53964077830059,126.16410207071274,2.0937827678446037e-05
39568.0,3.48704,1.9504104426825806,0.8812289211763698,44.53893810597371,126.16592936282356,2.093606993365989e-05
39576.0,3.48728,1.9505779242142038,0.8812558799612161,44.5382356814646,126.16775608594233,2.0934313130299698e-05
39584.0,3.48752,1.9507453916951525,0.8812828288765975,44.53753350463834,126.16958224034195,2.0932557267665395e-05
39592.0,3.4877599999999997,1.9509128451329754,0.8813097679280683,44.53683157535953,126.17140782629657,2.0930802344896564e-05
39600.0,3.488,1.9510802845351598,0.8813366971211698,44.5361298934933,126.17323284407945,2.0929048361490515e-05
39608.0,3.4882400000000002,1.9512477099092365,0.8813636164614463,44.53542845890448,126.17505729396424,2.0927295316620755e-05
39616.0,3.48848,1.95141512126271,0.8813905259544347,44.53472727145852,126.17688117622367,2.092554320942994e-05
39624.0,3.48872,1.9515825186030622,0.8814174256056645,44.534026331021636,126.17870449112937,2.0923792038986717e-05
39632.0,3.48896,1.9517499019378106,0.881444315420668,44.53332563745881,126.18052723895475,2.0922041804501596e-05
39640.0,3.4892000000000003,1.9519172712744104,0.8814711954049632,44.53262519063592,126.18234941997058,2.0920292505385544e-05
39648.0,3.48944,1.9520846266203615,0.8814980655640722,44.531924990418396,126.18417103444943,2.091854414079047e-05
39656.0,3.48968,1.9522519679831372,0.8815249259035092,44.53122503667209,126.18599208266329,2.09167967099423e-05
39664.0,3.48992,1.9524192953701878,0.8815517764287811,44.53052532926319,126.18781256488373,2.0915050212150232e-05
39672.0,3.49016,1.9525866087890003,0.8815786171453975,44.529825868057294,126.18963248138289,2.091330464657543e-05
39680.0,3.4904,1.9527539082469987,0.8816054480588543,44.529126652921335,126.19145183243077,2.0911560012434575e-05
39688.0,3.49064,1.9529211937516529,0.881632269174651,44.52842768372123,126.19327061829914,2.0909816308898074e-05
39696.0,3.4908799999999998,1.9530884653104053,0.8816590804982796,44.52772896032326,126.1950888392588,2.090807353524429e-05
39704.0,3.49112,1.9532557229306753,0.8816858820352244,44.52703048259389,126.19690649557991,2.0906331690884183e-05
39712.0,3.4913600000000002,1.9534229666199188,0.8817126737909727,44.52633225039931,126.19872358753368,2.0904590774960417e-05
39720.0,3.4916,1.9535901963855304,0.8817394557709983,44.52563426360723,126.20054011538924,2.0902850786594066e-05
39728.0,3.49184,1.9537574122349481,0.8817662279807782,44.52493652208409,126.2023560794173,2.090111172497405e-05
39736.0,3.4920799999999996,1.9539246141755842,0.8817929904257816,44.52423902569664,126.20417147988775,2.0899373589400305e-05
39744.0,3.4923200000000003,1.954091802214828,0.8818197431114717,44.523541774311724,126.20598631706999,2.089763637935782e-05
39752.0,3.49256,1.9542589763601044,0.8818464860433127,44.522844767796094,126.20780059123423,2.089590009396458e-05
39760.0,3.4928,1.9544261366187787,0.8818732192267562,44.52214800601765,126.20961430264917,2.0894164732486607e-05
39768.0,3.4930399999999997,1.9545932829982595,0.8818999426672577,44.521451488843304,126.21142745158463,2.089243029414366e-05
39776.0,3.49328,1.954760415505928,0.8819266563702644,44.52075521614064,126.21324003830918,2.0890696778099985e-05
39784.0,3.49352,1.954927534149143,0.8819533603412164,44.52005918777787,126.2150520630902,2.088896418349516e-05
39792.0,3.49376,1.9550946389352997,0.8819800545855567,44.519363403622194,126.21686352619706,2.0887232509505774e-05
39800.0,3.4939999999999998,1.955261729871731,0.8820067391087142,44.51866786354161,126.21867442789718,2.088550175558596e-05
39808.0,3.49424,1.9554288069658141,0.8820334139161221,44.51797256740371,126.22048476845909,2.088377192090306e-05
39816.0,3.4944800000000003,1.9555958702249003,0.8820600790132056,44.51727751507639,126.2222945481509,2.0882043004707665e-05
39824.0,3.49472,1.9557629196563184,0.8820867344053829,44.5165827064278,126.22410376724035,2.0880315006398407e-05
39832.0,3.49496,1.9559299552674325,0.8821133800980747,44.515888141325654,126.22591242599572,2.087858792515804e-05
39840.0,3.4952,1.9560969770655472,0.8821400160966886,44.51519381963906,126.22772052468322,2.0876861760200154e-05
39848.0,3.49544,1.95626398505801,0.8821666424066356,44.51449974123602,126.22952806357074,2.087513651071059e-05
39856.0,3.49568,1.9564309792521422,0.882193259033319,44.51380590598492,126.23133504292524,2.087341217601087e-05
39864.0,3.49592,1.9565979596552434,0.8822198659821355,44.513112313754355,126.23314146301287,2.0871688755468793e-05
39872.0,3.4961599999999997,1.9567649262746483,0.8822464632584837,44.51241896441262,126.23494732410104,2.086996624827944e-05
39880.0,3.4964,1.956931879117632,0.8822730508677495,44.51172585782906,126.23675262645553,2.0868244653742758e-05
39888.0,3.49664,1.9570988181915125,0.8822996288153223,44.511032993872185,126.23855737034319,2.0866523971087753e-05
39896.0,3.49688,1.9572657435035812,0.8823261971065836,44.51034037241115,126.2403615560298,2.0864804199494102e-05
39904.0,3.49712,1.9574326550611074,0.882352755746908,44.509647993315745,126.24216518378007,2.086308533809521e-05
39912.0,3.49736,1.9575995528713959,0.8823793047416726,44.50895585645474,126.24396825386047,2.0861367386101585e-05
39920.0,3.4976000000000003,1.95776643694169,0.8824058440962413,44.508263961697736,126.24577076653516,2.085965034293961e-05
39928.0,3.49784,1.957933307279277,0.8824323738159813,44.50757230891391,126.24757272206979,2.0857934207770452e-05
39936.0,3.49808,1.9581001638914184,0.8824588939062527,44.50688089797283,126.24937412072943,2.085621897985705e-05
39944.0,3.49832,1.9582670067853525,0.8824854043724081,44.50618972874448,126.2511749627786,2.0854504658483917e-05
39952.0,3.4985600000000003,1.9584338359683535,0.8825119052198029,44.505498801098184,126.2529752484826,2.085279124282148e-05
39960.0,3.4988,1.9586006514476368,0.8825383964537795,44.50480811490394,126.2547749781054,2.0851078732370132e-05
39968.0,3.49904,1.95876745323046,0.8825648780796838,44.50411767003134,126.25657415191196,2.0849367126340385e-05
39976.0,3.4992799999999997,1.9589342413240547,0.882591350102854,44.503427466350445,126.25837277016636,2.084765642398592e-05
39984.0,3.49952,1.9591010157356323,0.8826178125286221,44.502737503731794,126.26017083313197,2.084594662456042e-05
39992.0,3.49976,1.9592677764724378,0.8826442653623213,44.502047782045146,126.26196834107338,2.084423772728673e-05
40000.0,3.5,1.959434523541678,0.8826707086092762,44.501358301160614,126.26376529425394,2.0842529731600488e-05
