rho_program,s,mu,b_met,SAM,met,tlogmu,resid,ds,nit,x_b_gly,x_b_glu,x_b_cys,x_b_gsg,x_b_gsh,x_c_thf,x_c_5mf,x_c_2cf,x_c_1cf,x_c_10f,x_c_dhf,x_aic,x_c_glu,x_c_cys,x_glc,x_c_gly,x_c_gsg,x_c_gsh,x_cyt,x_hcy,x_c_ser,x_sah,x_sam,x_met,x_c_coo,x_species_1,x_species_2,x_species_3,x_species_4,x_species_5,x_species_6,x_species_8,x_species_9,x_m_thf,x_m_2cf,x_m_1cf,x_m_10f,x_m_ser,x_m_gly,x_m_coo,x_src,x_dmg,x_parameter_1,x_parameter_2,x_parameter_3,x_parameter_4
0.0,0.0,1.0,30.0,65.06138248397946,50.60069244747123,0.23023406293529408,1.232042714757628e-11,,0,218.73317150152943,60.465161622517535,183.0994663813897,0.47263292278399066,12.547065582222855,4.025093302058317,5.360798592550144,0.46396265569485134,0.2594976768036633,3.2553950531951203,0.03525271969790244,0.944676738309725,3236.782294082109,179.792196768023,9.607066151496502,927.5601310006062,59.80626824136652,6272.5149272058525,32.30475815900682,1.0242519486339277,571.2252858005434,15.562669321159415,65.06138248397946,50.60069244747123,13.97581106521721,0.011178638638758188,98.20362967232711,61.35951148733721,79.59175253092295,0.02727425378255086,0.9037514421351917,38.83339076281266,160.66660923718734,20.989363966569115,1.667296818685361,1.5502213120093644,15.993117902736174,2150.0578251144093,2043.4702842089748,58.37100737016889,8.254110230233993,0.6775594631604028,72.25571789959064,42.28537920547802,21.13401399239454,0.5849783133222257
0.0,0.04331053079110968,1.01,30.3,66.22878769304911,50.87984324582444,0.2292385281656789,4.400152552705814e-12,,4,218.95813049835317,60.46359984548346,183.31254087229527,0.4736250701670769,12.560664004934027,4.076778084931988,5.289629948062557,0.4676514783712274,0.2611871645064321,3.2692101005730096,0.03554322355478538,0.9445005970453468,3235.323374322989,181.0112664341279,9.6244076615883,927.3657698981939,59.9331192481245,6298.769553628819,32.66261616775449,1.0315915861539362,570.5238810580826,15.810148713647969,66.22878769304911,50.87984324582444,13.889336642548683,0.011257991264185701,97.7273535676121,61.62241843038211,79.81229692181589,0.027495901815808254,0.9094666827201743,38.79092735570116,160.70907264429877,20.994963089050263,1.6674736953898563,1.5503024025696097,15.987260812990279,2147.069198108431,2043.189335011727,58.12377167645601,8.324191518011661,0.6799107381063286,71.90831200245977,42.43041460565939,21.062281007701717,0.5858093569761793
0.0,0.2433628237169136,1.056830726722344,31.70492180167032,71.97956841229035,52.10614158854956,0.22352972514549296,1.5701431266279542e-09,0.2,2,219.91750275831737,60.45389116339029,184.25955466533588,0.478135167353441,12.620919562895349,4.315236571350687,4.961888426031053,0.4846750995463277,0.2689255989277131,3.3323882604937105,0.03688604366223113,0.9437026194986946,3228.6628743654746,186.70429424384557,9.702735725505137,926.2799838671068,60.50982696862345,6419.786540012406,34.356035655941035,1.0671622337984557,567.2684050092779,17.0530858053829,71.97956841229035,52.10614158854956,13.519576947493642,0.011626767334382816,95.589289922092,62.833840848105766,80.82334138558521,0.028527403848219713,0.9359033614775433,38.59610800329868,160.90389199670142,21.018320059362058,1.6683418295749697,1.5507130912707716,15.962625019792425,2133.1984569041933,2041.5581634117036,57.06794097652849,8.655716463861946,0.6908214174733057,70.3498414428379,43.09715467010726,20.73868682962149,0.5895873083515762
0.0,0.5135050758007605,1.1210652213926586,33.63195664177976,80.78908488704373,53.5214312489862,0.2125750379536195,1.84410140491309e-08,0.27,2,221.0038444553107,60.43488074129482,185.4420180034899,0.4840134465129804,12.695712057721353,4.633905396959181,4.525209817727744,0.5074705339192506,0.2791398753546735,3.4155846326012687,0.03868974356164281,0.9426703157832539,3219.906960453136,194.52887441771998,9.803866502069644,924.3254812518586,61.261654978199715,6581.746780205787,36.74572936149845,1.119503551910858,562.8390614294485,19.02905907056123,80.78908488704373,53.5214312489862,13.089816161556294,0.012128966104529584,92.86232613004098,64.45712834429241,82.16501905475185,0.029935703779141606,0.9715830507245481,38.33721086067887,161.16278913932197,21.043977666772165,1.6696157271799499,1.5513421405013077,15.935064465548392,2114.2270828789565,2038.4804477295627,55.843770867898655,9.117929428555527,0.7052428957928456,68.36475015566431,43.986644219712986,20.322153910216347,0.5945214123928917
0.0,0.87842373424237,1.2071051881678843,36.21315564503653,94.96989435800035,54.73609831188843,0.1912934856599452,5.115907697472721e-12,0.36450000000000005,3,222.1041247101366,60.400379538254654,186.86744089862975,0.49150602820924233,12.7851537279119,5.051195142376035,3.9551193151879707,0.5374733335564271,0.2923323249113024,3.52280632724849,0.04107355671977648,0.9413700121892177,3208.611251714344,205.26066913677298,9.93183066170281,920.8735870721251,62.22023076696966,6795.465120049861,40.14800486605697,1.1977420851158458,556.81905272149,22.368569800309135,94.96989435800035,54.73609831188843,12.615215261143174,0.012809602192265665,89.46742430963464,66.61149993781696,83.92311575639994,0.03185047505456317,1.019365050757312,37.99738396593272,161.5026160340673,21.070176175145473,1.6713898142465153,1.5522471040045418,15.906186906603475,2088.002613715433,2032.8309604522979,54.49589347847285,9.74672253656827,0.7225762589395193,65.89777633746273,45.16038470826508,19.79745674779502,0.6008535598048765
0.0,1.2434536768370137,1.2880979949278826,38.64293984783648,112.37561920057087,54.78647046007937,0.16349538873844222,1.1147053133521397e-11,0.36450000000000005,3,222.83321225715068,60.3585694039168,188.10331547458117,0.49840932082471556,12.86199520532612,5.444770814168279,3.418939031612426,0.5659753476301433,0.30460789308247344,3.622358375105453,0.04334853840122652,0.9401920411138208,3198.055181108652,216.02929891060322,10.049282816303432,916.7250011630466,63.103692244190896,7000.0027385325175,43.71725702090888,1.283761856635484,550.798557529296,26.681244663950825,112.37561920057087,54.78647046007937,12.23813439909827,0.013483170325397071,86.40449849147944,68.69531888649863,85.59996211787879,0.03375159920825902,1.0660211250518266,37.67272408479831,161.82727591520165,21.0902314509014,1.6729793385949172,1.5530678371222817,15.883721373381412,2060.9878942235755,2025.8201414316227,53.42738013413557,10.34177920095426,0.7348355046510294,63.676421482079974,46.288584301313236,19.318037100660106,0.6067563676170671
0.0,1.6085740314134787,1.3598309509091424,40.79492852727427,133.72538546232124,53.40752725100342,0.13330425115174485,8.800305105411629e-12,0.36450000000000005,3,223.27678073623434,60.31252611506639,189.16175832964768,0.5046624125822774,12.927222670943646,5.806834053664762,2.927191777208615,0.5923457154716252,0.31574860190413473,3.7124173817654276,0.0454624699854383,0.9391498826145979,3188.357205637808,226.64622193691753,10.155325953612063,912.2539160441274,63.90417272127128,7191.958195598957,47.39940608582106,1.3760565510833458,544.8352057605431,32.20572269878566,133.72538546232124,53.40752725100342,11.93721382904001,0.014135857128673095,83.68046702152107,70.67208176068898,87.16984042587119,0.035599108465608646,1.110654208732037,37.36836060092475,162.13163939907523,21.108291856443742,1.6740666931379264,1.553615346439616,15.864026103978725,2033.2186731318081,2018.0278503656145,52.57425789984668,10.854176779763689,0.7389221407529427,61.70456365105845,47.35257665596804,18.886701688717256,0.6121654727362544
0.0,1.9736883839719066,1.4205870209823526,42.617610629470576,159.73967884403942,50.651954658693406,0.10721246686435881,5.4549057587121855e-12,0.36450000000000005,3,223.53556200912408,60.26493595911327,190.05993140485026,0.5102451515327299,12.982107525128136,6.132072875561711,2.487373568192414,0.6160558356216679,0.3255916409006935,3.791535422966786,0.04737065675672825,0.9382521704902096,3179.5795346854347,236.93803886256651,10.249258506930593,907.8671037762551,64.61902342815533,7368.99087494831,51.13353560117311,1.4728101680362025,538.9847110555127,39.17297527971606,159.73967884403942,50.651954658693406,11.695317724292503,0.014752362556348025,81.30065283458812,72.50342806194236,88.60668016070696,0.037348551725667575,1.1523090804029248,37.08948639605842,162.4105136039416,21.128216309519612,1.6743465858797544,1.5537085729472537,15.843728531653396,2004.8279554041846,2010.0956148397481,51.885040042851436,11.23788189454805,0.7320699371050025,59.98491531403978,48.333032466794805,18.505940393794965,0.6170198056264841
0.0,2.3387018194978237,1.4723025013284827,44.169075039854484,191.15257757859519,46.921334699975176,0.09038521795425282,9.322320693172514e-12,0.36450000000000005,3,223.70327042250145,60.217698557653655,190.82053101774272,0.515192558958171,13.028219333018559,6.418742099124718,2.1022593087255017,0.6368088378974612,0.3340742775261787,3.8590687536532124,0.049046723072926686,0.9374987459480447,3171.699265318428,246.80355615036973,10.331119651051711,903.8948938805922,65.25266756200656,7530.553071028947,54.87427650164632,1.5724866676283522,533.2746410662515,47.79947852670359,191.15257757859519,46.921334699975176,11.498309042033947,0.015320312976556928,79.25569568621034,74.16158508717989,89.89346155571164,0.03896361692476275,1.1902631114350546,36.839523914879,162.66047608512096,21.153030329438813,1.6735947501579722,1.5532137340534171,15.820161186349806,1975.9203139940562,2002.5509794915836,51.31755478004576,11.46093307945711,0.7124403671831347,58.50962575858025,49.21651399286746,18.17575445900007,0.6212910858119665
0.0,2.7036082986982253,1.5194257226283139,45.58277167884942,228.8091636132249,42.7842896954961,0.08378773659268665,1.0560366126493955e-11,0.36450000000000005,3,223.8507202952521,60.171829809508814,191.46864247336418,0.5195823344394226,13.067223895210898,6.668509358549146,1.7699236613651974,0.6545770672523226,0.3412392892212578,3.915264518200185,0.05048610541188926,0.9368806150791661,3164.6218879462817,256.2309387498008,10.401747020474724,900.5348382560959,65.81500688997093,7677.745870788025,58.60442853193397,1.6742374851762458,527.6947888770952,58.307158290097874,228.8091636132249,42.7842896954961,11.334640056168242,0.015833193078696246,77.51831510579584,75.6363824555387,91.02689348568559,0.040424656636309154,1.224200206314982,36.619206336879536,162.88079366312047,21.18468671734717,1.6716952346811425,1.5520597165304024,15.7915583314413,1946.5037543767883,1995.7138864095523,50.83787058312527,11.50974787299429,0.6793101826610786,57.25805598910631,49.99898278236727,17.89300598570956,0.6249952317317169
0.0,3.06847334644643,1.5666200056336934,46.9986001690108,273.72816918759503,38.75240774130411,0.08475129709897695,2.1600499167107046e-12,0.36450000000000005,3,224.02235959259843,60.12776050733389,192.02664162169665,0.5235007402730097,13.100577351468406,6.8848764950891255,1.485786279219841,0.6695129848258821,0.34719238656560175,3.960932673849335,0.05169918045021638,0.9363840638934686,3158.232717048228,265.25496793760294,10.462330028379897,897.8681802424147,66.31705371048324,7812.303881835424,62.32452867659712,1.7777003446793718,522.21862187322,70.93383140368694,273.72816918759503,38.75240774130411,11.195465265180282,0.016289537241102464,76.05196074582456,76.93144302240543,92.01378158585919,0.04172654685863069,1.2541340944290529,36.42727921496881,163.07272078503124,21.22410286610313,1.668631049178111,1.5502325546376226,15.75703353008114,1916.5694011090682,1989.7235805690198,50.42049825468783,11.386360778057318,0.6329788250481216,56.2030910625399,50.683567382479374,17.652746683028045,0.628177075292353
0.0,3.433367941124073,1.6170667343288465,48.51200202986539,327.0351966354705,35.16647215422387,0.08910481332988954,4.636669894905358e-12,0.36450000000000005,3,224.24059315990536,60.085764118940254,192.51084444804997,0.5270128055062059,13.12933732440684,7.071569829355296,1.244731097037966,0.6818421334571106,0.3520576872503748,3.9970965506482226,0.0527027022510315,0.9359944730294119,3152.4456166510568,273.8933694672477,10.513942713615867,895.9032540527074,66.76711092010778,7935.540014416278,66.02910110547694,1.8823774036439866,516.8389338742672,85.90056615104241,327.0351966354705,35.16647215422387,11.074606598576308,0.016690506069526954,74.8206034537804,78.05655790316597,92.86489128679456,0.04287184152465568,1.2802361091519376,36.26169637079899,163.23830362920108,21.271190822609952,1.6644780880244372,1.5477721336096126,15.716558955756014,1886.2623494032225,1984.6163340291862,50.04821522044893,11.1052177535428,0.5747890062323973,55.31819624587477,51.27643475698816,17.449829641007852,0.6308893212442419
0.0,3.798326367086167,1.671799246986579,50.15397740959737,389.7687803098001,32.18922599743306,0.0928448575380275,1.525386218271349e-11,0.36450000000000005,3,224.51114908336558,60.04625358933003,192.93104507158046,0.5301503961737598,13.154150156500847,7.231768166638752,1.0420807336005746,0.6918144704340701,0.3559595184657549,4.024861281134175,0.0535158297266724,0.9356975100900246,3147.2250071544395,282.1021036492344,10.557353295562145,894.6055379027105,67.16923898178251,8047.807645871328,69.6851328568288,1.9870155451768303,511.5962348733456,103.33563104375943,389.7687803098001,32.18922599743306,10.96821832351399,0.017038261666171266,73.79303318913573,79.02300592253084,93.59138730849084,0.043866129511528934,1.3027256957632183,36.120317782246424,163.37968221775353,21.324768445771124,1.6594168488647199,1.5447795760016954,15.671035129362464,1856.0321541285075,1980.3857903533262,49.71117012849207,10.69267313285925,0.5073183701381337,54.58047351968941,51.78431796930651,17.279673327591105,0.6331815102834393
0.0,4.163337366122244,1.7297770376952093,51.893311130856276,462.6335557382765,29.84525250621182,0.09314560969539115,3.5201220421646517e-12,0.36450000000000005,3,224.8274338459842,60.00985067170876,193.29218498356602,0.5329174793786514,13.175361552035127,7.368081897608574,0.8735858902018708,0.6997060970967037,0.3590247955459859,4.045441107117918,0.0541602124289475,0.935478585365282,3142.5797043272137,289.7676583075749,10.59309822440383,893.9092295675428,67.52392674501762,8148.567501908012,73.22356611695336,2.0893293586946364,506.5862330697556,123.18523017697804,462.6335557382765,29.84525250621182,10.8742629385043,0.017335637513562045,72.94240367488887,79.84276000816608,94.20432911739887,0.04471706491776641,1.3218495524828866,36.00101259032484,163.49898740967512,21.382531726048274,1.653739445866986,1.5414222364506618,15.62230659163409,1826.6669240870108,1977.0088277316634,49.40543255906101,10.186717506519017,0.43442346528785075,53.97029430563306,52.21412673766949,17.13824557144185,0.6350992075154599
0.0,4.528361000538795,1.7884882297847706,53.65464689354312,545.8210545473877,28.071416334192797,0.08889073837707892,7.091377486325841e-12,0.36450000000000005,3,225.17492581610435,59.977247625265484,193.5970262434841,0.535306480161913,13.193180475140398,7.482868342822353,0.7350693359134339,0.705829543960284,0.36138848740192475,4.060183516932985,0.05466077296902014,0.9353223769057097,3138.536989681786,296.73828625318805,10.62168164771039,893.7227774833547,67.83018590156712,8236.91262220395,76.54941239711415,2.1862680608129677,501.9403389567085,145.16114460447307,545.8210545473877,28.071416334192797,10.791870447672919,0.01758644398853825,72.24415092238031,80.52947092755323,94.7154982419558,0.045435216941139334,1.3379024645108075,35.901501577088425,163.59849842291163,21.44135271641314,1.6478202961331438,1.5379175497509407,15.572909437702792,1799.1588701502371,1974.4478966972679,49.13097706892573,9.633125325035317,0.36078716950125456,53.469774405028815,52.57349075085271,17.021762460150892,0.6366872742425486
0.0,4.893354890130858,1.8448886281907102,55.34665884572131,638.9878936533797,26.76358656647277,0.08059919070402984,1.0853709630007675e-11,0.36450000000000005,3,225.5362016790459,59.9489768697438,193.84858990507,0.5373162818453704,13.20782361387211,7.578510693202273,0.6222440255107241,0.7105215499601613,0.3631900817700958,4.070488999336114,0.05504465022063175,0.9352134866799324,3135.1122175388564,302.8771295412436,10.643742838156019,893.9390032089417,68.08785813917507,8312.2273500398,79.56667035951229,2.274741395474992,497.7869327408672,168.76261832067914,638.9878936533797,26.76358656647277,10.720674266494663,0.017795598520928744,71.67473990224912,81.09894031531334,95.13782307385415,0.04603442361045934,1.3512367512681764,35.81927688021403,163.6807231197859,21.49794173453705,1.6420453852885137,1.5344921011445105,15.525520779029929,1774.4481744757002,1972.6460135308573,48.88932279504102,9.077451842554144,0.2909923907910092,53.061852533555395,52.87102901675023,16.926510858318665,0.6379917040255856
0.0,5.258290103112626,1.8963277882959257,56.88983364887777,741.3763638419462,25.811855011048834,0.06978138862431056,4.400152552705814e-12,0.36450000000000005,3,225.89550679181121,59.92523973183546,194.05142837751933,0.5389629657223125,13.219588630492597,7.657494375449223,0.5308425615489049,0.7141091359744706,0.36456160650593383,4.077653958147142,0.055338362374325656,0.9351379274505733,3132.289634109813,308.10766645652853,10.660100308487216,894.4500590447657,68.2989926675932,8374.6232892157,82.20469744672837,2.3524163626999472,494.2138311940193,193.36455419600864,741.3763638419462,25.811855011048834,10.660279091407133,0.017968767070200824,71.21187361577488,81.56826736993781,95.48481691770746,0.04653074732244899,1.3622408845527323,35.751713114024454,163.74828688597557,21.549588219406314,1.6367320110526418,1.5313341464000296,15.482345623141027,1753.1807148168407,1971.5250788877697,48.68147609766103,8.556496156271551,0.22857122349792552,52.73042139435043,53.115925286293596,16.84890779624738,0.6390583405446704
0.0,5.623153160126006,1.9411206212673704,58.23361863802111,851.9931554891766,25.120496798267006,0.05814006696661618,8.348016658962696e-09,0.36450000000000005,2,226.2414588353325,59.905874652098404,194.21162872299823,0.5402805027096351,13.22885337717917,7.722323012989192,0.4568859210729641,0.7168757531732736,0.36561566207351326,4.082734673716608,0.05556497706169411,0.9350844210551048,3130.0202698201865,312.4309660836913,10.671686688832313,895.1607992895467,68.46793554968853,8425.000816417509,84.43304318749298,2.418185064466228,491.2497231979634,218.32893549420896,851.9931554891766,25.120496798267006,10.609978517768525,0.018111749206646675,70.83539053787436,81.95432683600953,95.7695307044568,0.046940694747082415,1.3713024498255604,35.696272534942665,163.80372746505856,21.594626509810578,1.6320786031324626,1.5285630496782692,15.444731837379752,1735.5953283115423,1970.9902649153776,48.50677740593135,8.093416621214566,0.17549559226719957,52.46095334780997,53.31715726213936,16.785671713250544,0.6399301058051123
0.0,6.115920805364923,1.9901497268235655,59.70449180470696,1012.6392704787681,24.470616698235055,0.04340312291656344,3.2729434552273113e-12,0.4920750000000001,3,226.67684869240733,59.88584868770875,194.37260108828949,0.5416198871115954,13.238138030872927,7.791633808163201,0.37858519069653424,0.7196956056264958,0.36668704564428756,4.087602294970291,0.055796054899189214,0.9350332156088138,3127.7031010554365,316.9587502411097,10.681422923010397,896.3076875746852,68.63968978857781,8476.632585673899,86.81432658950428,2.4885064373932733,488.1583397586049,251.66268449599932,1012.6392704787681,24.470616698235055,10.55614859671803,0.01826647110567299,70.43366228026609,82.37062017146981,96.07582037586693,0.04738444284512716,1.3810833830145466,35.63662743181389,163.86337256818607,21.644122493736027,1.626955624490811,1.5255061050464978,15.403415776726666,1717.4027693933378,1971.0158100007336,48.31879522218752,7.574871623211961,0.11926364598840054,52.17352538920428,53.53393216420099,16.71808028540205,0.6408645059228197
0.0,6.6084742882120135,2.0268684156378227,60.806052469134684,1183.8695682207035,24.034439438100073,0.03130809562154954,1.8167105455745614e-08,0.4920750000000001,2,227.0714192361398,59.871535575566696,194.48486937651262,0.5425634175615168,13.244598528928485,7.844609929529432,0.31896672512041807,0.7217965962403943,0.36748384455999555,4.091174612866045,0.05596829171814183,0.9349956715488963,3126.064521070952,320.23240496819795,10.686224560150203,897.5551426414337,68.76068822329566,8513.261044624312,88.56693304082577,2.540150195021857,485.9601516174573,283.64716193037646,1183.8695682207035,24.034439438100073,10.515671280409709,0.018387087220887235,70.12448751910905,82.69410501364077,96.31331141836263,0.0477304741359166,1.3886906123669387,35.59037770273954,163.9096222972606,21.68153696366231,1.6230859111988662,1.5231923904554232,15.372184734683959,1704.6629256821607,1971.6764646369702,48.17728397699128,7.1739166504526395,0.07900880987692468,51.952395174724046,53.7022249296009,16.6659799882925,0.6415865883465892
0.0,7.108806049302905,2.053867396320056,61.61602188960168,1366.5942857093817,23.72874409775919,0.02206710588927561,1.0637066229488762e-11,0.5,3,227.43298164186174,59.861330280398654,194.56355619485737,0.5432294019585786,13.249119120197541,7.886035012902605,0.27226437390182245,0.723435756943224,0.3681050396019298,4.094057108417317,0.056102708233104176,0.9349653990902472,3124.904794018326,322.58649772801726,10.687725730537363,898.8474852145486,68.8460971211578,8539.243776464276,89.84353650538431,2.5775667887932836,484.42868865919746,314.1971280020785,1366.5942857093817,23.72874409775919,10.484957767649444,0.018483676526273224,69.8793799948436,82.95249862076578,96.50269291466189,0.048007637697341475,1.394771374928854,35.553495778310605,163.94650422168934,21.7095060317241,1.6202012806571737,1.521464873158997,15.348827814459732,1695.9931977332715,1972.7797487729972,48.070237462936326,6.865768298866314,0.05102303001666102,51.77713607922494,53.83655746062833,16.62462561744048,0.6421608793504108
0.0,7.609020987281165,2.0730505375577577,62.19151612673273,1556.444526359784,23.512069581111245,0.015491321888926168,9.680335615952793e-12,0.5,3,227.7600960809739,59.854218153759945,194.61774216846038,0.5436902880411177,13.252228514070167,7.918286955730989,0.23574599467350418,0.7247218564939902,0.368592370963725,4.0964446250059,0.05620819713189014,0.9349403396867254,3124.100682115693,324.2372090761355,10.687048158308993,900.1211751923789,68.90520472051139,8557.287605978723,90.74693405649003,2.6038149306108673,483.4069708603463,342.5603853749811,1556.444526359784,23.512069581111245,10.461921959862032,0.018560781199580486,69.68527669569936,83.15835387259952,96.65336411633159,0.048228928966479984,1.3996184280238535,35.524151954185655,163.9758480458144,21.729904020405137,1.6181064069151379,1.5202086842694074,15.33178088841033,1690.409363913745,1974.1472206600793,47.990407335182375,6.6330254236516035,0.03250314219198119,51.63837715851899,53.94351539667933,16.591845005220588,0.6426168256328856
0.0,8.10916137213768,2.0866559713891104,62.59967914167331,1752.1278866627965,23.354308364120506,0.010952706890173372,2.9558577807620168e-12,0.5,3,228.05819283877895,59.84923129523508,194.65542321514988,0.5440118901219031,13.254389042235404,7.943816269783613,0.2067147719411915,0.7257465731422279,0.3689806933501119,4.098449429534899,0.05629226224795905,0.934919307514537,3123.538830882788,325.3997177786403,10.685034782378338,901.3533502432609,68.94645016439732,8569.908997204078,91.38725619190396,2.6221938035079666,482.7371876974394,368.73814873016033,1752.1278866627965,23.354308364120506,10.444371272909294,0.018623268520103885,69.52897491970319,83.32491586042994,96.77514343207005,0.04840829336093452,1.4035420044322384,35.50043451221126,163.99956548778877,21.74492231084661,1.6165716796403367,1.5192874246235308,15.319218584889528,1686.9372501800183,1975.6555609834368,47.92999896630168,6.454247270031461,0.02050118912102334,51.526661279858374,54.030017787750005,16.565428038621523,0.6429847239140601
0.0,8.609255185753474,2.09639479343289,62.891843802986706,1952.645948953224,23.236871662533964,0.007868163505546063,1.6762463821149857e-08,0.5,2,228.33187222693994,59.845685221442274,194.68206278247112,0.5442398029840791,13.255915610472965,7.964378420419306,0.18327017784571512,0.7265705375308915,0.3692929640088174,4.100128032258713,0.05635986811009069,0.934901704701564,3123.140283880304,326.2289374953311,10.682242388359509,902.5328192049797,68.9756803226815,8578.868784802833,91.84608580621486,2.6351576749787906,482.304355558221,392.8482724103188,1952.645948953224,23.236871662533964,10.430712085153258,0.01867464236344725,69.40113846162728,83.46167594354041,96.87504539965275,0.048555774159169236,1.4067647015266118,35.48097757722422,164.01902242277617,21.756218337939874,1.6154230942030312,1.5185973763859444,15.309761191471294,1684.8692334561024,1977.2212520860326,47.883295365127154,6.313152370704275,0.012836517808354788,51.43530403977211,54.101016402957825,16.543808544559965,0.6432861184904259
0.0,9.10931972007696,2.1034909120036462,63.104727360109386,2157.214863497413,23.147877797681584,0.0057817618638618205,1.0267342075432855e-08,0.5,2,228.58474651907815,59.8431122945116,194.70131188512696,0.5444047710307265,13.257018220363511,7.981223266535572,0.16406046037362582,0.7272366286856914,0.3695453914363489,4.101519726056061,0.05641452703410064,0.934887115566428,3122.851612975928,326.8319504157887,10.679030792206353,903.6547986290352,68.996837897333,8585.36198152602,92.18084492614653,2.644436715711874,482.02868136853056,415.05793775454686,2157.214863497413,23.147877797681584,10.419824532432175,0.018717442296272615,69.2950928427556,83.57548925303418,96.95812447430359,0.048678652912614695,1.4094474474844745,35.46479689507067,164.0352031049295,21.764966302758168,1.614537449981266,1.518064943405869,15.302431303854842,1683.7165022240197,1978.7901570843694,47.84627132398238,6.19820198883246,0.00799297738190005,51.359528487478606,54.16008411820125,16.52586503624604,0.6435364779594901
0.0,9.609365424353939,2.1087869399734207,63.26360819920262,2365.209191432415,23.07944775932697,0.004365521428200702,6.000444811304938e-09,0.5,2,228.819586416103,59.84119906455633,194.71558233037828,0.5445272252748635,13.257835402248874,7.995243238976423,0.148111411972814,0.7277768289153661,0.36975006567069024,4.1026595948444955,0.05645885970217761,0.9348751696777894,3122.63722950133,327.2810955545282,10.675628541147043,904.7180670093156,69.01254306624448,8590.186127252624,92.4307867174575,2.6512134024827665,481.8563813451663,435.54651446922884,2365.209191432415,23.07944775932697,10.410934592671321,0.01875353059980833,69.20599660037865,83.67136878457268,97.02807003684032,0.04878227055515122,1.4117080156573418,35.45117400669932,164.04882599330082,21.771967382183345,1.6138308777558055,1.517639949060371,15.296561791000588,1683.1516410085173,1980.3286369861987,47.816152822634734,6.101529360493268,0.004955812504600576,51.29587058129185,54.20983164642383,16.51078296916819,0.6437470611987177
0.0,10.109398657078083,2.112850593358528,63.38551780075584,2576.1233288672133,23.026178934313275,0.003394116726067126,3.432714395316821e-09,0.5,2,229.03852879334917,59.83973737460293,194.72646011545646,0.5446206555493136,13.258458166645067,8.007081097624697,0.13471044562904982,0.7282158438628473,0.36991633470022317,4.103581387042599,0.05649489119520804,0.9348655114581468,3122.4735982639827,327.62466841956007,10.67217829510832,905.7234141810331,69.02452586973486,8593.869330111394,92.6223267458547,2.6562821754216674,481.7518249946908,454.487177528682,2576.1233288672133,23.026178934313275,10.403509932760057,0.01878429177561242,69.13028202827633,83.75303305996555,97.08761468023611,0.04887059856221708,1.4136338215534165,35.439576760331846,164.0604232396683,21.777756811594333,1.613247558133719,1.517288960803062,15.29170666946897,1682.9595729858584,1981.8168480760419,47.79104445765165,6.017882496533542,0.0030624250793597177,51.24177825477675,54.25219432206044,16.497961469462794,0.64392618801924
0.0,10.609423378612272,2.1160602754362143,63.48180826308643,2789.544373407274,22.984263012845354,0.002716849795232811,1.9541500954788044e-09,0.5,2,229.24325815020148,59.838589332790654,194.73498880942336,0.5446939628089245,13.258946358068261,8.017205478431626,0.12332842357056391,0.7285731485581785,0.3700515762379586,4.104317154937447,0.05652421830059541,0.9348578037572357,3122.3451731014316,327.89478003432134,10.668767161282096,906.6727693160024,69.03392785086925,8596.760743332668,92.7731243609619,2.6601725621181975,481.6916369028088,472.03900332367294,2789.544373407274,22.984263012845354,10.397183218851001,0.018810769817446185,69.06527844731892,83.82328086489512,97.1388125689667,0.04894663214389162,1.4152906928226692,35.42960511424955,164.07039488575057,21.782688549578292,1.6127507687162788,1.516989964533568,15.287570717171924,1683.000785603431,1983.243996854293,47.769650463368336,5.943786021307954,0.00188736368540661,51.19534148546699,54.288628030158534,16.486950349856343,0.6440801007074659
0.0,11.109442130541554,2.118667464457604,63.56002393372811,3005.1323417657363,22.95095706955664,0.0022344996153263502,1.120216965401635e-09,0.5,2,229.43514201452155,59.83766333651562,194.74185839634853,0.5447530436966517,13.259339526009219,8.025962980640038,0.11356663622388909,0.7288642597436107,0.3701616752173591,4.104896334637616,0.05654811356184231,0.9348517373177452,3122.241647179438,328.1128173930231,10.665446612522866,907.5686905149736,69.04150525857929,8599.0919942078,92.89498622491297,2.6632370777450998,481.6605511582146,488.34450742105054,3005.1323417657363,22.95095706955664,10.39169852423885,0.018833762913478283,69.00895646473256,83.88424869436207,97.18323014632497,0.04901266160792381,1.4167289013018154,35.42095400343991,164.07904599656015,21.786996247932468,1.6123164304465816,1.5167285145712712,15.283958807049723,1683.1855289801506,1984.605102734354,47.751078308292236,5.876938300158866,0.0011606668913929738,51.155109130199165,54.3202436522061,16.477407272855498,0.6442135518044722
0.0,11.60945659439403,2.120839846475528,63.625195394265845,3222.6052729020766,22.924252631717575,0.001882277705037405,6.521233317786431e-10,0.5,2,229.61532466012198,59.8368980862146,194.74752905344258,0.5448018364199575,13.259664038807022,8.033613890704148,0.10512045241140061,0.7291016068782906,0.370251350195298,4.105345103295975,0.056567596531359496,0.9348470373656254,3122.15613306019,328.2931190723426,10.662245432320889,908.4140546547071,69.04776317448108,8601.017934402316,92.99584949521908,2.66571135741595,481.6486048070334,503.5298046099663,3222.6052729020766,22.924252631717575,10.386874937873007,0.018853889374600617,68.95975220015296,83.93758938536807,97.22207817127848,0.0490704613295922,1.417987352289873,35.41338762904744,164.08661237095254,21.7908349739172,1.6119286932114227,1.5164950954928955,15.280741237378525,1683.4563867228485,1985.898839667156,47.73470506569691,5.815800220729889,0.0007125114417632114,51.1199630759074,54.347900266993946,16.4690682643406,0.6443302097024555
0.0,12.109467914245844,2.122690222739239,63.680706682177174,3441.727758445902,22.902659892005712,0.0016179993641596696,3.880662437736405e-10,0.5,2,229.7847894348825,59.836252090745646,194.75231149421379,0.5448430027796191,13.259937696167274,8.040356726244019,0.0977540734935628,0.7292951742553456,0.37032439428033587,4.105686145414389,0.05658348632360853,0.9348434659466078,3122.0839737225538,328.44540340014163,10.659178074637166,909.2118637598562,69.05304298065414,8602.643302602204,93.08110441505647,2.6677542740303934,481.64928030214435,517.7058995698341,3441.727758445902,22.902659892005712,10.382582230806118,0.018871634085523947,68.91644472830029,83.98459763790721,97.25630433247558,0.04912142292632035,1.4190965304429266,35.406721423713584,164.09327857628642,21.7943089013938,1.6115770102812048,1.5162833716296504,15.277830716695375,1683.776773759638,1987.1261193121945,47.720088220975036,5.759323578739426,0.0004367579723430674,51.089030516288325,54.372270591114805,16.461727129113697,0.6444329423657915
0.0,12.609476887824458,2.1242955216270434,63.7288656488113,3662.3019900570853,22.885061953760136,0.0014141521753538444,2.369188122516512e-10,0.5,2,229.9443994327238,59.835696839104095,194.75641884199513,0.5448783699230777,13.26017270500378,8.046345204519513,0.09128275656296282,0.729452996528903,0.3703838615243096,4.105938738681037,0.05659644219106968,0.9348408209452191,3122.0219714883324,328.5763551081569,10.656250040258278,909.9651226086244,69.05757901384453,8604.040033394285,93.15446407025678,2.669474308503491,481.65829302349636,530.9703566140851,3662.3019900570853,22.885061953760136,10.378724698950418,0.018887381663164688,68.87806935306068,84.02629941580358,97.28665911346957,0.04916665034127509,1.4200805992454848,35.40080922533115,164.09919077466887,21.797489340593657,1.6112542380557933,1.5160890490434655,15.275167372307111,1684.123457716508,1988.2891718034712,47.70690672939557,5.706775343109318,0.0002673985472783807,51.06162189007336,54.39388755878192,16.455220869658064,0.64452401864881
0.0,13.109484083257183,2.1257091644152446,63.77127493245734,3884.1607119099294,22.87061364954172,0.001252690065091877,1.4867779293093785e-10,0.5,2,230.09492396745065,59.83521237682426,194.76000005505452,0.5449092156257934,13.260377595937184,8.05170008264305,0.08556012341275412,0.729581550116655,0.37043221454638325,4.1061190336979,0.056606995588720246,0.9348389330974823,3121.9678896312503,328.69065629676163,10.653461323944095,910.6767617467464,69.06153515277687,8605.258453015816,93.21853203789678,2.6709467408780454,481.6728063779829,543.4089922020961,3884.1607119099294,22.87061364954172,10.375230446592534,0.018901440439862985,68.84385534144333,84.06351648734893,97.31374328252022,0.0492070286281879,1.420958917456872,35.395534028920935,164.10446597107904,21.800426336851654,1.6109554177614842,1.5159091453924989,15.272709099994387,1684.4817425523622,1989.390955474399,47.694922205902316,5.6576254831647885,0.00016354218020994617,51.037186331801976,54.41317793096073,16.449419208214444,0.6446052531686915
0.0,13.60948991263239,2.1269690628007814,63.80907188402344,4107.161640033033,22.858669884516335,0.0011216622039054716,9.631590505100509e-11,0.5,2,230.23705604061627,59.834784442419604,194.76316148109555,0.5449364525502385,13.260558458702254,8.056517513142852,0.08046897823029218,0.729686065293342,0.3704714425290181,4.106240425057071,0.056615575751300634,0.934837662065576,3121.920130272112,328.7916552406891,10.650808618656262,911.3495903479339,69.06502844954353,8606.334518728017,93.27517178689854,2.6722248178331616,481.69092587789913,555.0974374756574,4107.161640033033,22.858669884516335,10.372044253776378,0.01891406003367215,68.81318059572561,84.096913631605,97.33804258999803,0.04924327435085989,1.4217471487620048,35.39080122956122,164.1091987704387,21.803156079645255,1.6106770007270277,1.5157415253519908,15.27042539427575,1684.8423849874994,1990.434781984083,47.68395333964529,5.611475974745765,9.993561001137159e-05,51.01527924683194,54.4304868664809,16.44421695344347,0.6446781119781739
0.0,14.10949467968245,2.128102783912849,63.84308351738547,4331.183021248972,22.848734159769354,0.0010130480963984267,6.409960837448048e-11,0.5,2,230.37142422064122,59.834402609460554,194.76598080338766,0.5449607476020647,13.260719741258931,8.060875015220576,0.07591457833380037,0.7297707756179848,0.370503155708042,4.106313944981026,0.05662253014135767,0.9348368922896586,3121.877525636557,328.881800991342,10.648286720562387,911.9862690614635,69.06814443723366,8607.29451206808,93.32574726528718,2.673347008463052,481.7113734493273,566.1025187519623,4331.183021248972,22.848734159769354,10.369122794240177,0.018925444378796164,68.7855382221555,84.12703359826607,97.35995344033975,0.0492759729649422,1.4224580838670047,35.38653362287941,164.11346637712063,21.805705620467286,1.6104163579134494,1.5155846063282243,15.268293415291058,1685.199626687588,1991.4240815822634,47.67385893751404,5.56801606665024,6.1021831015613715e-05,50.99553840003548,54.44609611158177,16.439528366838225,0.6447437906382328
0.0,14.609498611474171,2.129130893423757,63.87392680271272,4556.120081918966,22.84042120508368,0.0009213734693032037,4.37597759335739e-11,0.5,2,230.4986010973789,59.83405907496229,194.76851611704916,0.5449825996738566,13.26086476975784,8.06483579952826,0.07181964235952867,0.7298391171180236,0.37052866094644143,4.1063486392672015,0.05662814078257155,0.9348365290343211,3121.8392020436913,328.96292711530083,10.645889420503257,912.5892963430574,69.07094710074142,8608.158097679345,93.37128023173885,2.6743417344078266,481.733277494727,576.4834509059701,4556.120081918966,22.84042120508368,10.36643139505258,0.018935761501709614,68.7605115696282,84.15432330419733,97.37980211306093,0.04930560686673027,1.4231022567271616,35.38266766178762,164.11733233821232,21.80809587811757,1.6101714697551537,1.5154371722587932,15.266295479868496,1685.5499399191565,1992.3622591111523,47.664526585852855,5.526994108648699,3.7236569681362915e-05,50.97766606486868,54.46023762517748,16.435282954035266,0.6448032725986905
0.0,15.109501879932811,2.130069131565654,63.90207394696962,4781.882173924114,22.833429632643533,0.0008428265512193598,3.069011552475126e-11,0.5,2,230.61910964285804,59.83374786304626,194.77081188562568,0.5450023906983165,13.260996089732735,8.068451943628585,0.06812060459869777,0.7298938870781742,0.3705490220528938,4.106351905359801,0.05663263728333584,0.934836494837896,3121.804490567766,329.0364383376061,10.643610065490165,913.1610038521696,69.07348542447082,8608.940332884951,93.41255387334594,2.6752304729546776,481.7560370873721,586.2928584122151,4781.882173924114,22.833429632643533,10.363941811031223,0.018945150936233668,68.73775537709828,84.17915368173124,97.39785931536557,0.049332576669863216,1.423688411580462,35.379150622350316,164.12084937764968,21.810343560500993,1.6099407296006105,1.5152982555455075,15.264417454352891,1685.8912275329249,1993.2526085021202,47.65586497560662,5.488199743399888,2.2709670290520173e-05,50.961415542622575,54.47310389912905,16.43142228451127,0.6448573733501781
0.0,15.609504616740331,2.130929842139306,63.92789526417918,5008.390468837045,22.82752178490826,0.0007746930533732918,3.027472696085263e-11,0.5,2,230.73342827647735,59.83346429601137,194.77290289315502,0.5450204195362915,13.26111569245026,8.071766755577574,0.06476477389073211,0.7299373704298897,0.3705651078353098,4.106329785062854,0.056636207204747234,0.9348367264408414,3121.7728677266578,329.1034345850114,10.64144190811722,913.7035578602643,69.07579773857307,8609.653002029232,93.45018173059476,2.676029811343976,481.77923362103485,595.5776454381199,5008.390468837045,22.82752178490826,10.361630671555828,0.01895372940589369,68.71698138078048,84.20183487432739,97.41435131631542,0.04935721751154973,1.4242238605966258,35.375938435373996,164.12406156462598,21.812462403014262,1.6097228184228913,1.5151670617538058,15.262647716809054,1686.2223116671385,1994.0982647908158,47.6477986275679,5.451452550898015,1.3843306507015179e-05,50.94658087175434,54.48485585719281,16.42789756253118,0.6449067741713395
0.0,16.109506923820664,2.1317229224165017,63.951687672495055,5235.576084715139,22.822508787446015,0.0007149934668817248,1.731827945023271e-11,0.5,2,230.84199510330808,59.83320463838275,194.7748169016946,0.5450369247718994,13.261225167104774,8.074816556732932,0.06170815664038634,0.7299714402605046,0.37057763033922775,4.106287211721062,0.05663900430671491,0.9348371721935488,3121.743915580331,329.1647944994349,10.639378319642194,914.2189645365443,69.07791464249266,8610.30551424418,93.48465413122136,2.6767528228513346,481.8025728888306,604.3797369492544,5235.576084715139,22.822508787446015,10.359478377119178,0.01896159522076816,68.69794721488148,84.22262798448418,97.4294685498161,0.049379811670805,1.4247147604429542,35.37299401093706,164.12700598906298,21.81446397609103,1.6095166241587455,1.5150429211056577,15.260976478644583,1686.5426058799176,1994.9021800251874,47.64026420218217,5.416594699849905,8.434956268548153e-06,50.93298889278265,54.49562896029008,16.424667753192907,0.6449520481811085
0.0,16.609508880829573,2.1324564642867245,63.97369392860173,5463.378555768061,22.818239390711195,0.0006622486874484773,1.5000990836458512e-11,0.5,2,230.94521159563405,59.832965853615754,194.7765764667403,0.5450521002880436,13.2613258047804,8.077632043707544,0.058913772724044286,0.7299976377328338,0.3705871752667659,4.106228215463862,0.056641155105577705,0.9348377899049405,3121.7172944642275,329.22123253774714,10.637412915490799,914.7090776182341,69.07986100257781,8610.905516979958,93.5163699522705,2.6774100018116695,481.82584674450237,612.7367108698375,5463.378555768061,22.818239390711195,10.357468300301308,0.018968831710745846,68.68044777099648,84.24175423998892,97.44337232358967,0.04940059842199284,1.425166328118147,35.37028593177724,164.1297140682228,21.81635822057711,1.609321189004977,1.5149252567658293,15.259395333652094,1686.8519039669786,1995.6671142226464,47.633207866527556,5.38348608761856,5.137619730501533e-06,50.92049307144754,54.505537969073586,16.421698123059468,0.644993680639261
0.0,17.10951055057693,2.1331371949288407,63.99411584786522,5691.744575062003,22.814591585093126,0.0006153271508242616,1.015785353975276e-11,0.5,2,231.04344587141324,59.83274543484309,194.77820019964147,0.5450661060992371,13.261418670741762,8.080239341384043,0.05635034095223367,0.7300172356776393,0.37059422618848514,4.106156091705552,0.05664276409252616,0.9348385450768529,3121.6927240240793,329.27333870303323,10.635539624631171,915.1756074253071,69.08165734142663,8611.459322768394,93.54565872793823,2.6780099095170127,481.8489074351771,620.682338643361,5691.744575062003,22.814591585093126,10.355586195746623,0.018975509929428463,68.66430841168042,84.25940220790118,97.4562000967797,0.04941978179556451,1.4255830108486376,35.36778742543922,164.1322125745608,21.818153810336735,1.6091356742801268,1.5148135636850406,15.257896951698108,1687.1502432078196,1996.3956356402575,47.62658337595101,5.352001031022858,3.1282109269451045e-06,50.908968647714225,54.51468069140425,16.418959093583354,0.6450320849043778
0.0,17.609511983000306,2.13377078596941,64.0131235790823,5920.626955760667,22.811466256750325,0.0005733439266042695,8.284928298962768e-12,0.5,2,231.1370356569582,59.832541284846066,194.7797036626014,0.5450790760325874,13.261504655683595,8.082660826249432,0.05399124429980799,0.7300312892675443,0.3705991838402585,4.106073538451076,0.056643917892250234,0.9348394094656787,3121.669969767959,329.32160672555835,10.633752723151893,915.6201305022925,69.08332082299981,8611.97221184561,93.57279633417048,2.678559628616754,481.8716501938863,628.2470488196498,5920.626955760667,22.811466256750325,10.353819755953985,0.018981690800869797,68.64937959577378,84.27573351843002,97.46806966565289,0.04943753673996139,1.4259686209142322,35.3654755490737,164.1345244509263,21.81985840430215,1.6089593363879324,1.5147073941193085,15.256474865190624,1687.4378152786678,1997.0901266423643,47.620350646393995,5.322025931017881,1.90415006070767e-06,50.898308794172294,54.523140955224854,16.416425332781422,0.6450676150819792
0.0,18.109513218109676,2.1343620752330033,64.0308622569901,6149.9837682181305,22.808782353610486,0.0005355931234291914,1.7182953139943386e-11,0.5,2,231.22629098443994,59.83235162919713,194.7811000161618,0.5450911232851556,13.261584512806134,8.08491577687098,0.051813708867187884,0.7300406764809017,0.37060238153348873,4.105982767663829,0.05664468858390012,0.9348403599159807,3121.648833335999,329.3664544580051,10.632046845223362,916.0440994006543,69.08486596537169,8612.448651122095,93.59801634217547,2.6790650890762344,481.8940012654687,635.4583258550298,6149.9837682181305,22.808782353610486,10.352158270583171,0.018987426836968645,68.63553258836606,84.29088744141856,97.47908250895644,0.049454014051384554,1.426326443463537,35.363330537896836,164.13666946210319,21.821478826940176,1.6087915098648642,1.5146063474120175,15.255123315782955,1687.7149078555171,1997.7527927655158,47.6144746696048,5.293457556956809,1.1587540101551615e-06,50.8884215498817,54.530990985112474,16.41407503002025,0.645100576127357
0.0,18.60951428819225,2.1349152294769453,64.04745688430836,6379.777619349285,22.806473175512007,0.0005015018229814204,5.182160470776577e-12,0.5,2,231.31149665531123,59.83217495211322,194.7824004972896,0.5451023445277745,13.261658885190146,8.087020892752404,0.0497981475333599,0.7300461304972958,0.37060409749276607,4.105885595364391,0.056645136360007835,0.9348413774170213,3121.6291453149183,329.4082389401385,10.630416980002249,916.4488522800395,69.08630516705905,8612.892455891426,93.62151840604896,2.6795313067121778,481.9159095455709,642.3410542349964,6379.777619349285,22.806473175512007,10.350592360604342,0.01899276352127405,68.6226560111994,84.30498457195849,97.48932648110939,0.04946934434618069,1.4266593233539389,35.361335280662864,164.13866471933713,21.82302120162529,1.6086315950112364,1.5145100625359011,15.25383714082758,1687.9818661054717,1998.3856734386466,47.608924672567994,5.266201732871818,7.049823695199245e-07,50.87922735503438,54.538293315920356,16.41188931273171,0.6451312319744884
0.0,19.109515219479217,2.135433866550932,64.06301599652795,6609.975047743341,22.804483506403145,0.00047059807339222526,1.6364717276136558e-11,0.5,2,231.39291449082373,59.832009948126014,194.78361477948576,0.5451128229964632,13.26172832641599,8.088990711865234,0.04792763154849664,0.7300482657122871,0.37060456476301396,4.105783514449347,0.05664531166179762,0.9348424463403482,3121.610759824831,329.44726775016466,10.628858460043942,916.8356221238524,69.08764910350723,8613.30691165481,93.64347458410931,2.6799625612346345,481.93734065230933,648.9178163041331,6609.975047743341,22.804483506403145,10.349113767567587,0.01899774043157493,68.6106530495463,84.3181298188484,97.49887799525386,0.04948364128350869,1.4269697355743487,35.35947489448983,164.14052510551016,21.82449105239156,1.6084790485445843,1.5144182124560213,15.252611686607846,1688.2390671641895,1998.9906533769995,47.60367345436817,5.240172291818579,4.2881760124311124e-07,50.8706570548861,54.54510234423068,16.409851774023966,0.6451598121219001
0.0,19.60951603341692,2.135921149094739,64.07763447284216,6840.546013443293,22.802767381462033,0.00044248818271969126,7.318590178329032e-12,0.5,2,231.47078538606485,59.83185548497712,194.78475124918478,0.545122630865498,13.261793316389275,8.090837949374034,0.046187462282291133,0.7300475986984015,0.37060397919130295,4.105677753554364,0.05664525689975162,0.9348435538235553,3121.5935503638525,329.48380772097835,10.627366944838371,917.2055454470869,69.08890703144428,8613.694867644374,93.66403419381943,2.680362531675212,481.958272658505,655.2091507724078,6840.546013443293,22.802767381462033,10.347715184208242,0.019002392156428367,68.59943917577505,84.33041484341541,97.50780380426743,0.04949700419655674,1.4272598427225833,35.35773637798579,164.14226362201424,21.825893383920832,1.608333376294508,1.5143304997235552,15.251442740061119,1688.4869031643796,1999.5694740349409,47.598696854569475,5.215290215283279,2.607854613908964e-07,50.86265027301058,54.551465594304865,16.407948087597596,0.6451865170031928
0.0,20.109516747644488,2.1363798578414586,64.09139573524375,7071.46346556085,22.801286336220382,0.0004168402583947274,5.727651046647795e-12,0.5,2,231.54533118176977,59.83171057463291,194.78581722160652,0.5451318311008722,13.261854273699454,8.092573774483686,0.044564821950164,0.7300445651548698,0.37060250588038335,4.105569324686047,0.05664500784496404,0.9348446892716776,3121.5774065623405,329.51809175024675,10.625938401810293,917.5596704318309,69.09008702659479,8614.058809875572,93.68332760588636,2.6807344012304557,481.9786929742969,661.2337777090385,7071.46346556085,22.801286336220382,10.34639011658952,0.019006749047993567,68.58894028251126,84.34192006193751,97.51616246268092,0.049509520253892686,1.4275315422029926,35.35610832652122,164.14389167347883,21.827232746121343,1.6081941273171942,1.5142466529260086,15.250326473635464,1688.725769946082,2000.1237447427327,47.59397332098868,5.191482905638455,1.5856908973855132e-07,50.85515407731215,54.557424757385526,16.406165691888987,0.6452115223934881
0.0,20.609517376751548,2.1368124499862504,64.10437349958751,7302.70297421528,22.800008024144176,0.0003933720147418149,1.9885289556634637e-12,0.5,2,231.61675636723254,59.8315743502853,194.7868191119686,0.5451404789306564,13.26191156542223,8.094208038271358,0.04304848704820712,0.7300395336651669,0.37060028442598675,4.105459061830878,0.056644594758492234,0.9348458439530548,3121.56223160791,329.55032420491415,10.624569086289174,917.8989644651799,69.0911961722591,8614.400919105316,93.70146925607784,2.6810809397348585,481.9985960390343,667.0087948874536,7302.70297421528,22.800008024144176,10.345132770694661,0.019010837843960862,68.57909114271943,84.35271629925246,97.52400553362831,0.049521266245050204,1.4277865052064,35.354580697159214,164.14541930284074,21.82851328745714,1.6080608890301464,1.5141664237531225,15.249259399759604,1688.9560595776297,2000.654953308885,47.58948355396988,5.168683558466824,9.640178419850961e-08,50.84812187969133,54.5630165498642,16.404493529479968,0.6452349830459285
0.0,21.10951793286978,2.137221106383518,64.11663319150553,7534.242415892473,22.79890511783674,0.000371841553065466,6.818632198390232e-12,0.5,2,231.68524962714812,59.83144604785067,194.7877625731718,0.5451486230275993,13.261965515002085,8.095749462374936,0.04162859190558124,0.7300328169064768,0.37059743318334587,4.105347652318173,0.05664404331156134,0.9348470106710667,3121.5479401742427,329.58068526981134,10.62325552140325,918.2243210806375,69.09224071098674,8614.723117452575,93.7185600693167,2.6814045694659954,482.01798159138775,672.5498495668423,7534.242415892473,22.79890511783674,10.34393795825162,0.019014682184135406,68.56983413240289,84.36286616178784,97.53137859076595,0.04953231006370845,1.4280262090790845,35.35314461351739,164.14685538648268,21.829738799807,1.6079332831057938,1.5140895845209108,15.248238332566311,1689.1781554557667,2001.1644759715646,47.58521021053619,5.146830613036254,5.8598860127473756e-08,50.84151252339676,54.56827342576616,16.402921830912938,0.6452570357093322
0.0,21.609518426138013,2.1376077702170972,64.12823310651292,7766.061703378034,22.7979544300702,0.0003520402542161946,4.693496056219535e-12,0.5,2,231.7509852448433,59.831324990905124,194.78865260785886,0.5451563064717866,13.262016408667597,8.097205796186074,0.04029643254056554,0.7300246808184534,0.37059405275629975,4.105235662360406,0.056643375338261664,0.9348481834968169,3121.53445673503,329.6093344890502,10.621994478489514,918.5365663211594,69.09322616804094,8615.027106352652,93.73468943441374,2.6817074183099336,482.0368533589105,677.8712891544884,7766.061703378034,22.7979544300702,10.342801017884945,0.019018303041735407,68.56111816556127,84.37242518353466,97.53832205432197,0.04954271194604044,1.4282519643412952,35.35179220293496,164.14820779706508,21.83091275675366,1.6078109619490681,1.5140159260482622,15.247260355249027,1689.392429166358,2001.6535866481888,47.581137656116255,5.125867266220613,3.5615274125018e-08,50.835289522066134,54.57322417135696,16.401441934403174,0.6452778016454016
0.0,22.109518865070157,2.137974179040622,64.13922537121866,7998.14255305193,22.79713620635439,0.00033378720364963047,9.09364860892535e-12,0.5,2,231.81412437391958,59.831210578291156,194.78949366057384,0.5451635675424726,13.262064500707158,8.09858394852494,0.039044303119808034,0.73001535213185,0.37059022886165033,4.105123557908186,0.056642609453614004,0.9348493575508643,3121.52171417697,329.6364136803085,10.620782958371864,918.8364645524911,69.0941574529549,8615.314397779992,93.74993682963824,2.681991363183954,482.05521805632986,682.9862936621158,7998.14255305193,22.79713620635439,10.34171774862436,0.01902171908525052,68.55289780170419,84.38144278722223,97.5448718921786,0.04955252550971211,1.4284649373506455,35.35051645992615,164.14948354007387,21.83203834663967,1.6076936056385187,1.5139452558133968,15.24632279190843,1689.5992385555396,2002.123465473941,47.57725175457454,5.1057410394902325,2.1643689819873337e-08,50.829420422077135,54.577894403820245,16.40004613473923,0.6452973887389074
0.0,22.60951925684821,2.1383218915773696,64.14965674732109,8230.468283634924,22.7964335522423,0.00031692475103258286,3.2729434552273113e-12,0.5,2,231.87481618980993,59.83110227382841,194.79028969424297,0.5451704403753126,13.262110017847064,8.099890098505819,0.03786535893990077,0.7300050245740767,0.37058603468961365,4.105011721727605,0.056641761563025944,0.934850528824495,3121.509652648515,329.66204935483705,10.619618173701703,919.1247237613998,69.09503894382418,8615.58634016668,93.76437317302245,2.682258065837632,482.0730846141395,687.9069924279997,8230.468283634924,22.7964335522423,10.340684353476874,0.019024946983455245,68.54513249441953,84.38996309426932,97.55106021053882,0.04956179862968424,1.4286661694012641,35.34931113113861,164.15068886886138,21.83311850135754,1.607580919245349,1.5138773963384482,15.245423183058675,1689.7989266375573,2002.5752066458344,47.57353968943865,5.08640339131149,1.3151598123324452e-08,50.82387626569399,54.58230699144241,16.398727556047042,0.6453158932749937
0.0,23.109519607556848,2.138652310317517,64.15956930952551,8463.0236415216,22.79583196713813,0.00030131492622281075,2.3021584638627246e-12,0.5,2,231.93319893211032,59.830999597703766,194.79104425414303,0.5451769555121663,13.2621531629132,8.101129789331791,0.036753501100072535,0.7299938640034422,0.3705815328563106,4.104900467424615,0.05664084528380293,0.9348516940329461,3121.498218596707,329.6863547428354,10.61849753245243,919.4020003761705,69.09587455782182,8615.844140086945,93.7780619528435,2.6825090026124014,482.09046358110857,692.6445672079851,8463.0236415216,22.79583196713813,10.339697391268237,0.019028001663646574,68.53778595585426,84.39802561033939,97.55691575378374,0.04957057417972163,1.4288565928907728,35.34817061799803,164.151829382002,21.834155921596615,1.6074726304674156,1.5138121837641278,15.244559264171846,1689.9918210824344,2003.0098256042515,47.56998981079223,5.067809369039775,7.990645212178163e-09,50.81863113704003,54.58648240923693,16.39748004416726,0.6453334014428297
0.0,23.609519922372364,2.1389667007030466,64.1690010210914,8695.794648676327,22.79531896280513,0.0002868365132524878,3.000198167291702e-12,0.5,2,231.98940084786912,59.83090211921765,194.79176052177252,0.5451831403641927,13.262194117914595,8.102308008006641,0.03570327900533409,0.7299820126726212,0.370576777024721,4.104790050995535,0.056639872295175385,0.9348528504945209,3121.4873639558346,329.70943150020776,10.617418622592009,919.6689036474172,69.09666781059187,8616.088880524163,93.79106018057244,2.682745489356144,482.1073666595494,697.209343429661,8695.794648676327,22.79531896280513,10.338753735332942,0.019030896531202424,68.53082561692422,84.40566580806583,97.56246432928221,0.049578890662851594,1.4290370450632153,35.34708989396934,164.15291010603065,21.835153099101614,1.6073684875302938,1.5137494665855067,15.243728946782591,1690.1782341050705,2003.428265592317,47.566591503465226,5.04991729555012,4.8545024973210644e-09,50.81366177647152,54.59043904120443,16.39629807523311,0.6453499906131607
0.0,24.109520205715597,2.139266207512277,64.1779862253683,8928.76846975046,22.794883749625612,0.00027338263823382947,9.680335615952793e-12,0.5,2,232.0435410452664,59.83080945063659,194.79244136049772,0.5451890196042949,13.26223304665605,8.103429253368148,0.03470980759787278,0.7299695927816514,0.3705718132551818,4.10468068036717,0.056638852629999854,0.934853996030745,3121.477045459871,329.73137115552396,10.61637919791563,919.9259996265207,69.09742186658262,8616.32153635257,93.8034191990231,2.682968702412686,482.1238063428847,701.6108711443312,8928.76846975046,22.794883749625612,10.337850537915433,0.01903364365700503,68.52422216696202,84.41291562436966,97.56772916987924,0.049586782749557544,1.4292082797384804,35.34606443395604,164.1539355660439,21.836112336380733,1.607268257317782,1.5136891045261935,15.242930301775296,1690.3584626306408,2003.8314036374666,47.563335073031205,5.032688486653277,2.9489695745550375e-09,50.80894725171088,54.59419343827467,16.39517667769356,0.6453657304281776
0.0,24.609520461376366,2.139551868925377,64.1865560677613,9161.933295633184,22.794516977359518,0.00026085876423198254,1.3200457658117443e-11,0.5,2,232.09573026636835,59.83072124195345,194.79308935443237,0.5451946155014578,13.262270096963483,8.10449759438874,0.03376869681074511,0.7299567094490695,0.3705666811344307,4.104572523298342,0.05663779491869225,0.9348551288836682,3121.4672240566606,329.752256343325,10.615377164994158,920.1738147773981,69.098139581927,8616.542987528283,93.81518537138545,2.6831796964030965,482.139795632682,705.8579969923568,9161.933295633184,22.794516977359518,10.336985199363573,0.01903625393804679,68.51794915958394,84.41980388652325,97.57273124440161,0.04959428173897426,1.4293709773617798,35.34509015382376,164.15490984617628,21.837035764216726,1.6071717237015102,1.5136309675325599,15.24216154454922,1690.5327886476773,2004.2200560004921,47.56021164679105,5.016086995930561,1.7912712250507384e-09,50.80446867629251,54.59776053927744,16.394111365546163,0.6453806837348673
0.0,25.109520692615195,2.139824628654548,64.19473885963643,9395.278241101696,22.7942105199719,0.00024918101260155116,3.813465545678373e-12,0.5,2,232.1460715869037,59.83063717640137,194.7937068417208,0.5451999482069853,13.262305402588789,8.105516720327564,0.03287599120932075,0.7299434532047477,0.37056141472264426,4.104465713941845,0.05663670659389338,0.9348562476471888,3121.4578644063445,329.77216186040863,10.61441057117895,920.4128392552069,69.09882354115362,8616.754030383841,93.82640067153281,2.68337941936434,482.1553478178356,709.9589283123632,9395.278241101696,22.7942105199719,10.336155341365446,0.019038737235560113,68.5119826739985,84.42635667851133,97.57748952461442,0.04960141595554785,1.4295257536453982,35.344163358405595,164.15583664159445,21.837925357271857,1.6070786860445914,1.5135749348728782,15.241421021810682,1690.7014796857407,2004.5949831366274,47.55721308744246,5.000079384067385,1.0879788238837279e-09,50.80020896761943,54.60115386093773,16.39309808095584,0.6453949073872894
0.0,25.609520902246864,2.1400853464482603,64.20256039344781,9628.793254608583,22.79395729627634,0.0002382747489275572,1.2613770651090002e-11,0.5,2,232.19466105028565,59.83055696659562,194.79429594315192,0.5452050360006321,13.262339084847412,8.10648998403026,0.03202811816065588,0.7299299020881225,0.37055604335034925,4.104360358307886,0.056635594062738506,0.9348573512098695,3121.4489344500676,329.7911555744701,10.613477593595778,920.6435298831972,69.09947608875437,8616.95538734105,93.8371031919646,2.683568725696289,482.17047630261686,713.921290367813,9628.793254608583,22.79395729627634,10.335358783614767,0.019041102494232784,68.50630102292378,84.43259765716122,97.58202121554653,0.049608211091385995,1.4296731670260086,35.343280696642346,164.1567193033576,21.83878294802964,1.606988957858256,1.5135208943286584,15.240707199783458,1690.8647893723974,2004.9568942113326,47.55433191754386,4.984634510123121,6.607693221595904e-10,50.79615263831967,54.604385661812316,16.39213314476585,0.645408452938616
0.0,26.109521092709326,2.140334807221603,64.21004421664809,9862.469038550564,22.79375111982573,0.00022807338543353892,1.8189894035458565e-12,0.5,2,232.24158824242951,59.830480351201246,194.79485858685905,0.5452098955030932,13.262371254032006,8.107420439442494,0.031221843170405907,0.729916123419718,0.37055059229106346,4.104256538824028,0.056634462852304134,0.9348584387072123,3121.4404050375597,329.80929920888605,10.612576529057417,920.8663128564365,69.10009935643771,8617.147715297297,93.84732758263036,2.6837483872801404,482.1851944733317,717.7521775311009,9862.469038550564,22.79375111982573,10.334593523396753,0.01904335784544348,68.50088449984638,84.43854832584725,97.58634195487771,0.04961469050272364,1.4298137251215015,35.34243912274794,164.15756087725205,21.839610239278638,1.606902365593546,1.5134687414673558,15.240018653660462,1691.0229580370562,2005.3064512108247,47.55156125320467,4.969723342470879,4.01283890183467e-10,50.79228561570939,54.60746708421745,16.391213213670436,0.6454213672401009
0.0,26.609521266120804,2.140573729019755,64.21721187059265,10096.296978616616,22.793586572796517,0.00021851736162441286,4.433786671143025e-12,0.5,2,232.28693681328184,59.83040709204564,194.7953965297238,0.5452145418601568,13.262402010637201,8.108310874218176,0.03045423126734458,0.7299021753012442,0.370545083330717,4.104154318149757,0.05663331773277081,0.9348595094817305,3121.4322496044233,329.8266490230497,10.611705784824606,921.0815861987154,69.1006952867466,8617.33161289404,93.85710543145056,2.6839191030629195,482.19951559557074,721.4581991517903,10096.296978616616,22.793586572796517,10.33385771767227,0.019045510696946242,68.4957151596128,84.4442282722249,97.59046598610274,0.0496208754674775,1.4299478903395253,35.34163586248262,164.1583641375174,21.84040881531407,1.6068187475526021,1.51341837898712,15.239354058146224,1691.1762133382474,2005.644272684679,47.54889474569707,4.9553187873932565,2.436844978258308e-10,50.788595085068735,54.61040827749831,16.39033524303279,0.6454336929611728
0.0,27.109521424327273,2.140802769985954,64.22408309957862,10330.26908102452,22.79345889964127,0.0002095532735275612,7.830180948076304e-12,0.5,2,232.33078495038473,59.83033697160659,194.79591137598467,0.5452189889028362,13.262431446424575,8.109163838153494,0.029722613509587482,0.7298881078894467,0.37053953525105104,4.104053742374419,0.05663216282201074,0.9348605630494747,3121.4244438914925,329.843256404206,10.610863870147066,921.2897219965126,69.10126565359666,8617.507626837833,93.86646559542056,2.684081507349056,482.213452735778,725.0455207386814,10330.26908102452,22.79345889964127,10.333149667307172,0.019047567811021942,68.49077662736416,84.44965537535772,97.59440630938397,0.049626785409683474,1.4300760847641756,35.340868383771564,164.15913161622836,21.841180152007624,1.6067379529061603,1.513369716125515,15.238712178960713,1691.3247708977071,2005.9709371547551,47.54632652989271,4.941395533539225,1.4797220103611652e-10,50.78506935316636,54.613218505422516,16.389496454503536,0.6454454690424354
0.0,27.609521568942107,2.141022534476673,64.23067603430019,10564.37791663025,22.793363917096475,0.00020113312584412688,6.746900580815582e-12,0.5,2,232.37320580926473,59.83026979082041,194.7964045934709,0.5452232492870829,13.262459645351594,8.109981668056104,0.029024557843899644,0.7298739644807518,0.3705339642410956,4.103954843703518,0.056631001674641177,0.9348615990719147,3121.416965699926,329.8591683839775,10.610049388519508,921.4910684317088,69.10181208019496,8617.676257415846,93.87543448965417,2.6842361769972842,482.2270187021642,728.5199010025673,10564.37791663025,22.793363917096475,10.332467803150548,0.01904953537278057,68.48605393165882,84.45484598671166,97.59817481335556,0.04963243809565167,1.4301986944263316,35.34013437103338,164.15986562896668,21.841925625876357,1.606659840805563,1.5133226681251475,15.238091865192942,1691.4688349293258,2006.2869862218884,47.5438511786028,4.927929910639944,8.98483283045435e-11,50.781697729062785,54.615906240020166,16.388694307736323,0.6454567310914042
0.0,28.109521701379286,2.1412335784435235,64.2370073533057,10798.616571042092,22.793297937775012,0.00019321368962179697,1.0267022622980233e-11,0.5,2,232.41426790494583,59.83020536716369,194.79687752780868,0.5452273346160551,13.262486684384507,8.110766509559465,0.028357843677529682,0.7298597824372092,0.37052838424833057,4.103857642719424,0.05662983735804822,0.9348626173322723,3121.4097946769025,329.8744280905543,10.609261030591666,921.6859516326125,69.10233605472166,8617.837963323056,93.88403634048187,2.68438363768702,482.24022600103956,731.8867252355262,10798.616571042092,22.793297937775012,10.331810673711816,0.019051419050024405,68.4815333583027,84.4598150887619,97.60178239061376,0.04963784980588766,1.4303160730459308,35.33943170268627,164.16056829731377,21.842646522263777,1.606584279579033,1.5132771557500337,15.237492042407165,1691.6085988547159,2006.592927398923,47.541463662040215,4.9148997610516965,5.455303918953696e-11,50.77847041970705,54.61847924381265,16.387926475611525,0.6454675117291994
0.0,28.609521702495062,2.1414386106272048,64.24315831881614,11035.567964645508,22.793257393385655,0.0001867023054127536,3.174628801768655e-09,0.5,1,232.45446773277217,59.830142863833444,194.7973363264013,0.5452312979765784,13.26251291501372,8.111528496654824,0.02771355558072779,0.7298454373264984,0.3705227457334493,4.103761105050962,0.05662865965665057,0.9348636286656333,3121.402837649628,329.8892336518038,10.608489269251798,921.8767286925208,69.10284438595589,8617.994845396746,93.89238276627798,2.684525887981673,482.25322697305995,735.186537448786,11035.567964645508,22.793257393385655,10.3311700599358,0.01905324356227356,68.4771554966866,84.46462791509235,97.60527641272544,0.04964309155615756,1.4304297614023522,35.33875115192678,164.16124884807402,21.84335162113836,1.6065103513025818,1.5132326261672395,15.2369054013926,1691.7457218985521,2006.8924575791943,47.53913430627156,4.902147217397683,3.31221075646979e-11,50.77534500915661,54.620971298345005,16.387182868834678,0.6454779525724339
0.0,29.109521703527868,2.141636776498846,64.24910329496538,11273.909901561321,22.793240157957666,0.00018100491666404913,2.9016562870938518e-09,0.5,1,232.49361189379331,59.83008253295987,194.79777914224866,0.5452351233997119,13.26253823166323,8.112264504531746,0.02709407594946264,0.7298310376752841,0.3705170908817289,4.103665813484286,0.056627477480305013,0.93486462696606,3121.3961226583056,329.90352527531337,10.607737821713254,922.0624823805931,69.10333502575041,8618.146271156611,93.90044000447287,2.684662424563384,482.26595289656865,738.4033264118423,11273.909901561321,22.793240157957666,10.330548814090587,0.019055001764500947,68.47293741754333,84.4692656383175,97.60864322137911,0.04964814281724337,1.4305393146303105,35.3380953790788,164.16190462092197,21.844037583545482,1.6064384080376755,1.513189291482115,15.23633471693547,1691.879518584653,2007.1841337763665,47.53687364103051,4.889733365300224,2.0109558691291284e-11,50.772333682937834,54.6233726579087,16.386466388465767,0.6454880128534444
0.0,29.609521704495656,2.1418289312889636,64.25486793866891,11514.302958697133,22.79324394957526,0.00017628677676614286,2.6850925712964145e-09,0.5,1,232.53184387989018,59.83002410612908,194.79820794905433,0.545238827922954,13.262562747194254,8.112977758246839,0.02649643556072713,0.7298165691342287,0.3705114136126648,4.103571533797116,0.05662628965100062,0.9348656146865766,3121.3896198050234,329.91736647860427,10.607003936466207,922.2438942730316,69.10381015928651,8618.292914648995,93.9082438110616,2.6847939240738463,482.27844442692395,741.5487283324596,11514.302958697133,22.79324394957526,10.329944434993456,0.01905670169654741,68.46885976206293,84.47374948508765,97.61189823592093,0.04965302668559962,1.4306452340296947,35.33746138084858,164.16253861915214,21.844706976277223,1.6063681825050729,1.5131469907482653,15.235777850470143,1692.0104543733341,2007.4690233978931,47.534672719562195,4.877612430323017,1.220887645317844e-11,50.769422619187054,54.62569431630229,16.385773747658835,0.6454977386906989
0.0,30.109521705418583,2.142016104791576,64.26048314374728,11757.772426111445,22.793266959542343,0.00017282721452083379,2.5288406804737365e-09,0.5,1,232.56934754999136,59.82996726355691,194.7986250967694,0.5452424318370567,13.262586595974199,8.113672120558915,0.025917186922852917,0.7298019936913149,0.37050569865485716,4.10347790712636,0.05662509304810027,0.9348665955862616,3121.3832934792654,329.9308329630326,10.606284087015528,922.4218373035028,69.10427238900199,8618.435578778919,93.91583682287443,2.6849211635524006,482.29075671056944,744.6377500060496,11757.772426111445,22.793266959542343,10.329353832415848,0.01905835284180706,68.46489972364614,84.4781044855546,97.61505963479,0.04965777040534877,1.4307481107737035,35.3368456165314,164.16315438346925,21.845363061265555,1.6062993340796268,1.5131055188270954,15.2352320858284,1692.139138387603,2007.7484949849013,47.53252041607685,4.865725904007736,7.412101375589443e-12,50.76659553494469,54.627949236103156,16.38510107361603,0.6455071844373536
0.0,30.60952170632179,2.1421996214036634,64.2659886421099,12005.93030230117,22.793307940008404,0.00017109913341362162,2.4440639234989963e-09,0.5,1,232.60637240621259,59.82991159789171,194.79903357710532,0.5452459609803376,13.262609949055637,8.114352535873419,0.02535204553066621,0.7297872381355454,0.3704999170410258,4.1033843817603755,0.056623881661269,0.9348675754449924,3121.3770983300906,329.9440211912757,10.605573487389004,922.5974956015963,69.10472502885457,8618.575286144733,93.92327339576863,2.6850450983248306,482.30296794136007,747.6908753841863,12005.93030230117,22.793307940008404,10.32877293933768,0.019059967163965682,68.4610285635153,84.48236220725974,97.6181503398293,0.049662408346871446,1.4308486904942048,35.33624362151714,164.16375637848355,21.84601023509978,1.6062314025838427,1.5130645985504831,15.234693763766575,1692.2664111971362,2008.0244065648033,47.53040200572021,4.853994552732322,4.4999213160317236e-12,50.76383191258236,54.630153764126455,16.3844434855336,0.645516418608759
0.0,31.109521707240788,2.1423813036049077,64.27143910814723,12261.363911077246,22.793366391995168,0.00017192839333264124,2.4556507632146807e-09,0.5,1,232.64327687302597,59.82985655300277,194.79943747247606,0.5452494506182649,13.262633039841246,8.115025781883878,0.024795286870919038,0.7297721736827417,0.37049401815759053,4.103290094489308,0.056622644917854216,0.9348685633067758,3121.370972455288,329.95706289403404,10.604865262491746,922.7725696771525,69.1051726019092,8618.713432642633,93.93062778822797,2.6851669925187336,482.3151941084909,750.7376757706298,12261.363911077246,22.793366391995168,10.328196051642948,0.019061560856649565,68.45720741923866,84.48656536861444,97.62120136466501,0.04966698703364639,1.4309479822726727,35.335649355105645,164.16435064489505,21.846654780755223,1.6061637292271271,1.5130238330894652,15.234157656928875,1692.3934955330963,2008.2994281896977,47.52829674376946,4.842304738506214,2.731960948156496e-12,50.761104007592095,54.6323300199836,16.383794382517422,0.6455255338838561
0.0,31.609521708233583,2.1425638423646864,64.27691527094059,12528.361482440441,22.793442952323133,0.00017684667034271586,2.6190148731852773e-09,0.5,1,232.68060760389372,59.829801312713904,194.79984277197212,0.545252952495051,13.262656210730611,8.115701836842321,0.02423865480538007,0.7297565779080929,0.3704879148966035,4.103193650992284,0.0566213645577394,0.9348695737810857,3121.3648250214774,329.97015144038113,10.60414892779482,922.9496523943654,69.10562174476057,8618.852066668092,93.93800903864789,2.685288654866293,482.3276161352874,753.8234295821798,12528.361482440441,22.793442952323133,10.327614622432009,0.0190631575189967,68.45337969875177,84.49077621185884,97.6242578914475,0.049671574265881084,1.431047456449189,35.33505401690122,164.16494598309941,21.847306244085498,1.6060953118005197,1.5129826187131754,15.233615825401564,1692.5222729394081,2008.5776330011422,47.52617344227605,4.830483357991529,1.6586817811016497e-12,50.758371418859255,54.63451023099164,16.383144151383732,0.6455346652551024
0.0,32.10952170941264,2.142751536054276,64.28254608162828,12814.391921481065,22.793540224104742,0.00018897917011574542,3.1472078774889956e-09,0.5,1,232.71925843292718,59.829744579055856,194.80025899746303,0.5452565488866923,13.262680006079215,8.116396605817421,0.023669192345864953,0.729740057427186,0.37048145350676115,4.103092682619727,0.0566200082858496,0.934870631687414,3121.358511592325,329.9835943945842,10.603407342297238,923.1329824951423,69.10608300994637,8618.99444554337,93.94559061762901,2.6854129066306704,482.3405344302714,757.0223986197992,12814.391921481065,22.793540224104742,10.327014851518753,0.019064794477019743,68.44945594160066,84.49509316994315,97.62739136671681,0.04967627728226259,1.4311494383764487,35.33444369082365,164.1655563091771,21.84798019122631,1.606024514549882,1.51293996999401,15.23305532423071,1692.6558389092013,2008.8656819135838,47.52398162224781,4.8182476222572435,1.007149163219836e-12,50.75557028150204,54.63674536099769,16.38247759465843,0.6455440261550587
0.0,32.609521711048004,2.1429519527346983,64.28855858204095,13133.51047453781,22.793664748349247,0.00021570013780368436,4.48556900538903e-09,0.5,1,232.76082940552334,59.82968407378285,194.80070285884796,0.5452603841908531,13.262705381156083,8.117138051657843,0.023064377508599264,0.7297218713145399,0.37047434475567287,4.10298283949143,0.05661851527572697,0.9348717826068667,3121.3517786681255,329.99793166529395,10.602609826443405,923.3301465391555,69.10657491759962,8619.146286330651,93.95367708974982,2.685544629637163,482.3544924002178,760.467837388195,13133.51047453781,22.793664748349247,10.326372252243742,0.019066536978182013,68.4452798281998,84.49968829100088,97.63072666149634,0.04968128354212105,1.4312579925760578,35.33379405496244,164.16620594503854,21.84870443399434,1.605948413058781,1.5128941251105748,15.232453027837574,1692.7997580151832,2009.1754995421372,47.5216315627871,4.805091641067026,6.116646063369537e-13,50.75258900184039,54.63912448574877,16.381768155651276,0.6455539895731127
0.0,33.10952171401551,2.1431803377266063,64.29541013179819,13515.650956309559,22.793832517073312,0.0002788516278827581,8.391827019202827e-09,0.5,1,232.80858306704303,59.8296152176619,194.80120793801606,0.5452647486206068,13.262734255738579,8.117982445571593,0.02237927221898219,0.7297004550898418,0.370465978410856,4.102855091624134,0.05661675709133161,0.934873121164786,3121.3441167487,330.0142485461439,10.601693833200555,923.5566118113093,69.10713468983458,8619.319079766254,93.96288074358752,2.685693531638235,482.3706062936708,764.4320001141862,13515.650956309559,22.793832517073312,10.325637214023542,0.019068515749920776,68.4405382498552,84.5049062602322,97.63451393332949,0.049686968634320504,1.4313812621536968,35.33305638454465,164.16694361545714,21.849535602787718,1.6058610499497106,1.5128414949243338,15.231761852340563,1692.9654105258364,2009.5314016587374,47.51894126211465,4.789984397497614,3.7165140846834865e-13,50.74920405910098,54.6418260580678,16.3809626394433,0.6455653026741673
0.0,33.60952172296648,2.1434744696694366,64.3042340900831,14039.350091641445,22.79408891157591,0.00047375392844633407,1.5535757683540666e-11,0.5,2,232.87068906761613,59.82952668374878,194.80185729162656,0.5452703599827269,13.262771377874682,8.119069114309607,0.021503432900785,0.729671777835187,0.37045478318310093,4.102686488955839,0.0566144028154824,0.9348748878625615,3121.334265622933,330.03522974032563,10.600502769491698,923.8511046947608,69.10785439104984,8619.541247778265,93.97471634906483,2.6858834012246544,482.39168853697737,769.5980086179076,14039.350091641445,22.79408891157591,10.3246861843271,0.01907105320442872,68.43445916569205,84.51159712352826,97.63937008442528,0.04969425887554743,1.4315393295424081,35.332110521553695,164.1678894784463,21.850615334125465,1.6057475197563524,1.5127730991058819,15.23086404701231,1693.1813643915227,2009.9942780899385,47.51545697599883,4.770345310980237,2.261204232550996e-13,50.74486431543888,54.64529016238607,16.37992987825031,0.6455798078966106
0.0,34.1095218052414,2.1439682895593797,64.31904868678139,15008.887592363913,22.794620523565055,0.0015234022099971936,1.1981601938693108e-11,0.5,2,232.9765148739267,59.82937840495729,194.80294467450145,0.5452797571744087,13.262833540211387,8.120891522813942,0.02004956218730085,0.7296208230446128,0.37043490992653766,4.102392962348689,0.05661021967892029,0.9348779637299501,3121.317767789022,330.0703727246822,10.598473910935969,924.3528092194994,69.10905965500189,8619.91332375429,93.9945432485895,2.686197333165446,482.4279286479212,778.4290629444057,15008.887592363913,22.794620523565055,10.323078187838966,0.019075285093124898,68.42432371099345,84.52275509569986,97.64746799419918,0.04970641739235519,1.4318029347462355,35.3305332401013,164.1694667598987,21.85245195988435,1.6055543007042719,1.5126566903244631,15.229337049086928,1693.5506391074205,2010.7830113713767,47.50955699362288,4.736903810478972,1.3847661234034987e-13,50.73762886703758,54.651066926969705,16.37820792808454,0.6456039942664676
0.0,34.60953198780455,2.145453771979329,64.36361315937988,18853.35656713251,22.79696748605108,0.001888419859540955,2.9924347860075033e-11,0.5,2,233.3070209274848,59.8289350191582,194.80619491133928,0.5453078504220498,13.26301933893243,8.126359066864833,0.01580392040531688,0.7294457296840835,0.3703667572341246,4.1014286801739335,0.05659584563771569,0.9348880698629642,3121.268443713176,330.17548150786433,10.59214393399614,925.9188393946795,69.11266283853634,8621.025788435447,94.05386238889463,2.6871044815584364,482.54351556782956,806.2641417793419,18853.35656713251,22.79696748605108,10.318152346869278,0.01908779262306022,68.3943902445793,84.55572679829751,97.6713941936901,0.04974235297199209,1.4325819236721624,35.325872976008675,164.17412702399136,21.85816305057967,1.6049526828476801,1.51229419380412,15.224590072768555,1694.713745949048,2013.2462743049646,47.49141578974728,4.632647802034139,9.529843862805166e-14,50.716260562747756,54.6681362975963,16.373121968833363,0.6456754416495678
0.0,35.10957480872971,2.14720563700935,64.4161691102805,26636.559390107745,22.801123226722826,0.0013977521805956794,5.219156798827712e-10,0.5,2,233.72162976822017,59.8284170133245,194.80998973326638,0.5453406595159375,13.263236254778091,8.132780997027982,0.011051976226150813,0.7291951962649961,0.37026947699139756,4.100127074340867,0.0565752791486457,0.9349017147449781,3121.210833827643,330.29832456703815,10.584220176382363,927.8813709679681,69.11687087262548,8622.325242561921,94.12322628485794,2.688100492032422,482.69312036449617,841.8174998965718,26636.559390107745,22.801123226722826,10.31216110742001,0.01910208207335572,68.36023296060225,84.59338463838259,97.69871536003535,0.04978340923335688,1.4334716966501395,35.32055144120502,164.179448558795,21.865277252153888,1.6042017250890492,1.5118416261213201,15.218679396635785,1696.1914929170825,2016.3357924386987,47.46921720280146,4.502266461032076,9.524538948809138e-14,50.69187786794968,54.68762999952535,16.36731752228216,0.6457570013452008
0.0,35.60960594975728,2.148496793221949,64.45490379665847,37716.63367592403,22.80509916836445,0.0010239785721934825,2.5972426332083766e-10,0.5,2,234.04562934612431,59.828038408044485,194.81276168521777,0.5453646310918766,13.263394692874554,8.137497572497788,0.007734124351074024,0.7289782904279437,0.3701853916370474,4.099047147248942,0.05655747383721793,0.934913038742353,3121.1687377102385,330.38813996694324,10.578044023200697,929.4133062375407,69.11994542670702,8623.274841373564,94.17396569945937,2.6887816359735712,482.813133162911,870.1824169924006,37716.63367592403,22.80509916836445,10.307609747328005,0.019112264477040522,68.3359195609552,84.62021160759508,97.71817499270826,0.049812665843804185,1.4341056047732306,35.31676114558212,164.18323885441788,21.870800543266203,1.6036176497248351,1.511489558980806,15.214092248028168,1697.35874227246,2018.7492838050123,47.45225892125828,4.400697492371688,9.522631274582578e-14,50.674522626477504,54.701515980090996,16.363185340669055,0.6458150760011017
0.0,36.10962698081982,2.149438893517683,64.48316680553049,53494.32154822962,22.808464875020178,0.000743218588072386,1.1041586797711249e-10,0.5,2,234.2925172817107,59.82776374846742,194.81477173166653,0.5453820169321147,13.263509577284731,8.140930899960706,0.005415947198775127,0.7288018758457055,0.3701170660653964,4.098191218114398,0.056542992815023715,0.9349220158543565,3121.1382045165074,330.4533128484144,10.573348445372105,930.579569828838,69.12217530739451,8623.963644718946,94.21079690449064,2.689249404960593,482.9061936216485,892.1892817934247,53494.32154822962,22.808464875020178,10.30421142159676,0.019119491247658233,68.31867692075663,84.63924785141317,97.73198159539392,0.049833430509527384,1.4345554446114155,35.3140719287794,164.1859280712205,21.874989266618773,1.6031741475557681,1.5112221823346743,15.210614403490794,1698.2545819828083,2020.5876848211342,47.439545242570496,4.323491870853063,9.521174714095113e-14,50.66221486117095,54.7113688340421,16.360254599646723,0.6458562715616963
0.0,36.609640237591876,2.150120289995079,64.50360869985236,75963.5200920302,22.81113361262627,0.0005351902910705892,4.773042538873162e-11,0.5,2,234.47684372173904,59.8275658874655,194.81621928921928,0.5453945391814095,13.263592309978693,8.143410092016286,0.0037949126756413173,0.7286643845238373,0.37006384509062,4.097535058596093,0.056531707097524454,0.9349288989105526,3121.1162116730347,330.50027095369734,10.56984921127836,931.4496706874259,69.123781392558,8624.459805461582,94.23734120290494,2.689572006958891,482.9764984574259,908.8637043770188,75963.5200920302,22.81113361262627,10.30171091793712,0.019124604720186133,68.30648316646791,84.65271554345917,97.74174852435132,0.04984812320712107,1.4348737070416673,35.31216954822296,164.18783045177705,21.878105755188134,1.6028438855342033,1.5110230501703472,15.20802730910732,1698.9266653890932,2021.959779184383,47.4301630123312,4.2659581664566675,9.520079678566785e-14,50.653511116861104,54.71833922034313,16.358181885417995,0.6458854095100559
0.0,37.10964811418653,2.150609544550452,64.51828633651357,107963.01983458207,22.813167303300677,0.000382926999162647,1.527373612439412e-11,0.5,2,234.6122719504287,59.82742421309796,194.81725555086675,0.5454035043161509,13.2636515344132,8.145188185192815,0.0026604364964856603,0.7285604027996202,0.3700236092918389,4.097044194102647,0.05652317211659451,0.9349340486934058,3121.100465608837,330.53389870649676,10.567281960616373,932.0885971832537,69.12493124801131,8624.815048818984,94.25635368402995,2.6897953646993127,483.02857216763067,921.2572749431729,107963.01983458207,22.813167303300677,10.299892737432224,0.01912821479266078,68.29787780238662,84.66222270674783,97.7486427743368,0.04985849622251567,1.4350983817203002,35.310826700818986,164.18917329918096,21.880389790959068,1.602601692746725,1.5108770055783087,15.206131510715908,1699.4220962675429,2022.9676094081385,47.4233266211846,4.223746151456599,9.519278856005066e-14,50.647368786669475,54.72325964432537,16.356719064222474,0.6459059752192933
0.0,37.60965257542337,2.150958805808849,64.52876417426548,153535.09074871187,22.81467768892743,0.0002726161187820986,9.273339789810716e-12,0.5,2,234.71056018773365,59.82732327135739,194.81799375977175,0.5454098913010701,13.263693723852551,8.146456502844153,0.001865882822594894,0.728483432271666,0.36999383225884047,4.096683495455277,0.056516854347471314,0.9349378332321502,3121.089247422913,330.5578604008125,10.565420783401422,932.5521126581656,69.12575043390285,8625.068145133375,94.26990295203873,2.6899505292429726,483.06657642263366,930.3314797008279,153535.09074871187,22.81467768892743,10.298582885201625,0.019130759385349902,68.29181388924837,84.66892345849026,97.75350168933075,0.049865807778955086,1.4352567376919718,35.30988029124327,164.19011970875675,21.882044487760602,1.6024261582070862,1.510771149080141,15.204758204952187,1699.7824802451105,2023.6988960663714,47.41839418253012,4.193141868565013,9.518690603684012e-14,50.64304052496298,54.72672754434628,16.355688229409715,0.6459204684342625
0.0,38.10965500997534,2.1512070207317002,64.536210621951,218436.1228085177,22.81578023223436,0.00019334843195442658,1.4728245548522902e-11,0.5,2,234.78124150844806,59.82725162957109,194.8185176319764,0.5454144240613082,13.263723663372682,8.147357381529188,0.0013090488473334527,0.7284273229398732,0.36997212891953796,4.0964218688423175,0.056512248921750885,0.934940578472857,3121.081285871517,330.5748679494368,10.564083444724396,932.8853366270397,69.1263317996282,8625.247770415228,94.27952086489292,2.690058615236796,483.09401198517145,936.8997462316954,218436.1228085177,22.81578023223436,10.297645856697407,0.01913255092688866,68.2875453624554,84.67364095033079,97.7569223707614,0.049870955561302985,1.4353682255385845,35.309214017672545,164.1907859823274,21.88323290180336,1.602300050308773,1.510695095517666,15.20377195237021,1700.042049853112,2024.2246969797648,47.414861917615795,4.171150019591925,9.51826398715963e-14,50.63999377945809,54.729168996327644,16.35496258466235,0.6459306711564673
0.0,38.6096563017595,2.1513828339980905,64.54148501994271,310863.77124491986,22.816575623015066,0.00013674406798439012,8.692824826706681e-12,0.5,2,234.8317276291308,59.82720093232445,194.81888831970593,0.5454176315145269,13.26374484816191,8.147995237259401,0.0009186139403414597,0.7283868656519736,0.36995648145224347,4.096233873462599,0.056508928233440295,0.9349425512017826,3121.075652075632,330.58690388772436,10.5631287722001,933.1232992299624,69.12674318332901,8625.374879188072,94.28632774336812,2.6901340675247547,483.11366138298985,941.6137944779999,310863.77124491986,22.816575623015066,10.296979029114095,0.01913381126990574,68.28454287584937,84.6769595760304,97.75932867025614,0.049874577017800736,1.4354466548636737,35.30874532331142,164.19125467668857,21.884080991809356,1.6022100367497258,1.5106408078345768,15.203068163606355,1700.2276581615731,2024.600220786851,47.4123463246403,4.1554501306848275,9.517964589945085e-14,50.637850703443895,54.73088647388593,16.354452157100557,0.6459378480685907
0.0,39.109656973107846,2.151507057887464,64.54521173662393,442492.4338516705,22.817144772409616,9.651271911495511e-05,8.692795036955585e-12,0.5,2,234.86761210394798,59.82716513468625,194.81915004963344,0.5454198962418467,13.263759805930803,8.148445803223675,0.0006447455752705219,0.7283579201859177,0.36994528713296676,4.0960996914466365,0.05650655243553552,0.9349439592908176,3121.0716741119604,330.59540281825497,10.562450497110513,933.2924115552219,69.12703365428946,8625.464630028386,94.29113450712386,2.6901868242148317,483.1276539955672,944.9760348868857,442492.4338516705,22.817144772409616,10.296506297686483,0.019134697421461632,68.28243201811901,84.67929285751278,97.76102047977331,0.04987712328147718,1.4355017978189724,35.30841579587687,164.19158420412307,21.88468341021296,1.6021460885345036,1.510602239283992,15.202568261968555,1700.3596855235558,2024.8671123594006,47.410562008627785,4.144295243069396,9.517749734955585e-14,50.63634404681973,54.73209400118584,16.354093303820257,0.6459428938510577
0.0,39.60965731677859,2.1515946734523492,64.54784020357047,629947.8485887415,22.81754973210511,6.801689001317836e-05,8.692773206115716e-12,0.5,2,234.89302806775115,59.82713989800694,194.81933455699757,0.5454214927957524,13.26377035041576,8.148763528688132,0.0004525855166435942,0.7283373248566095,0.3699373225114323,4.096004376416917,0.05650486201026513,0.934944959540176,3121.0688697673295,330.60139454813304,10.561970238736166,933.4121756810433,69.12723842622003,8625.527902007496,94.29452337906403,2.690223756272618,483.13757757850635,947.3633170945742,629947.8485887415,22.81754973210511,10.296172090644802,0.01913532023442322,68.2809485455271,84.68093272771254,97.76220949886317,0.049878912871768905,1.4355405534018817,35.308184200979554,164.19181579902047,21.88510989315433,1.6021008116079691,1.51057493127588,15.20221436396183,1700.4532467267554,2025.0561325038313,47.40930007823491,4.13639669484732,9.517596823420716e-14,50.6352851978386,54.73294266797274,16.353841106224714,0.645946440010287
0.0,40.10965749080229,2.151656389532277,64.54969168596831,896907.06896784,22.81783673141817,4.7883724328373636e-05,8.692758705636993e-12,0.5,2,234.91098408682348,59.82712212706654,194.81946447805944,0.5454226170243308,13.26377777530507,8.148987303487296,0.00031772689337211993,0.7283227279020917,0.36993167776674263,4.095936900027008,0.05650366392349007,0.9349456676597496,3121.066895052143,330.60561382039486,10.561631015695545,933.4967806371686,69.12738261832608,8625.572455949738,94.29690981979596,2.690249633024431,483.1445948900986,949.0528746993639,896907.06896784,22.81783673141817,10.295936283642504,0.019135757845898365,68.27990625172558,84.68208494769945,97.7630449311612,0.04988017030547573,1.435567784273104,35.308021477039134,164.1919785229609,21.885411101188588,1.6020688319750858,1.5105556430463236,15.201964423790013,1700.5193710865956,2025.189666688527,47.40840946130613,4.130817554796659,9.517489836326253e-14,50.63454124728573,54.73353896365819,16.353663910189773,0.6459489315928744
0.0,40.609657578238824,2.151699822160508,64.55099466481524,1277089.0649301256,22.81803956957454,3.368455339047838e-05,1.1733740140548838e-11,0.5,2,234.9236470105638,59.827109623587674,194.81955588755906,0.5454234080125876,13.263782999277515,8.149144770030146,0.00022306768405954655,0.7283124107625825,0.3699276881481886,4.095889246258574,0.05650281711644712,0.9349461677605774,3121.065505671257,330.6085824979166,10.561391825518148,933.556442304831,69.12748406946291,8625.60380353884,94.29858894579483,2.6902677752491337,483.14954681552615,950.2458738005968,1277089.0649301256,22.81803956957454,10.295770139502068,0.019136065269215654,68.27917406153908,84.68289437883146,97.7636318165592,0.04988105365686875,1.4355869139208075,35.30790716459314,164.19209283540692,21.88562347105103,1.6020462832480664,1.5105420428547431,15.201788202846167,1700.5660154333812,2025.2838345739829,47.40778183692501,4.126883574039687,9.517411983236421e-14,50.634018637651295,54.733957858617195,16.353539433091647,0.6459506818971388
0.0,41.109657621927866,2.1517303678642135,64.55191103592641,1818513.6882458837,22.818182649259114,2.3683227442922162e-05,1.5840549189740932e-11,0.5,2,234.93256579623426,59.827100831406035,194.81962016387888,0.5454239642142349,13.263786672607404,8.149255507288624,0.00015661747762903168,0.7283051327483115,0.3699248737987548,4.095855648932041,0.05650221975463897,0.9349465203497486,3121.0645286937383,330.6106700260425,10.5612233764971,933.598461713537,69.12755540717316,8625.625846412166,94.2997696949239,2.6902805005453687,483.15303614291497,951.0868737958552,1818513.6882458837,22.818182649259114,10.295653195318877,0.01913628120609846,68.2786597765554,84.68346292717175,97.76404404606191,0.049881674131072445,1.4356003506981796,35.30782687129457,164.1921731287054,21.88577302433247,1.6020304036066073,1.510532465036629,15.201664107024305,1700.5988741330912,2025.3501576933672,47.40734001218477,4.124113047010794,9.517359273783607e-14,50.63365156074285,54.734252091970106,16.353452001055118,0.6459519113069155
0.0,41.60965764367231,2.1517518403944056,64.55255521183217,2589566.9439902725,22.818283439206382,1.6645099418594045e-05,8.692731287788324e-12,0.5,2,234.938841859497,59.827094651500076,194.81966534239112,0.5454243551586333,13.263789254513362,8.149333348002179,0.00010996604170169537,0.7283000056390176,0.36992289120911576,4.095831990173663,0.05650179893432442,0.934946768639598,3121.0638419922275,330.61213732981236,10.561104849516104,933.6280295405204,69.12760554920158,8625.641340007567,94.30059963908212,2.6902894291833452,483.1554923258204,951.6790468928657,2589566.9439902725,22.818283439206382,10.295570939860369,0.019136432867882226,68.27829857792611,84.68386224155171,97.76433357062335,0.04988210991700715,1.4356097878977103,35.307770478235625,164.1922295217644,21.885878251829034,1.60201923021707,1.51052572576637,15.20157679218753,1700.6219994554508,2025.3968279020046,47.407029215813935,4.122163585353026,9.517318516832426e-14,50.63339375112569,54.734458743652475,16.353390594648175,0.6459527747647611
0.0,42.10965765446475,2.1517669298778515,64.55300789633554,3687638.658917186,22.818354371392303,1.1695418601104237e-05,2.2880793274070235e-11,0.5,2,234.94325546733435,59.82709030900406,194.81969708820492,0.5454246298663142,13.26379106875302,8.14938804756851,7.721246547544819e-05,0.7282963972415973,0.36992149589746504,4.0958153440606635,0.05650150276629007,0.9349469433351317,3121.0633594622327,330.6131683788883,10.561021500493384,933.6488225479895,69.12764078285777,8625.65222702505,94.30118282988306,2.69029569534741,483.15722000675305,952.0956726674502,3687638.658917186,22.818354371392303,10.295513112441961,0.01913653937949631,68.2780449121215,84.68414267803215,97.76453690186793,0.049882415968229586,1.4356164156004214,35.307730873750906,164.1922691262491,21.885952246717846,1.6020113730657717,1.510520986681517,15.201515393534873,1700.6382636813148,2025.4296481143638,47.406810704973665,4.120792701925966,9.517291785125889e-14,50.633212694340365,54.73460387397,16.353347469548645,0.6459533811638455
0.0,42.60965765981091,2.1517775313320184,64.55332593996056,5251423.5498034265,22.818404257501697,8.216054742077322e-06,8.692725909809723e-12,0.5,2,234.9463579285909,59.82708725825195,194.81971939061705,0.5454248228573167,13.263792343311637,8.14942647709793,5.4215519821003084e-05,0.7282938594129112,0.3699205145636198,4.095803638937814,0.05650129446790211,0.934947066176971,3121.063020469075,330.61389272820486,10.560962914087892,933.6634383931972,69.12766553563748,8625.659875516974,94.30159254419112,2.690300093684076,483.15843463625146,952.3886224847989,5251423.5498034265,22.818404257501697,10.295472472793865,0.019136614178836494,68.27786677302973,84.68433961825816,97.76467969372607,0.04988263089721653,1.4356210699947138,35.30770306101585,164.19229693898419,21.886004257153648,1.6020058502661227,1.5105176555662017,15.201472237014043,1700.649697031613,2025.4527182762422,47.406657134129176,4.119829097770622,9.517274516576091e-14,50.63308554561415,54.73470579359526,16.353317184530837,0.6459538070141317
0.0,43.10965766245563,2.1517849784128256,64.55354935238476,7478439.409693812,22.818439325630344,5.771029367912517e-06,1.6692284366947225e-08,0.5,1,234.94853805949154,59.82708511530708,194.81973505648497,0.5454249584200467,13.263793238598664,8.149453471812956,3.806843557783512e-05,0.7282920753764718,0.36991982471067564,4.095795411627403,0.056501148038874176,0.9349471525203784,3121.0627823498858,330.6144015351202,10.560921745897742,933.6737089979554,69.1276829227404,8625.665248055007,94.30188034188085,2.6903031813106515,483.15928826214036,952.5945254056853,7478439.409693812,22.818439325630344,10.295443919354327,0.01913666670607014,68.277741676995,84.68447791774821,97.7647799679187,0.049882781829383126,1.4356243385021774,35.30768352979373,164.19231647020655,21.886040804008694,1.602001969454394,1.510515314823618,15.201441911715655,1700.6577317205822,2025.4689298261192,47.40654923173923,4.119151981063937,9.517262496250332e-14,50.63299625696439,54.73477736569997,16.353295917227033,0.6459541060629092
0.0,43.60965766376258,2.151790209078695,64.55370627236084,10649975.090822382,22.818463969143306,4.053243876839252e-06,8.263363988585155e-09,0.5,1,234.9500697216041,59.827083610189874,194.81974605952362,0.5454250536336362,13.263793867409992,8.149472432095063,2.6730685207801214e-05,0.7282908216582635,0.36991933992299836,4.095789630502437,0.05650104513699994,0.9349472131918222,3121.0626151048427,330.6147589008345,10.560892823530674,933.6809246118476,69.127695134714,8625.66902150371,94.3020824799233,2.6903053489933066,483.1598880272741,952.7392065776421,10649975.090822382,22.818463969143306,10.295423861193102,0.019136703592060638,68.27765383165239,84.6845750351526,97.76485038294791,0.04988288781788666,1.4356266337314614,35.30766981448359,164.19233018551648,21.88606647948525,1.6019992430279606,1.5105136703558122,15.20142060713214,1700.663376707031,2025.4803192868703,47.406473430997785,4.118676274919365,9.517250838437432e-14,50.63293355640706,54.73482762543011,16.353280982825034,0.6459543160621668
0.0,44.10965766440804,2.151793882689122,64.55381648067366,15166619.402342148,22.81848128294925,2.8465820540446445e-06,4.05135850699554e-09,0.5,1,234.95114563143113,59.82708255313328,194.8197537870392,0.5454251205028919,13.263794309028778,8.149485748208685,1.8769717050692927e-05,0.7282899408239334,0.3699189993226802,4.095785569087668,0.05650097284046032,0.9349472558153893,3121.06249764731,330.61500988208314,10.56087250739438,933.6859931664351,69.1277037112796,8625.671671627844,94.30222444353906,2.690306870911682,483.1603093525735,952.8408481407479,15166619.402342148,22.81848128294925,10.295409772503357,0.019136729493950486,68.27759214552115,84.68464323238733,97.76489982936819,0.049882962244590844,1.435628245474691,35.3076601834006,164.1923398165994,21.88608451477672,1.6019973278889619,1.5105125152221455,15.20140564211276,1700.6673420917564,2025.488319745952,47.40642018833718,4.118342121128175,9.517245820813014e-14,50.63288952727142,54.734862918526645,16.353270495692083,0.6459544635264803
0.0,44.609657664726655,2.1517964625999904,64.55389387799971,21598858.48965449,22.81849344514843,1.999054639545417e-06,2.008223555069891e-09,0.5,1,234.95190131747935,59.82708181079119,194.8197592138572,0.5454251674633225,13.263794619165246,8.14949509982525,1.3179749882098918e-05,0.7282893220715183,0.36991876006430635,4.095782716234366,0.05650092205491342,0.9349472857554186,3121.062415160109,330.61518613952103,10.560858238093385,933.689553151772,69.12770973436453,8625.673532737455,94.30232414089785,2.6903079394848874,483.16060528973935,952.9122434164043,21598858.48965449,22.81849344514843,10.295399877574686,0.01913674768243866,68.27754882917313,84.68469112093892,97.76493455096164,0.049883014507545134,1.435629377251647,35.30765342039239,164.1923465796076,21.88609718204298,1.6019959827679895,1.5105117038996274,15.201395131289699,1700.6701272991802,2025.4939390123845,47.40638279393511,4.1181074237607325,9.517243285514882e-14,50.632858609766686,54.73488770157017,16.35326313156669,0.6459545670768141
0.0,45.10965766488388,2.151798274353356,64.55394823060068,30759132.52512769,22.818501987595162,1.4038204359523296e-06,9.832467630078714e-10,0.5,1,234.9524320474962,59.82708128948297,194.81976302482465,0.5454252004411626,13.263794836957686,8.149501667012183,9.25460489386899e-06,0.7282888874719659,0.3699185920140772,4.0957807125128545,0.056500886384145,0.9349473067840197,3121.062357233674,330.61530991596936,10.560848216606269,933.692053378757,69.1277139640603,8625.674839697158,94.30239415322546,2.690308689775192,483.1608131365196,952.9623880692208,30759132.52512769,22.818501987595162,10.295392928476721,0.019136760454422044,68.27751841241106,84.68472474833935,97.764958932502,0.04988305120667025,1.4356301719869022,35.30764867140075,164.19235132859922,21.88610607837689,1.6019950380755503,1.510511134099164,15.20138774944854,1700.6720834146324,2025.4978855050406,47.40635653206086,4.117942593151998,9.517235410880842e-14,50.63283689947959,54.73490510425239,16.35325796047315,0.6459546397899437
0.0,45.60965766496145,2.1517995466293964,64.55398639888189,43804453.0121352,22.818507987132516,9.857994662798573e-07,4.846683766615777e-10,0.5,1,234.95280476734214,59.82708092340475,194.8197657009992,0.545425223599188,13.263794989898,8.149506278705983,6.4984456150880985e-06,0.7282885822426021,0.36991847398857375,4.095779305285545,0.056500861331736985,0.9349473215525554,3121.0623165560023,330.6153968355481,10.560841178771097,933.6938092294786,69.12771693427919,8625.67575748352,94.30244331803057,2.690309216595996,483.16095910539906,952.9976048444566,43804453.0121352,22.818507987132516,10.295388048410347,0.01913676942287836,68.27749705385376,84.68474836141407,97.76497605315454,0.049883076976709,1.4356307300480062,35.307645336671484,164.19235466332853,21.88611232603254,1.6019943746425143,1.5105107339429429,15.201382565382081,1700.6734571612822,2025.5006570361934,47.406338089324,4.117826836781398,9.517233541156738e-14,50.632821654582834,54.73491732437056,16.353254329346683,0.6459546908488966
0.0,46.109657664999716,2.1518004400482584,64.55401320144776,62382542.039520286,22.818512200495636,6.92243133815218e-07,2.531076272042454e-10,0.5,1,234.95306651027445,59.82708066633814,194.81976758025567,0.54542523986116,13.26379509729535,8.149509517127687,4.5631182406721195e-06,0.7282883678851739,0.36991839110129376,4.095778317029775,0.05650084373785459,0.9349473319240814,3121.0622879914245,330.61545787203175,10.560836236458977,933.695042276205,69.12771902001899,8625.676401969267,94.3024778424481,2.6903095865114635,483.161061613553,953.022336508119,62382542.039520286,22.818512200495636,10.295384621442354,0.019136775720482658,68.27748205599393,84.68476494239196,97.76498807518608,0.04988309507229907,1.435631121915619,35.30764299504226,164.19235700495773,21.886116713435495,1.6019939087475823,1.510510452933735,15.201378924883237,1700.6744218815568,2025.5026033458073,47.406325138084185,4.117745546979812,9.517237477191235e-14,50.632810949701515,54.734925905273386,16.353251779589712,0.645954726702216
0.0,46.60965766501859,2.151801067417056,64.55403202251168,88839951.97368671,22.81851515934543,4.86098033519733e-07,1.0391595470346714e-10,0.5,1,234.953250314663,59.82708048582358,194.81976889988604,0.5454252512804606,13.26379517271071,8.14951179118086,3.204161492351992e-06,0.7282882173516121,0.3699183328933111,4.095777623030273,0.05650083138246424,0.9349473392074541,3121.062267933119,330.61550073240824,10.56083276581456,933.6959081609615,69.12772048464399,8625.67685453293,94.30250208581539,2.690309846255913,483.16113359877045,953.0397042029938,88839951.97368671,22.81851515934543,10.295382214945747,0.01913678014261628,68.27747152460682,84.68477658543708,97.76499651697061,0.04988310777889579,1.435631397082287,35.307641350766964,164.192358649233,21.88611979440234,1.6019935815818516,1.510510255600411,15.201376368415419,1700.675099342002,2025.50397010701,47.406316043398114,4.117688462759347,9.517235686228801e-14,50.63280343281251,54.734931930722325,16.353249989168972,0.6459547518781579
0.0,47.109657665027896,2.151801507958244,64.55404523874732,126518452.67040372,22.81851723715117,3.4133879225906044e-07,3.6820613871307254e-11,0.5,1,234.95337938566763,59.827080359065775,194.81976982653418,0.5454252592991268,13.263795225667593,8.149513388029705,2.249921575952887e-06,0.7282881116416532,0.36991829201762877,4.095777135683367,0.05650082270607493,0.9349473443220536,3121.062253848126,330.61553082909313,10.560830328664563,933.6965162016763,69.12772151310789,8625.677172324456,94.30251910958341,2.6903100286425485,483.16118414851206,953.0519002914996,126518452.67040372,22.81851723715117,10.295380525072769,0.01913678324780162,68.27746412955705,84.68478476108557,97.76500244472057,0.049883116701362105,1.4356315903020143,35.307640196170716,164.19235980382928,21.886121957912067,1.6019933518401388,1.5105101170293567,15.20137457321846,1700.675575069111,2025.504929872915,47.40630965698015,4.117648377171655,9.517237768145394e-14,50.632798154517566,54.73493616174183,16.353248731950842,0.64595476955649
0.0,47.609657665032486,2.1518018173061484,64.55405451918445,180177122.14041507,22.818518696229244,2.3968730447632147e-07,2.0183151307235086e-11,0.5,1,234.95347002064173,59.82708027005663,194.81977047722518,0.5454252649298224,13.263795262853828,8.149514509335793,1.5798671954389331e-06,0.7282880374098727,0.36991826331386013,4.095776793459951,0.056500816613330035,0.9349473479136143,3121.0622439576596,330.6155519629456,10.560828617274861,933.6969431738895,69.1277222352937,8625.677395477205,94.30253106365222,2.6903101567109045,483.1612196452167,953.0604645862736,180177122.14041507,22.818518696229244,10.29537933843444,0.019136785428233948,68.27745893682298,84.6847905019497,97.76500660713107,0.04988312296663511,1.4356317259791072,35.30763938542404,164.19236061457605,21.88612347714819,1.6019931905133673,1.510510019723465,15.20137331261499,1700.6759091301465,2025.5056038301575,47.406305172395555,4.117620228692426,9.517240336983828e-14,50.63279444814877,54.73493913272425,16.353247849144115,0.645954781970049
0.0,48.109657665034746,2.1518020345291298,64.5540610358739,256593453.8943162,22.818519720810027,1.6830721205618457e-07,1.1147053133521397e-11,0.5,1,234.95353366485867,59.82708020755473,194.81977093413755,0.5454252688836714,13.263795288965841,8.149515296712508,1.1093636591054064e-06,0.7282879852834625,0.36991824315774596,4.09577655314769,0.05650081233493448,0.9349473504356395,3121.0622370126175,330.61556680304477,10.560827415531561,933.6972429952853,69.12772274240935,8625.677552174067,94.30253945774807,2.690310246638318,483.1612445712145,953.0664785040597,256593453.8943162,22.818519720810027,10.29537850517637,0.01913678695931183,68.2774552905374,84.6847945331272,97.76500952993419,0.049883127366047546,1.4356318212502097,35.307638816125824,164.1923611838741,21.886124543960275,1.6019930772292055,1.5105099513949611,15.201372427415576,1700.6761437093571,2025.5060770853727,47.40630202331493,4.117600462739549,9.517242127844248e-14,50.63279184557388,54.7349412189184,16.353247229246104,0.6459547906867252
0.0,48.60965766503586,2.1518021870618114,64.55406561185434,365419405.34512657,22.818520440275094,1.1818414855091497e-07,8.692732639536144e-12,0.5,1,234.95357835577664,59.82708016366639,194.81977125497835,0.545425271660039,13.263795307301528,8.149515849603564,7.789819519949919e-07,0.7282879486800549,0.3699182290040299,4.095776384399775,0.05650080933062528,0.9349473522066126,3121.062232135854,330.61557722366615,10.560826571668848,933.6974535295861,69.12772309850274,8625.677662205608,94.30254535202809,2.6903103097839636,483.161262074269,953.0707014910516,365419405.34512657,22.818520440275094,10.295377920065091,0.0191367880344188,68.27745273015383,84.68479736377809,97.76501158229605,0.049883130455269195,1.435631888148585,35.30763841637055,164.1923615836294,21.88612529307426,1.6019929976812068,1.5105099034147684,15.20137180582977,1700.676308430837,2025.5064094047657,47.40629981203868,4.117586583110364,9.517245275977568e-14,50.63279001807308,54.73494268382221,16.353246793960214,0.6459547968074847
0.0,49.10965766503641,2.1518022941691,64.554068825073,520400512.62012815,22.818520945483215,8.29879248376297e-08,8.692735419045997e-12,0.5,1,234.95360973756064,59.827080132848245,194.81977148027005,0.5454252736095817,13.263795320176694,8.149516237839368,5.469919459598761e-07,0.7282879229771474,0.36991821906529304,4.095776265905247,0.056500807220999795,0.9349473534501873,3121.0622287114284,330.61558454094336,10.560825979112023,933.6976013659117,69.12772334854859,8625.677739468856,94.3025494909447,2.6903103541239366,483.16127436486363,953.0736668649199,520400512.62012815,22.818520945483215,10.29537750920321,0.019136788789347377,68.27745093228017,84.68479935143073,97.76501302344242,0.04988313262448748,1.4356319351239057,35.307638135666714,164.19236186433332,21.88612581909883,1.601992941822943,1.5105098697232817,15.201371369354955,1700.6764240976786,2025.5066427580991,47.40629825929209,4.117576836893588,9.517248160024945e-14,50.63278873482176,54.734943712461934,16.35324648830716,0.6459548011054156
0.0,49.60965766503668,2.1518023693788995,64.55407108136698,741112055.1512635,22.81852130023849,5.8273351505322444e-08,8.692736557675964e-12,0.5,1,234.95363177365428,59.8270801112081,194.81977163846793,0.545425274978533,13.263795329217523,8.149516510455099,3.840913445828086e-07,0.728287904928657,0.36991821208634773,4.095776182698925,0.05650080573962827,0.9349473543234196,3121.0622263068326,330.61558967906944,10.560825563022426,933.6977051756495,69.12772352412854,8625.67779372242,94.30255239725467,2.6903103852588695,483.1612829952521,953.0757491365508,741112055.1512635,22.81852130023849,10.295377220699006,0.01913678931944995,68.27744966983305,84.68480074713857,97.76501403539957,0.04988313414768882,1.435631968109461,35.30763793855954,164.19236206144043,21.886126188469856,1.6019929025996305,1.5105098460653368,15.201371062865185,1700.6765053182517,2025.5068066173485,47.40629716896446,4.1175699931625465,9.517249294935014e-14,50.632787833736764,54.73494443476146,16.353246273680938,0.6459548041233756
0.0,50.10965766503681,2.151802422190499,64.55407266571497,1055431560.6889416,22.818521549345515,4.091896865787703e-08,1.4373831672172327e-11,0.5,1,234.9536472472273,59.827080096012686,194.8197717495531,0.5454252759397981,13.263795335565902,8.149516701883234,2.6970447129420584e-07,0.7282878922551137,0.3699182071857735,4.095776124271992,0.05650080469941795,0.934947354936598,3121.062224618349,330.6155932870117,10.560825270847614,933.6977780700336,69.12772364741922,8625.67783181876,94.30255443803722,2.69031040712142,483.1612890554482,953.0772112937057,1055431560.6889416,22.818521549345515,10.295377018113829,0.01913678969168208,68.27744878335676,84.6848017271891,97.76501474598464,0.04988313521726382,1.435631991271551,35.30763780015309,164.1923621998469,21.886126447839242,1.601992875057332,1.5105098294529156,15.20137084765052,1700.676562350721,2025.506921678032,47.406296403345564,4.1175651875488075,9.517243295731122e-14,50.63278720100496,54.73494494195211,16.3532461229728,0.6459548062425535
